Title,Text,,,
CÁC NGÀNH ĐÀO TẠO CỦA ĐẠI HỌC BÁCH KHOA,"các ngành đạo Đại học bao gồm:
7420201: Công nghệ sinh học (A00: Toán, Lý, Hóa; D07: Toán, Hóa, Anh; B00: Toán, Hóa, Sinh)
7420201A: Công nghệ sinh học, chuyên ngành Công nghệ sinh học Y Dược (A00: Toán, Lý, Hóa; D07: Toán, Hóa, Anh; B00: Toán, Hóa, Sinh)
7480106: Kỹ thuật máy tính (A00: Toán, Lý, Hóa; A01: Toán, Lý, Anh)
7480118VM: Chương trình tiên tiến Việt-Mỹ ngành Hệ thống Nhúng và IoT (A01: Toán, Lý, Anh; D07: Toán, Hóa, Anh)
7480201: Công nghệ thông tin (Đặc thù - Hợp tác doanh nghiệp) (A00: Toán, Lý, Hóa; A01: Toán, Lý, Anh)
7480201A: Công nghệ thông tin (ngoại ngữ Nhật) (A00: Toán, Lý, Hóa; A01: Toán, Lý, Anh; D28: Toán, Lý, Nhật)
7480201B: Công nghệ thông tin (Đặc thù - Hợp tác doanh nghiệp), chuyên ngành Khoa học dữ liệu và Trí tuệ nhân tạo (A00: Toán, Lý, Hóa; A01: Toán, Lý, Anh)
7510105: Công nghệ kỹ thuật vật liệu xây dựng (A00: Toán, Lý, Hóa; A01: Toán, Lý, Anh)
7510202: Công nghệ chế tạo máy (A00: Toán, Lý, Hóa; A01: Toán, Lý, Anh)
7510601: Quản lý công nghiệp (A00: Toán, Lý, Hóa; A01: Toán, Lý, Anh)
7510701: Công nghệ dầu khí và khai thác dầu (A00: Toán, Lý, Hóa; D07: Toán, Hóa, Anh)
7520103A: Kỹ thuật Cơ khí, chuyên ngành Cơ khí động lực (A00: Toán, Lý, Hóa; A01: Toán, Lý, Anh)
7520103B: Kỹ thuật Cơ khí, chuyên ngành Cơ khí hàng không (A00: Toán, Lý, Hóa; A01: Toán, Lý, Anh)
7520114: Kỹ thuật Cơ điện tử (A00: Toán, Lý, Hóa; A01: Toán, Lý, Anh)
7520115: Kỹ thuật nhiệt (A00: Toán, Lý, Hóa; A01: Toán, Lý, Anh)
7520118: Kỹ thuật hệ thống công nghiệp (A00: Toán, Lý, Hóa; A01: Toán, Lý, Anh)
7520122: Kỹ thuật Tàu thủy (A00: Toán, Lý, Hóa; A01: Toán, Lý, Anh)
7520130: Kỹ thuật ô tô (A00: Toán, Lý, Hóa; A01: Toán, Lý, Anh)
7520201: Kỹ thuật Điện (A00: Toán, Lý, Hóa; A01: Toán, Lý, Anh)
7520207: Kỹ thuật điện tử - viễn thông (A00: Toán, Lý, Hóa; A01: Toán, Lý, Anh)
7520207A: Kỹ thuật điện tử - viễn thông, chuyên ngành vi điện tử - thiết kế vi mạch (A00: Toán, Lý, Hóa; A01: Toán, Lý, Anh)
7520207VM: Chương trình tiên tiến Việt - Mỹ ngành Kỹ thuật Điện tử viễn thông (A01: Toán, Lý, Anh; D07: Toán, Hóa, Anh)
7520216: Kỹ thuật Điều khiển và Tự động hóa (A00: Toán, Lý, Hóa; A01: Toán, Lý, Anh; D07: Toán, Hóa, Anh)
7520301: Kỹ thuật hóa học (A00: Toán, Lý, Hóa; D07: Toán, Hóa, Anh; B00: Toán, Hóa, Sinh)
7520320: Kỹ thuật môi trường (A00: Toán, Lý, Hóa; D07: Toán, Hóa, Anh; B00: Toán, Hóa, Sinh)
7540101: Công nghệ thực phẩm (A00: Toán, Lý, Hóa; D07: Toán, Hóa, Anh; B00: Toán, Hóa, Sinh; V00: Toán, Lý, Vẽ; V01: Toán, Văn, Vẽ; V02: Toán, Anh, Vẽ)
7580101: Kiến trúc (V00: Toán, Lý, Vẽ; V01: Toán, Văn, Vẽ; V02: Toán, Anh, Vẽ)
7580201: Kỹ thuật xây dựng, chuyên ngành Xây dựng dân dụng và công nghiệp (A00: Toán, Lý, Hóa; A01: Toán, Lý, Anh)
7580201A: Kỹ thuật xây dựng, chuyên ngành Tin học xây dựng (A00: Toán, Lý, Hóa; A01: Toán, Lý, Anh)
7580201B: Kỹ thuật xây dựng, chuyên ngành Kỹ thuật và quản lý xây dựng đô thị thông minh (A00: Toán, Lý, Hóa; A01: Toán, Lý, Anh)
7580201C: Kỹ thuật xây dựng, chuyên ngành Mô hình thông tin và trí tuệ nhân tạo trong xây dựng (A00: Toán, Lý, Hóa; A01: Toán, Lý, Anh)
7580202: Kỹ thuật xây dựng công trình thủy (A00: Toán, Lý, Hóa; A01: Toán, Lý, Anh)
7580205: Kỹ thuật xây dựng công trình giao thông (A00: Toán, Lý, Hóa; A01: Toán, Lý, Anh)
7580210: Kỹ thuật cơ sở hạ tầng (A00: Toán, Lý, Hóa; A01: Toán, Lý, Anh)
7580301: Kinh tế xây dựng (A00: Toán, Lý, Hóa; A01: Toán, Lý, Anh)
7850101: Quản lý tài nguyên và môi trường (A00: Toán, Lý, Hóa; D07: Toán, Hóa, Anh; B00: Toán, Hóa, Sinh)
PFIEV: Chương trình đào tạo kỹ sư chất lượng cao Việt - Pháp (PFIEV) (A00: Toán, Lý, Hóa; A01: Toán, Lý, Anh)",,,
các tổ hợp xét tuyển gồm những môn nào,"A00: Toán, Lý, Hóa
A01: Toán, Lý, Anh
B00: Toán, Hóa, Sinh
D07: Toán, Hóa, Anh
D28: Toán, Lý, Nhật
V00: Toán, Lý, Vẽ
V01: Toán, Văn, Vẽ
V02: Toán, Anh, Vẽ",,,
các ngành đào tạo,"Công nghệ sinh học
Công nghệ sinh học Y Dược
Kỹ thuật máy tính
Hệ thống Nhúng và IoT (Việt-Mỹ)
Công nghệ thông tin (Hợp tác doanh nghiệp)
Công nghệ thông tin (Ngoại ngữ Nhật)
Khoa học dữ liệu và Trí tuệ nhân tạo
Công nghệ kỹ thuật vật liệu xây dựng
Công nghệ chế tạo máy
Quản lý công nghiệp
Công nghệ dầu khí và khai thác dầu
Cơ khí động lực
Cơ khí hàng không
Kỹ thuật Cơ điện tử
Kỹ thuật nhiệt
Kỹ thuật hệ thống công nghiệp
Kỹ thuật Tàu thủy
Kỹ thuật ô tô
Kỹ thuật Điện
Kỹ thuật điện tử - viễn thông
Vi điện tử - thiết kế vi mạch
Kỹ thuật điện tử viễn thông (Việt - Mỹ)
Kỹ thuật Điều khiển và Tự động hóa
Kỹ thuật hóa học
Kỹ thuật môi trường
Công nghệ thực phẩm
Kiến trúc
Xây dựng dân dụng và công nghiệp
Tin học xây dựng
Quản lý xây dựng đô thị thông minh
Mô hình thông tin & trí tuệ nhân tạo trong xây dựng
Kỹ thuật xây dựng công trình thủy
Kỹ thuật xây dựng công trình giao thông
Kỹ thuật cơ sở hạ tầng
Kinh tế xây dựng
Quản lý tài nguyên và môi trường
Kỹ sư chất lượng cao Việt - Pháp (PFIEV)",,,
Mã ngành Công nghệ sinh học,7420201,,,
Mã ngành Công nghệ sinh học Y Dược,7420201A  ,,,
Mã ngành Kỹ thuật máy tính,7480106,,,
Mã ngành Hệ thống Nhúng và IoT (Việt-Mỹ),7480118VM  ,,,
Mã ngành Công nghệ thông tin (Hợp tác doanh nghiệp),7480201,,,
Mã ngành Công nghệ thông tin (Ngoại ngữ Nhật),7480201A  ,,,
Mã ngành Khoa học dữ liệu và Trí tuệ nhân tạo,7480201B  ,,,
Mã ngành Công nghệ kỹ thuật vật liệu xây dựng,7510105,,,
Mã ngành Công nghệ chế tạo máy,7510202,,,
Mã ngành Quản lý công nghiệp,7510601,,,
Mã ngành Công nghệ dầu khí và khai thác dầu,7510701,,,
Mã ngành Cơ khí động lực,7520103A  ,,,
Mã ngành Cơ khí hàng không,7520103B  ,,,
Mã ngành Kỹ thuật Cơ điện tử,7520114,,,
Mã ngành Kỹ thuật nhiệt,7520115,,,
Mã ngành Kỹ thuật hệ thống công nghiệp,7520118,,,
Mã ngành Kỹ thuật Tàu thủy,7520122,,,
Mã ngành Kỹ thuật ô tô,7520130,,,
Mã ngành Kỹ thuật Điện,7520201,,,
Mã ngành Kỹ thuật điện tử - viễn thông,7520207,,,
Mã ngành Vi điện tử - thiết kế vi mạch,7520207A  ,,,
Mã ngành Kỹ thuật điện tử viễn thông (Việt - Mỹ),7520207VM  ,,,
Mã ngành Kỹ thuật Điều khiển và Tự động hóa,7520216,,,
Mã ngành Kỹ thuật hóa học,7520301,,,
Mã ngành Kỹ thuật môi trường,7520320,,,
Mã ngành Công nghệ thực phẩm,7540101,,,
Mã ngành Kiến trúc,7580101,,,
Mã ngành Xây dựng dân dụng và công nghiệp,7580201,,,
Mã ngành Tin học xây dựng,7580201A  ,,,
Mã ngành Quản lý xây dựng đô thị thông minh,7580201B  ,,,
Mã ngành Mô hình thông tin & trí tuệ nhân tạo trong xây dựng,7580201C  ,,,
Mã ngành Kỹ thuật xây dựng công trình thủy,7580202,,,
Mã ngành Kỹ thuật xây dựng công trình giao thông,7580205,,,
Mã ngành Kỹ thuật cơ sở hạ tầng,7580210,,,
Mã ngành Kinh tế xây dựng,7580301,,,
Mã ngành Quản lý tài nguyên và môi trường,7850101,,,
Mã ngành Kỹ sư chất lượng cao Việt - Pháp (PFIEV),PFIEV  ,,,
Đăng ký nhận tư vấn:,"Để được tư vấn chi tiết hơn, thí sinh liên hệ tại đây: https://www.facebook.com/DUTpage/",,,
THÔNG TIN LIÊN HỆ,"Đại học Bách Khoa - Đà Nẵng

Trung tâm Tuyển sinh, Trường Đại học Bách Khoa
54 Nguyễn Lương Bằng, Hòa Khánh Bắc, Liên Chiểu, TP. Đà Nẵng
Điện thoại: 088 847 73 77
Website: https://dut.udn.vn/
Email: tuyensinhbkdn@dut.udn.vn

THÔNG TIN LIÊN HỆ
Đại học Bách Khoa - Đà Nẵng

Trung tâm Tuyển sinh, Trường Đại học Bách Khoa
54 Nguyễn Lương Bằng, Hòa Khánh Bắc, Liên Chiểu, TP. Đà Nẵng
Điện thoại: 088 847 73 77
Website: https://dut.udn.vn/
Email: tuyensinhbkdn@dut.udn.vn",,,
"Đối tượng được tuyển thẳng, ưu tiên xét tuyển và cách xét tuyển ","Đối với phương thức xét tuyển thẳng, sẽ được thực hiện dựa trên các quy chế tuyển sinh đại học hệ chính quy và tuyển sinh cao đẳng nhóm ngành đào tạo giáo viên hệ chính quy của Bộ GD&ĐT. 
Nhà trường xét tuyển thẳng đối với các đối tượng sau:

a) Anh hùng lao động, Anh hùng lực lượng vũ trang nhân dân, Chiến sĩ thi đua toàn quốc.

b) Thí sinh đạt giải nhất, nhì, ba trong kỳ thi chọn học sinh giỏi quốc gia, quốc tế các môn Toán, Vật lý, Hóa học, Sinh học, Tin học do Bộ GDĐT tổ chức, cử tham gia. Thời gian đạt giải không quá 3 năm tính đến thời điểm xét tuyển.

c) Thí sinh đạt giải nhất, nhì, ba trong kỳ thi khoa học, kỹ thuật cấp quốc gia, quốc tế do Bộ GDĐT tổ chức, cử tham gia. Thời gian đạt giải không quá 3 năm tính đến thời điểm xét tuyển.

Nguyên tắc xét tuyển
Thí sinh sẽ được xét tuyển vào ngành đúng trước, sau đó xét tuyển vào ngành gần. Có thể đăng ký tuyển thẳng vào nhiều ngành khác nhau, theo thứ tự ưu tiên. Việc xét tuyển thực hiện theo nguyên tắc từ cao xuống thấp cho đến khi đủ chỉ tiêu. Thứ tự ưu tiên sẽ dựa trên nguyện vọng từ 1 đến hết. Nếu thí sinh đã trúng tuyển nguyện vọng 1, sẽ không được xét tuyển các nguyện vọng tiếp theo.",,,
TUYỂN SINH - SAU ĐẠI HỌC ,"I. Ngành đào tạo Tiến sĩ (15 ngành)
Công nghệ sinh học, Khoa học máy tính
Kỹ thuật: Cơ khí, Nhiệt, Cơ khí động lực, Điện, Điện tử, Viễn thông, Điều khiển & Tự động hóa
Công nghệ thực phẩm
Kỹ thuật xây dựng: Công trình thủy, Công trình giao thông
Kỹ thuật tài nguyên nước, Kỹ thuật môi trường
II. Ngành đào tạo Thạc sĩ (17 ngành)
Tương tự các ngành Tiến sĩ, bổ sung thêm:
Kỹ thuật hóa học
Kiến trúc
Kỹ thuật xây dựng (chuyên ngành Xây dựng công trình DD&CN)
Quản lý xây dựng
Danh mục trên bao gồm các ngành thuộc lĩnh vực kỹ thuật, công nghệ, và quản lý trong đào tạo sau đại học.",,,
Chi tiết tuyển sinh sau đại học,"Thời gian tuyển sinh:

Dự kiến 2 đợt (tháng 3 & 8/2023), có thể bổ sung nhưng tối đa 4 đợt/năm.
Hồ sơ xét tuyển:

Đơn đăng ký, bằng & bảng điểm đại học (bản sao hợp lệ).
Sơ yếu lý lịch (trong 3 tháng), giấy khám sức khỏe (trong 6 tháng).
Chứng minh năng lực ngoại ngữ, minh chứng ưu tiên (nếu có).
Giấy tờ bổ sung khác (nếu có) và minh chứng nộp lệ phí xét tuyển.
Hình thức đăng ký:

Xem thông báo tuyển sinh tại: https://dut.udn.vn/TuyenSinhSDH.
Đăng ký trực tuyến trên trang tuyển sinh của Trường Đại học Bách khoa.
Thông tin khác:

Đào tạo chỉ tổ chức nếu có ít nhất 7 thí sinh trúng tuyển/ngành.
Nếu dưới 7 thí sinh, hội đồng xét tuyển quyết định việc mở lớp.
Thí sinh trúng tuyển ngành không tổ chức đào tạo có thể chuyển sang ngành liên quan nếu đáp ứng điều kiện.",,,
Thời gian đạo tạo sau đại học,"Thời gian đào tạo:

2 năm đối với hình thức đào tạo chính quy.
2,5 năm đối với hình thức đào tạo vừa làm vừa học.
Chuyển đổi tín chỉ:

Người học được công nhận và chuyển đổi tín chỉ có thể rút ngắn thời gian đào tạo đến 1 năm.",,,
Đăng ký học thạc sĩ chính quy,Liên hệ Phòng công tác sinh viên,,,
Tra cứu điểm thi TN THPT,Link tra cứu: https://dut.udn.vn/Tuyensinh2024,,,
ĐỊNH HƯỚNG NGHỀ NGHIỆP,"CÁC PHƯƠNG PHÁP
Bằng các trắc nghiệm về tính cách, sở thích, bạn có thể định hướng được những nghề nghiệp phù hợp với tương lai. 
Có hai phương pháp phố biến:
- Phương pháp Holland 
- Phương pháp CIC
",,,
Lý do bạn nên chọn Đại học Bách Khoa,"Lý do nên theo học tại Trường Đại học Bách Khoa - Đại học Đà Nẵng
1. Danh tiếng và chất lượng đào tạo
Là một trong những trường đại học kỹ thuật hàng đầu tại Việt Nam, thuộc hệ thống Đại học Đà Nẵng.
Được kiểm định chất lượng bởi các tổ chức quốc tế như AUN-QA, ABET (chuẩn kiểm định chất lượng giáo dục khu vực và quốc tế).
2. Chương trình đào tạo tiên tiến
Đào tạo đa ngành với các lĩnh vực kỹ thuật, công nghệ, khoa học máy tính, xây dựng, cơ khí, điện - điện tử,...
Nhiều chương trình liên kết quốc tế với các trường đại học danh tiếng trên thế giới.
Đổi mới giáo trình theo hướng ứng dụng thực tiễn và nghiên cứu chuyên sâu.
3. Cơ hội việc làm rộng mở
Tỷ lệ sinh viên tốt nghiệp có việc làm cao, được các doanh nghiệp lớn trong và ngoài nước đánh giá cao.
Hợp tác với nhiều công ty, tập đoàn lớn như FPT, Samsung, Bosch, Intel, Microsoft,... giúp sinh viên có nhiều cơ hội thực tập và làm việc.
4. Cơ sở vật chất hiện đại
Trang bị phòng thí nghiệm, xưởng thực hành tiên tiến, thư viện hiện đại phục vụ nhu cầu học tập và nghiên cứu.
Khuôn viên rộng rãi, ký túc xá tiện nghi, phục vụ tốt cho sinh viên.
5. Hoạt động sinh viên phong phú
Đa dạng các câu lạc bộ học thuật, kỹ năng mềm, thể thao và văn hóa.
Nhiều chương trình, cuộc thi sáng tạo và nghiên cứu khoa học dành cho sinh viên.
6. Vị trí địa lý thuận lợi
Nằm ở thành phố Đà Nẵng – một trong những thành phố đáng sống nhất Việt Nam với môi trường thân thiện, khí hậu dễ chịu và nhiều cơ hội phát triển.",,,
Trí tuệ nhân tạo,"Nói “Trí tuệ nhân tạo - Ngành xương sống của công nghệ 4.0” là điều vô cùng đúng đắn bởi AI đang dần tạo ra làn sóng chạy đua tốc độ giữa các tập đoàn công nghệ lớn nhất hành tinh và trở thành công cụ phục vụ đắc lực cho cuộc sống con người, sự phát triển kinh tế, xã hội tại mỗi quốc gia. Cùng tìm hiểu bài viết sau đây để trả lời cho câu hỏi này các bạn nhé!",,,
Hiểu khái quát Trí tuệ nhân tạo là gì?,"Hiểu khái quát Trí tuệ nhân tạo là gì?
Trí tuệ nhân tạo AI (Artificial Intelligence) thuộc lĩnh vực khoa học công nghệ máy tính, hoạt động và vận hành dựa trên nhận thức của con người, cơ chế mô phỏng suy nghĩ, đưa vào bộ não của các thiết bị, hệ thống. Qua đó, hệ thống sẽ thay thế con người xử lý công việc.

Trí tuệ nhân tạo với nhiều hệ thống thông minh có khả năng học hỏi, tư duy, suy luận vấn đề, hình ảnh và ngôn ngữ tự nhiên, được sử dụng để tăng cường hiệu quả sản xuất và giảm thiểu chi phí kinh doanh, tối ưu hóa quá trình vận hành, tăng cường sức mạnh hệ thống tự động hóa. Trí tuệ nhân tạo góp phần thúc đẩy sự phát triển trên nhiều lĩnh vực đời sống: giáo dục, tài chính, kinh tế, y tế…

Theo nghiên cứu của các nhà khoa học, trong thời gian tới, Trí tuệ nhân tạo sẽ dần hoàn thiện về mọi mặt và khả năng sẽ thay thế hoàn toàn người lao động ở đa dạng mọi lĩnh vực từ sản xuất dây chuyền, hóa chất, dịch vụ, công nghiệp nặng… Sự tiện nghi sẽ đi đôi với thách thức con người, và đây sẽ là một thách thức lớn, sự cạnh tranh mạnh mẽ của con người để giữ vị trí quan trọng trong ngành.",,,
Cơ hội vàng phát triển sự nghiệp trong lĩnh vực Trí tuệ nhân tạo,"Ngành trí tuệ nhân tạo rất nở rộ ở các nước trên thế giới như Mỹ, châu Âu, Nhật Bản, Hàn Quốc… Các công ty hàng đầu như Google, Amazon, Facebook…. đầu tư rất nhiều kinh phí để phát triển lĩnh vực Ai trong các sản phẩm đưa ra thị trường. Theo thống kê, chi phí đầu tư cho các startup AI tăng cấp số nhân qua từng năm. Điều này cho thấy trên thế giới đã rất quan tâm đến AI và đương nhiên Việt Nam đang trong guồng quay ấy. Các tập đoàn tại Việt Nam như Viettel, FPT, Vingroup, CMC… đang chú trọng và đầu tư xây dựng trung tâm AI, và tập trung mạnh mẽ nguồn lực phát triển trong lĩnh vực này.
Theo chiến lược quốc gia về nghiên cứu, phát triển và ứng dụng AI, với mục tiêu đưa đưa Trí tuệ nhân tạo trở thành công nghệ mũi nhọn, từng bước đưa Việt Nam trở thành điểm sáng về Trí tuệ nhân tạo trong khu vực và thế giới. Tuy nhiên, khó khăn về mặt nhân lực đã tạo nên rào cản khá lớn. Để thực hiện được mục tiêu cung cấp cho xã hội đội ngũ kỹ sư vững tay nghề, giỏi chuyên môn, giải pháp quan trọng thông qua các trường đại học xây dựng lộ trình đào tạo gắn chặt với nhu cầu thực tiễn.

Về thu nhập, AI là ngành học của tương lai và là cốt lõi của công nghệ 4.0, do vậy nhìn chung mức lương cho sinh viên mới ra trường khá ổn định và nhiều hấp dẫn. Theo báo cáo thị trường nhân lực ngành công nghệ thông tin tập đoàn nhân sự Navigos, mức lương trung bình của nhóm kỹ sư phát triển phần mềm liên quan AI là 1.844 USD/tháng. Nhân sự trong ngành còn nhận nhiều chế độ đãi ngộ hấp dẫn. Trong khi đó, TOPDEV khảo sát trên khoảng 340.000 nhân viên IT tại Việt Nam, mức lương cao cho vị trí kỹ sư Trí tuệ nhân tạo đã cán mốc 22.000 USD/năm, dẫn đầu tất cả ngành học về công nghệ thông tin, Khoa học máy tính dù chỉ dừng ở giai đoạn sơ khai.",,,
Làm gì sau khi tốt nghiệp ngành Trí tuệ nhân tạo?,"Cơ hội việc làm của ngành đầy triển vọng và vô cùng rộng lớn. Mức thu nhập của lập trình viên, kỹ sư luôn ở hàng TOP. Ngay khi tốt nghiệp, bạn có thể đảm nhận nhiều vị trí sau:

Làm việc trong các công ty công nghệ, tài chính, y tế, logistics, giáo dục, nghiên cứu… Kỹ sư bảo trì tiên lượng trong các nhà máy, nhận dạng, xử lý ngôn ngữ tự nhiên với AI, xe tự hành, Robot thông minh với AI, thị giác máy để giám sát trong công nghiệp, nông nghiệp công nghệ cao và TP thông minh

Kỹ sư phần mềm tham gia vào quá trình thiết kế, phát triển tổng thể các chương trình hoặc hệ thống kỹ thuật số, chịu trách nhiệm phát triển chức năng kỹ thuật của các sản phẩm sử dụng máy tính để thực hiện nhiều nhiệm vụ

Nghiên cứu và giảng dạy về AI tiếp tục nghiên cứu và giảng dạy chuyên sâu về ngành học này. ",,,
Làm sao để biết có phù hợp với ngành Trí tuệ nhân tạo?,"Nếu bạn muốn theo đuổi sự nghiệp trong ngành trí tuệ nhân tạo, tìm hiểu xem liệu bạn có phù hợp với ngành AI không nhé.

Bạn phải thật sự yêu thích sự sáng tạo, bởi việc kích thích trí tò mò với mọi thứ xung quanh cuộc sống, luôn đặt nhiều câu hỏi để hiểu sâu hơn về các vấn đề trừu trường, bên cạnh đó bạn có thế mạnh trong việc diễn giải vấn đề, có cách tiếp cận nhanh để đưa ra giải pháp ngay tức thì.

Việc hiểu sâu nguồn dữ liệu sẽ giúp bạn tìm ra câu trả lời đúng và chính xác, tuy nhiên việc đặt câu hỏi đúng cũng quan trọng không kém bởi  từ nguồn dữ liệu thu nhận được, bạn sẽ cần phải đi sâu để ý trọn vẹn ý nghĩa thực sự của chúng và tìm ra những câu hỏi xác thực cho quá trình bản thân nghiên cứu trong tương lai.

Sự kiên trì và nỗ lực là yếu tố cần thiết cho bất kể ngành nghề nào, đặc biệt là với ngành Trí tuệ nhân tạo. Đây là một lĩnh vực mới mẻ, nhiều thử thách và đầy tiềm năng. Bạn sẽ mất nhiều tháng, thậm chí là nhiều năm và vô số quá trình lặp lại để đạt được kết quả mong muốn. Vì thế mà các chuyên gia trong lĩnh vực này luôn đòi hỏi sự kiên trì và nỗ lực mỗi ngày.

Sự phát triển vượt bậc của công nghệ, đặc biệt là lĩnh vực Á thì khả năng học hỏi, liên tục cập nhật những kiến thức mới là yếu tố quan trọng giúp bạn chinh phục được lĩnh vực này. Ngay cả những nhà khoa học, các kỹ sư có thâm niên trong nghề cũng không ngừng nâng cao chuyên môn, rèn luyện kỹ năng để bắt kịp công nghệ mới.",,,
Học ngành Trí tuệ nhân tạo tại Đại học Bách Khoa,"Câu trả lời là CÓ, đặc biệt nếu bạn đam mê công nghệ, khoa học dữ liệu và muốn theo đuổi ngành Trí tuệ Nhân tạo (AI). Dưới đây là những lý do:

1. Chương trình đào tạo chuyên sâu, cập nhật xu hướng AI
Trường Đại học Bách Khoa - ĐH Đà Nẵng có ngành Khoa học Dữ liệu và Trí tuệ Nhân tạo (AI & Data Science), được thiết kế theo chuẩn quốc tế, tập trung vào Machine Learning, Deep Learning, Xử lý ngôn ngữ tự nhiên (NLP), Xử lý ảnh (Computer Vision), Big Data,...
Được học các môn nền tảng như Toán ứng dụng, Khoa học dữ liệu, Mạng nơ-ron nhân tạo cùng các công nghệ hiện đại như TensorFlow, PyTorch, Scikit-learn.
Cập nhật các xu hướng mới như AI ứng dụng trong Robotics, IoT, và Tự động hóa.
2. Đội ngũ giảng viên chất lượng, nghiên cứu mạnh về AI
Giảng viên có trình độ cao, nhiều người được đào tạo tại các trường đại học danh tiếng trên thế giới.
Các nhóm nghiên cứu về AI, Big Data, Computer Vision, NLP hoạt động mạnh mẽ, tham gia nhiều dự án trong nước và quốc tế.
3. Cơ hội thực tập và việc làm rộng mở
Hợp tác với nhiều công ty công nghệ lớn như FPT, Samsung, Bosch, Viettel, VinAI, Google AI,... giúp sinh viên có cơ hội thực tập và làm việc ngay khi ra trường.
Nhu cầu nhân lực AI đang rất lớn, mức lương khởi điểm cao, nhiều cơ hội làm việc cả trong và ngoài nước.
4. Môi trường năng động, nhiều cuộc thi AI & nghiên cứu khoa học
Sinh viên có cơ hội tham gia các cuộc thi như AI Hackathon, Kaggle Competition, Cuộc thi Robotics & AI,…
Được hỗ trợ nghiên cứu khoa học, làm dự án thực tế ngay từ năm 2, năm 3.
",,,
Học công nghệ thông tin có dễ thất nghiệp hay không?,"KHÔNG DỄ THẤT NGHIỆP, nhưng có thể bị đào thải nếu không chịu học hỏi và nâng cao kỹ năng.

1. Vì sao học CNTT ít thất nghiệp?
Nhu cầu tuyển dụng rất cao: Công nghệ thông tin (CNTT) là một trong những ngành có nhu cầu nhân lực lớn nhất hiện nay, từ lập trình viên, chuyên gia dữ liệu đến bảo mật thông tin.
Thu nhập hấp dẫn: Lương khởi điểm của sinh viên CNTT thường cao hơn nhiều ngành khác. Ở Việt Nam, lập trình viên có thể nhận mức lương từ 10-30 triệu/tháng ngay khi ra trường.
Đa dạng cơ hội việc làm: Không chỉ làm cho công ty phần mềm, bạn còn có thể làm ở ngân hàng, tập đoàn thương mại điện tử, startup công nghệ, hoặc tự làm freelancer.
Có thể làm việc từ xa: Nếu bạn có kỹ năng tốt, có thể làm việc online cho các công ty nước ngoài với mức thu nhập cao.

2. Khi nào học CNTT dễ thất nghiệp?
Thiếu kỹ năng thực tế: Nếu chỉ học lý thuyết mà không biết làm dự án thực tế, bạn sẽ khó cạnh tranh.
Không cập nhật công nghệ: CNTT thay đổi nhanh, nếu không học hỏi liên tục, bạn sẽ bị đào thải.
Không có kỹ năng mềm: CNTT không chỉ cần kỹ thuật mà còn cần kỹ năng giao tiếp, làm việc nhóm, tư duy logic tốt.
Chọn sai hướng đi: Nếu chỉ học chung chung mà không có chuyên môn rõ ràng (AI, Web, Mobile, Security...), bạn sẽ khó tìm việc.

3. Làm thế nào để không thất nghiệp khi học CNTT?
Học thêm kỹ năng thực hành: Làm các dự án cá nhân, tham gia hackathon, thi coding challenge.
Cập nhật công nghệ mới: Học về AI, Blockchain, Cybersecurity, Cloud, DevOps,...
Học thêm tiếng Anh: Nếu giỏi tiếng Anh, bạn có thể kiếm việc dễ dàng và lương cao hơn.
Thực tập sớm: Tìm cơ hội thực tập từ năm 2 hoặc 3 để có kinh nghiệm thực tế.
Mở rộng mối quan hệ: Tham gia các cộng đồng lập trình viên, kết nối với những người giỏi.

",,,
Đôi điều về ngành công nghệ sinh học ,"Ngành Công nghệ Sinh học tại Trường Đại học Bách khoa - Đại học Đà Nẵng (DUT) là một lựa chọn hấp dẫn cho những ai đam mê nghiên cứu và ứng dụng khoa học sự sống. Dưới đây là một số thông tin cơ bản về ngành học này:

1. Giới thiệu chung:

Mã ngành: 7420201
Chuyên ngành: Công nghệ Sinh học Y Dược
Chương trình đào tạo: Tích hợp Cử nhân - Kỹ sư, kéo dài từ 4 đến 5 năm. 
2. Mục tiêu đào tạo: Chương trình nhằm trang bị cho sinh viên kiến thức và kỹ năng về:

Áp dụng toán học, sinh học và khoa học tự nhiên để phân tích và giải quyết các vấn đề kỹ thuật trong lĩnh vực công nghệ sinh học.
Thiết kế và phát triển sản phẩm, quy trình và hệ thống liên quan đến công nghệ sinh học y dược. 
3. Cơ hội nghề nghiệp: Sau khi tốt nghiệp, sinh viên có thể đảm nhận các vị trí như:

Chuyên viên nghiên cứu và phát triển tại các viện nghiên cứu, trung tâm y tế và công ty dược phẩm.
Kỹ sư quy trình trong các nhà máy sản xuất thực phẩm, dược phẩm và chế phẩm sinh học.
Chuyên gia tư vấn về công nghệ sinh học và y dược.
4. Phương thức tuyển sinh: Trường áp dụng các phương thức tuyển sinh đa dạng, bao gồm:

Xét tuyển dựa trên kết quả kỳ thi tốt nghiệp THPT.
Xét tuyển theo học bạ THPT.
Xét tuyển dựa trên kết quả kỳ thi đánh giá năng lực do Đại học Quốc gia TP.HCM tổ chức. 

5. Điểm chuẩn tham khảo: Điểm chuẩn ngành Công nghệ Sinh học tại DUT có thể thay đổi theo từng năm. Năm 2024, điểm chuẩn cho ngành này là 23.1 đối với tổ hợp A00, D07 và B00. 

6. Thông tin liên hệ:

Website tuyển sinh: https://dut.udn.vn/Tuyensinh2024/Gioithieu/id/8920
Email: tuyensinhbkdn@dut.udn.vn
Fanpage: https://www.facebook.com/DUTpage
Zalo: https://zalo.me/dhbkdn2022
Với chương trình đào tạo chất lượng và cơ hội nghề nghiệp rộng mở, ngành Công nghệ Sinh học tại Đại học Bách khoa - Đại học Đà Nẵng là một lựa chọn đáng cân nhắc cho những ai quan tâm đến lĩnh vực này.",,,
Đôi điều về ngành Kỹ thuật máy tính đại học bách khoa đà nẵng,"Ngành Kỹ thuật Máy tính tại Đại học Bách khoa - Đại học Đà Nẵng
1. Ngành Kỹ thuật Máy tính là gì?
Kỹ thuật Máy tính (Computer Engineering) là ngành kết hợp giữa Công nghệ Thông tin (CNTT) và Kỹ thuật Điện - Điện tử, tập trung vào thiết kế, phát triển phần cứng, phần mềm nhúng, vi xử lý và các hệ thống máy tính.

2. Chương trình đào tạo tại Đại học Bách khoa - ĐH Đà Nẵng
Tại Trường Đại học Bách khoa - ĐH Đà Nẵng, ngành Kỹ thuật Máy tính thuộc khoa Điện tử - Viễn thông, với các kiến thức chuyên sâu về:
Vi mạch, vi xử lý, hệ thống nhúng (FPGA, Raspberry Pi, Arduino)
Thiết kế phần cứng và hệ thống số
Lập trình nhúng, điều khiển tự động
Mạng máy tính và bảo mật thông tin
AI & IoT (Trí tuệ nhân tạo và Internet of Things)

Sinh viên có cơ hội thực hành tại các phòng thí nghiệm hiện đại và tham gia vào các dự án nghiên cứu.

3. Cơ hội việc làm sau khi ra trường
Sinh viên tốt nghiệp ngành Kỹ thuật Máy tính có thể làm việc trong các lĩnh vực:
Thiết kế phần cứng và hệ thống nhúng (cho thiết bị IoT, robot, xe tự hành)
Lập trình nhúng và phát triển firmware
Mạng máy tính, an toàn thông tin
Trí tuệ nhân tạo, xử lý ảnh, học máy
Điện tử viễn thông, điều khiển tự động hóa

Các công ty lớn như Samsung, Intel, Bosch, Viettel, FPT, và các tập đoàn công nghệ đang rất cần nhân lực ngành này.

4. Có nên học Kỹ thuật Máy tính tại ĐH Bách khoa - Đà Nẵng không?
Ưu điểm:
Chương trình đào tạo bài bản, thực hành nhiều
Cơ sở vật chất hiện đại, có nhiều phòng thí nghiệm
Cơ hội việc làm cao, liên kết với nhiều doanh nghiệp
Môi trường học tập năng động, có nhiều câu lạc bộ kỹ thuật

Thách thức:
Cần có tư duy logic tốt, học cả phần cứng và phần mềm
Chương trình học khá nặng, đòi hỏi sự kiên trì
Cần học thêm kỹ năng thực tế như AI, IoT, Cloud để tăng cơ hội nghề nghiệp",,,
Đôi điều về ngành Kỹ thuật máy tính đại học bách khoa đà nẵng,"Chuyên ngành Luật Kinh tế rộng và sâu
Ngành Luật Kinh tế rất sâu rộng. Khi theo học ngành này, sinh viên có cơ hội theo học một chương trình cực kỳ đa dạng và chuyên sâu về các quy tắc, thể chế liên quan đến việc tạo ra và quản lý trật tự kinh tế trong kinh doanh và thương mại. Qua đó, các bạn có thể vận dụng chúng vào hoạt động nghề nghiệp, bảo vệ quyền lợi và lợi ích hợp pháp của khách hàng, tư vấn các vấn đề pháp lý hay tiến hành nhiều hoạt động pháp lý cho doanh nghiệp

Phát triển kỹ năng mềm
Sinh viên ngành Luật kinh tế không chỉ dừng ở việc vững kiến thức chuyên môn, các bạn còn biết cách kết hợp nhiều hoạt động học tập để trau dồi kỹ năng mềm, trong đó quan trọng là kỹ năng giao tiếp, kỹ năng đàm phán, kỹ năng thương thảo, kỹ năng tư duy, kỹ năng giải quyết vấn đề, và kỹ năng ngoại ngữ là một điều vô cùng cần thiết cho hành trình phát triển nghề nghiệp của các bạn sau này.

Ngành học theo xu hướng
Một cá nhân muốn thực hiện và phát triển hoạt động kinh doanh thì điều cốt lõi là học phải cực kỳ hiểu về pháp luật, về quy định vận hành và quy tắc quản trị. Và việc một doanh nghiệp, tập đoàn muốn tồn tại lành mạnh trong môi trường pháp lý kinh doanh cũng cần hiểu rõ về pháp liên quan. Do vậy, cơ hội nghề nghiệp đối với cử nhân Luật Kinh tế là vô cùng lớn và đầy triển vọng.

Việc các hoạt động giao thương ngày càng nở rộng không chỉ trong mà còn ngoài nước, đòi hỏi hệ thống hành lang pháp lý và vấn đề liên quan đến chính sách kinh doanh phải được đảm bào một cách hợp pháp và chặt chẽ. Bất kỳ một doanh nghiệp nào đi lệch với quỹ đạo cũng sẽ có nguy cơ bị sa thải. Chính vì điều này mà bằng cử nhân của sinh viên ngành Luật Kinh tế ngày càng có giá trị, là hành trang để bạn trở thành một phần thiết yếu trong bộ máy của hầu hết công ty, doanh nghiệp.",,,
Đôi điều về ngành công nghệ thông tin đại học bách khoa đà nẵng,"Ngành Công Nghệ Thông Tin - Đại học Bách Khoa Đà Nẵng
Trường Đại học Bách Khoa - Đại học Đà Nẵng là một trong những trường kỹ thuật hàng đầu khu vực miền Trung và cả nước. Ngành Công nghệ thông tin tại trường được đánh giá cao về chất lượng đào tạo, cơ hội việc làm và môi trường học tập hiện đại.

1. Giới thiệu về ngành Công Nghệ Thông Tin tại Đại học Bách Khoa Đà Nẵng
Chương trình đào tạo được thiết kế theo chuẩn quốc tế, kết hợp giữa lý thuyết và thực hành.
Đội ngũ giảng viên có nhiều kinh nghiệm, nhiều người đã học tập và nghiên cứu ở nước ngoài.
Cơ sở vật chất hiện đại, bao gồm phòng thí nghiệm, trung tâm nghiên cứu và môi trường học tập đáp ứng tốt cho sinh viên.
Quan hệ hợp tác với nhiều doanh nghiệp công nghệ lớn như FPT, Axon Active, Sun*, KMS, giúp sinh viên có nhiều cơ hội thực tập và việc làm.
Sinh viên có thể lựa chọn các hướng chuyên sâu như trí tuệ nhân tạo, an toàn thông tin, phát triển phần mềm, khoa học dữ liệu.
2. Các chuyên ngành đào tạo
Khoa học máy tính: Tập trung vào trí tuệ nhân tạo, học máy, dữ liệu lớn.
Kỹ thuật phần mềm: Thiết kế, phát triển và bảo trì phần mềm.
Hệ thống thông tin: Quản lý cơ sở dữ liệu, phân tích hệ thống.
Mạng máy tính và an toàn thông tin: Bảo mật hệ thống, phát triển và quản lý mạng.
3. Cơ hội việc làm sau khi tốt nghiệp
Sinh viên ngành công nghệ thông tin tại Đại học Bách Khoa Đà Nẵng có thể làm việc ở nhiều vị trí khác nhau, bao gồm:

Lập trình viên phần mềm, phát triển ứng dụng web và di động.
Kỹ sư dữ liệu, chuyên gia phân tích dữ liệu.
Chuyên gia an ninh mạng, kiểm thử bảo mật hệ thống.
Quản trị hệ thống và mạng trong doanh nghiệp.
Chuyên gia phân tích nghiệp vụ công nghệ thông tin.
Tỷ lệ có việc làm sau khi tốt nghiệp ngành công nghệ thông tin tại Đại học Bách Khoa Đà Nẵng rất cao, nhiều sinh viên có việc ngay từ năm ba hoặc năm tư.

4. Điểm chuẩn và phương thức tuyển sinh
Điểm chuẩn ngành công nghệ thông tin tại Đại học Bách Khoa Đà Nẵng thường dao động từ 24 đến 27 điểm tùy từng năm.
Các phương thức xét tuyển bao gồm xét tuyển theo điểm thi tốt nghiệp THPT, xét tuyển học bạ, và xét tuyển theo kết quả kỳ thi đánh giá năng lực.
5. Có nên học công nghệ thông tin tại Đại học Bách Khoa Đà Nẵng không?
Nên học nếu:

Có đam mê với lập trình và công nghệ.
Muốn học trong môi trường kỹ thuật hàng đầu miền Trung.
Mong muốn có cơ hội việc làm tốt ngay sau khi ra trường.
Cần cân nhắc nếu:

Không yêu thích toán học và thuật toán.
Không muốn học chuyên sâu về kỹ thuật.",,,
Đôi điều về ngành xây dựng đại học bách khoa đà nẵng,"Ngành Xây Dựng - Đại Học Bách Khoa Đà Nẵng
Trường Đại học Bách Khoa - Đại học Đà Nẵng là một trong những trường đào tạo kỹ thuật hàng đầu tại Việt Nam, đặc biệt mạnh về các ngành kỹ thuật như Xây dựng. Ngành Xây dựng tại trường được đánh giá cao nhờ chương trình đào tạo bài bản, cơ sở vật chất hiện đại và mối liên kết chặt chẽ với các doanh nghiệp trong lĩnh vực xây dựng.

1. Tổng Quan Về Ngành Xây Dựng
Ngành Xây dựng tại Đại học Bách Khoa Đà Nẵng đào tạo kỹ sư có khả năng thiết kế, thi công, giám sát và quản lý các công trình dân dụng, công nghiệp, giao thông, thủy lợi... Sinh viên được trang bị kiến thức chuyên sâu về:

Kết cấu công trình (bê tông, thép, gỗ...)
Thi công xây dựng và vật liệu xây dựng
Quản lý dự án và kinh tế xây dựng
Ứng dụng công nghệ mới trong xây dựng (BIM, AI trong xây dựng, vật liệu thông minh)
2. Các Chuyên Ngành Đào Tạo
Ngành Xây dựng tại Đại học Bách Khoa Đà Nẵng có nhiều chuyên ngành khác nhau:

Kỹ thuật Xây dựng (Xây dựng dân dụng và công nghiệp)

Tập trung vào thiết kế, thi công và giám sát công trình dân dụng và công nghiệp như nhà cao tầng, cầu đường, nhà máy...
Kỹ thuật Xây dựng Công trình Giao thông

Chuyên sâu về thiết kế và thi công cầu đường, sân bay, hầm, hệ thống giao thông đô thị.
Kỹ thuật Xây dựng Công trình Thủy

Nghiên cứu về thủy điện, cảng biển, đập thủy lợi, công trình bảo vệ bờ biển.
Kinh tế và Quản lý Xây dựng

Kết hợp giữa kỹ thuật và kinh tế, tập trung vào lập dự toán, quản lý dự án, kiểm soát chi phí.
3. Chương Trình Đào Tạo Và Môi Trường Học Tập
Chương trình đào tạo bài bản, được cập nhật theo xu hướng ngành và chuẩn quốc tế.
Thực hành thực tế tại công trường thông qua các đồ án, thực tập.
Cơ sở vật chất hiện đại gồm phòng thí nghiệm vật liệu, mô phỏng kết cấu, phần mềm hỗ trợ thiết kế (AutoCAD, Revit, SAP2000...).
Đội ngũ giảng viên có chuyên môn cao, nhiều người có kinh nghiệm thực tế và hợp tác với doanh nghiệp.
Hợp tác với doanh nghiệp lớn như Coteccons, Hòa Bình, VinGroup, SunGroup giúp sinh viên có cơ hội thực tập và việc làm sớm.
4. Cơ Hội Việc Làm Sau Khi Ra Trường
Sinh viên tốt nghiệp ngành Xây dựng có thể làm việc ở nhiều vị trí khác nhau, bao gồm:

Kỹ sư thiết kế kết cấu công trình tại các công ty tư vấn thiết kế.
Kỹ sư thi công, giám sát công trình tại các công ty xây dựng.
Chuyên gia quản lý dự án, lập dự toán tại các công ty đầu tư xây dựng, tư vấn giám sát.
Kỹ sư vật liệu xây dựng tại các công ty sản xuất xi măng, bê tông, vật liệu xây dựng.
Làm việc tại các cơ quan quản lý nhà nước liên quan đến quy hoạch, xây dựng.
Tỷ lệ có việc làm sau khi ra trường của ngành Xây dựng tại Đại học Bách Khoa Đà Nẵng khá cao, đặc biệt nếu sinh viên có thực tập và tích lũy kinh nghiệm thực tế trong quá trình học.

5. Điểm Chuẩn Và Phương Thức Tuyển Sinh
Điểm chuẩn ngành Xây dựng tại Đại học Bách Khoa Đà Nẵng thường dao động từ 18 - 24 điểm tùy theo chuyên ngành và từng năm.
Các phương thức xét tuyển:
Xét tuyển theo điểm thi THPT Quốc gia.
Xét tuyển theo học bạ THPT.
Xét tuyển theo kết quả kỳ thi đánh giá năng lực.",,,
Ngành kỹ sư chất lượng cao Việt - Pháp (PFIEV),"Giới thiệu

Chương trình Đào tạo kỹ sư chất lượng cao Việt-Pháp (PFIEV) được hình thành trên cơ sở chương trình hợp tác giữa Chính phủ Việt Nam và Chính phủ Cộng hòa Pháp theo Nghị định thư ký ngày 17 tháng 11 năm 1997 giữa Bộ Giáo dục và Đào tạo và Đại sứ nước Cộng hòa Pháp tại Việt Nam. Tham gia Chương trình PFIEV ở Việt Nam gồm có: Trường Đại học Bách Khoa Hà Nội, trường Đại học Xây dựng Hà Nội, trường Đại học Bách khoa – Đại học Đà Nẵng và trường Đại học Bách Khoa – Đại học Quốc gia Tp Hồ Chí Minh. Chương trình đào tạo ngành Kỹ thuật Cơ khí – chuyên ngành Sản xuất tự động được xây dựng và phát triển từ chương trình đào tạo của trường Grenoble INP, cộng hòa Pháp.

Mục tiêu đào tạo:

Mục tiêu chung

Mục tiêu chung của chương trình đào tạo Chương trình đào tạo kỹ sư CLC Việt-Pháp (PFIEV), Ngành Kỹ thuật Cơ khí - chuyên ngành Sản xuất tự động, Trường Đại học Bách khoa - Đại học Đà Nẵng là đào tạo người học có phẩm chất chính trị, đạo đức; có kiến thức, kỹ năng thực hành nghề nghiệp, năng lực nghiên cứu và phát triển ứng dụng khoa học công nghệ trong lĩnh vực chuyên ngành Sản xuất tự động - Ngành Kỹ thuật Cơ khí; có khả năng học tập suốt đời, khả năng sáng tạo, thích nghi với môi trường làm việc và có trách nhiệm nghề nghiệp; có sức khỏe, có ý thức phục vụ cộng đồng, đáp ứng yêu cầu phát triển kinh tế-xã hội, bảo đảm quốc phòng, an ninh và hội nhập quốc tế.

Mục tiêu cụ thể

Trường Đại học Bách khoa - Đại học Đà Nẵng đào tạo người học tốt nghiệp chương trình đào tạo chuyên sâu chuyên ngành Sản xuất tự động - Ngành Kỹ thuật Cơ khí:

1. Có kiến thức chuyên môn sâu về lĩnh vực chuyên ngành Sản xuất tự động - Ngành Kỹ thuật Cơ khí, kiến thức khoa học kỹ thuật của các ngành liên quan.

2. Có kỹ năng, thái độ cá nhân và nghề nghiệp, tư duy sáng tạo và khởi nghiệp, có kỹ năng giao tiếp và làm việc nhóm.

3. Có kỹ năng hành nghề kỹ sư và đưa ra những kết luận mang tính chuyên gia trong lĩnh vực Sản xuất tự động - Kỹ thuật Cơ khí.

Chuẩn đầu ra

Người học tốt nghiệp Chương trình đào tạo kỹ sư CLC Việt-Pháp (PFIEV), chuyên ngành Sản xuất tự động - Ngành Kỹ thuật Cơ khí, Trường Đại học Bách khoa - Đại học Đà Nẵng đáp ứng yêu cầu chuẩn đầu ra bậc 7 theo Khung trình độ quốc gia Việt Nam:

1. Có kiến thức và hiểu biết chuyên sâu về toán học, khoa học và các nguyên lý kỹ thuật để xác định, trình bày và giải quyết các vấn đề mới, phức tạp trong lĩnh vực Cơ khí – Sản xuất tự động và các lĩnh vực liên quan khác;

2. Có khả năng áp dụng thiết kế kỹ thuật phù hợp nhất hoặc sử dụng sự sáng tạo của cá nhân để đưa ra các giải pháp đáp ứng với các yêu cầu thực tiễn về sức khỏe cộng đồng, an ninh, phúc lợi cũng như các yếu tố liên quan đến toàn cầu, văn hoá, xã hội, môi trường và kinh tế;

3. Có khả năng truyền đạt kiến thức bằng nhiều phương pháp khác nhau, khả năng giao tiếp rõ ràng với người nghe trong chuyên ngành và không thuộc chuyên ngành;

4. Có khả năng nhận thức trách nhiệm đạo đức và nghề nghiệp trong các tình huống kỹ thuật và trong việc đưa ra những đánh giá sáng suốt có xem xét tác động của các giải pháp kỹ thuật trong bối cảnh toàn cầu, kinh tế, môi trường và xã hội;

5. Có khả năng hoạt động hiệu quả trong bối cảnh quốc gia và quốc tế, thiết lập mục tiêu, lập kế hoạch nhiệm vụ và đáp ứng các mục tiêu, với vai trò là thành viên nhóm hoặc lãnh đạo trong nhóm, tạo ra môi trường hợp tác toàn diện đa dạng về văn hóa;

6. Có khả năng thu thập thông tin, tiến hành thử nghiệm nâng cao, phân tích và giải thích dữ liệu, tạo ra được sự mô phỏng và sử dụng phán đoán kỹ thuật để có được khảo sát chi tiết và nghiên cứu các vấn đề kỹ thuật phức tạp hoặc đưa ra kết luận;

7. Có khả năng tự tích luỹ và áp dụng kiến thức mới khi cần thiết, sử dụng các chiến lược học tập phù hợp;

8. Có khả năng thể hiện tư duy phản biện, đổi mới sáng tạo, tổ chức, quản lý, quản trị hoạt động nghề nghiệp tiên tiến; có tư duy khởi nghiệp;

9. Có trình độ tiếng Anh là TOEIC 600 hoặc tương đương; có trình độ tiếng Pháp là DELF B1 hoặc tương đương; có kỹ năng sử dụng công nghệ thông tin cơ bản theo quy định tại Thông tư số 03/2014/TT-BTTTT; có trình độ tiếng Pháp là DELF B1 hoặc tương đương.

Vị trí việc làm

Người học tốt nghiệp chương trình đào tạo kỹ sư CLC Việt-Pháp (PFIEV), chuyên ngành Sản xuất tự động - Ngành Kỹ thuật Cơ khí:

1. Quản lý, tư vấn kỹ thuật, thiết kế, khai thác, vận hành, bảo dưỡng các thiết bị, hệ thống liên quan đến lĩnh vực Sản xuất tự động - Ngành Kỹ thuật Cơ khí tại các doanh nghiệp, tập đoàn, các đơn vị sản xuất trong và ngoài nước.

2. Làm giảng viên giảng dạy các môn học thuộc các ngành Sản xuất tự động - Ngành Kỹ thuật Cơ khí ở các trường Đại học, Cao đẳng, Trung học chuyên nghiệp, dạy nghề và các trường trung học phổ thông.

3. Nghiên cứu và phát triển công nghệ thuộc các lĩnh vực liên quan đến Điện - Điện tử, Hệ thống nhúng, Tự động hóa, Khoa học máy tín Sản xuất tự động - Ngành Kỹ thuật Cơ khí ở các viện nghiên cứu, các trường đại học, các trung tâm nghiên cứu và phát triển (R&D) của các công ty, doanh nghiệp, tập đoàn trong nước và quốc tế.

4. Học chuyển tiếp thạc sỹ; tiếp tục học sau đại học tại các trường đại học, các viện trên thế giới",,,
Sự khác nhau của ngành công nghệ thông tin và ngành kĩ thuật máy tính,"Cả Kỹ thuật Máy tính (Computer Engineering) và Công nghệ Thông tin (Information Technology) đều liên quan đến máy tính, nhưng có sự khác biệt lớn về nội dung học, hướng đi nghề nghiệp và kỹ năng cần thiết.

Điểm mạnh và điểm yếu của từng ngành
1. Kỹ thuật Máy tính
Ưu điểm:
- Cơ hội làm việc trong các ngành công nghệ cao như IoT, robot, AI phần cứng.
- Vừa có thể làm phần mềm, vừa có thể làm phần cứng.
Có thể tham gia phát triển chip, vi điều khiển, thiết bị thông minh.
Nhược điểm:
- Yêu cầu kiến thức về điện tử, phần cứng, hệ thống.
- Công việc có thể phức tạp, yêu cầu thực hành nhiều.
2. Công nghệ Thông tin
Ưu điểm:
- Dễ tiếp cận, nhu cầu thị trường cao.
- Có thể làm freelancer, làm từ xa, xuất khẩu lao động dễ dàng.
- Nhiều hướng đi như lập trình, AI, bảo mật, quản lý hệ thống.
Nhược điểm:
- Cạnh tranh cao do nhiều người theo học.
- Phải liên tục cập nhật công nghệ mới.
3. Nên chọn ngành nào?
Bạn nên chọn Kỹ thuật Máy tính nếu:

- Thích làm việc với cả phần cứng và phần mềm.
- Muốn nghiên cứu sâu về hệ thống nhúng, IoT, thiết kế vi mạch.
- Quan tâm đến bảo mật hệ thống, điều khiển tự động hóa.
Bạn nên chọn Công nghệ Thông tin nếu:

- Yêu thích lập trình, muốn phát triển phần mềm, ứng dụng.
- Quan tâm đến bảo mật, quản lý hệ thống, cơ sở dữ liệu.
- Muốn làm việc linh hoạt, dễ dàng chuyển hướng nghề nghiệp.",,,
Em là nữ thì nên học ngành nào,"Việc chọn ngành học không phụ thuộc vào việc bạn là nam hay nữ, mà nên dựa vào sở thích, thế mạnh và định hướng nghề nghiệp của bạn. Tuy nhiên, mình có thể phân tích để giúp bạn chọn ngành phù hợp với bản thân.

1. Nhóm ngành có nhiều nữ theo học, dễ phát triển sự nghiệp
Những ngành này phù hợp với nữ vì tính chất công việc ít tiếp xúc với môi trường nguy hiểm, có cơ hội việc làm rộng, yêu cầu sự tỉ mỉ và sáng tạo:

Công nghệ sinh học – Nếu bạn thích nghiên cứu về sinh học, dược phẩm, thực phẩm, y dược.
Công nghệ sinh học Y Dược – Liên quan đến y khoa, dược phẩm, nghiên cứu gen.
Công nghệ thực phẩm – Làm việc trong ngành sản xuất thực phẩm, kiểm định chất lượng thực phẩm.
Khoa học dữ liệu và Trí tuệ nhân tạo – Phù hợp nếu bạn thích làm việc với dữ liệu, phân tích AI, có nhiều cơ hội làm việc từ xa.
Công nghệ thông tin (Ngoại ngữ Nhật) – Nếu bạn giỏi tiếng Nhật, có nhiều cơ hội làm việc với công ty Nhật Bản.
Quản lý công nghiệp – Phù hợp với người thích tổ chức, quản lý sản xuất, tối ưu quy trình làm việc.
2. Nhóm ngành trung lập, phù hợp với cả nam và nữ
Những ngành này yêu cầu tư duy logic, kỹ thuật hoặc kỹ năng quản lý, không phân biệt nam hay nữ:

Công nghệ thông tin (Hợp tác doanh nghiệp) – Nếu bạn thích lập trình, làm việc với hệ thống phần mềm.
Hệ thống Nhúng và IoT (Việt-Mỹ) – Tập trung vào lập trình nhúng, thiết bị thông minh.
Vi điện tử - thiết kế vi mạch – Liên quan đến thiết kế vi mạch, linh kiện điện tử.
Kỹ thuật điện tử - viễn thông – Làm việc với hệ thống viễn thông, mạng không dây.
Kỹ thuật Điều khiển và Tự động hóa – Thiết kế hệ thống tự động, robot công nghiệp.
Kỹ thuật môi trường – Nghiên cứu và xử lý môi trường, phù hợp với người quan tâm đến bảo vệ thiên nhiên.
Quản lý tài nguyên và môi trường – Quản lý các vấn đề liên quan đến môi trường và tài nguyên thiên nhiên.
Kiến trúc – Nếu bạn thích thiết kế, sáng tạo không gian.
3. Nhóm ngành có ít nữ theo học, nhưng nếu đam mê vẫn có thể theo đuổi
Những ngành này thường liên quan đến cơ khí, xây dựng, ô tô, đòi hỏi thể lực hoặc làm việc ngoài trời nhiều:

Kỹ thuật máy tính – Làm việc với phần cứng, hệ thống nhúng.
Công nghệ chế tạo máy – Thiết kế và sản xuất máy móc.
Cơ khí động lực, Cơ khí hàng không, Kỹ thuật ô tô – Phù hợp nếu bạn yêu thích công nghệ và máy móc.
Xây dựng dân dụng và công nghiệp – Làm việc trong lĩnh vực thiết kế, thi công công trình.
Mô hình thông tin & trí tuệ nhân tạo trong xây dựng – Ứng dụng công nghệ trong xây dựng.
",,,
Ưu thế khi học ngành Công nghệ thông tin tại Bách Khoa Đà Nẵng,"Ưu thế khi học ngành Công nghệ Thông tin tại Đại học Bách Khoa - Đại học Đà Nẵng
Ngành Công nghệ Thông tin (CNTT) tại Trường Đại học Bách Khoa - Đại học Đà Nẵng (DUT) là một trong những ngành đào tạo chất lượng cao, có nhiều lợi thế để sinh viên phát triển sự nghiệp. Dưới đây là một số ưu thế nổi bật khi theo học CNTT tại DUT:

1. Chương trình đào tạo bài bản, cập nhật xu hướng công nghệ
Chương trình học được thiết kế theo chuẩn quốc tế, cập nhật liên tục để phù hợp với nhu cầu doanh nghiệp.
Có nhiều chuyên ngành để lựa chọn như:
Công nghệ phần mềm
Hệ thống thông tin
Khoa học dữ liệu & Trí tuệ nhân tạo
Mạng máy tính & An toàn thông tin
Sinh viên được tiếp cận với các công nghệ mới như AI, Big Data, IoT, Blockchain.
2. Giảng viên chất lượng, môi trường học thuật tốt
Đội ngũ giảng viên giàu kinh nghiệm, nhiều người có học vị tiến sĩ, thạc sĩ được đào tạo tại các nước tiên tiến như Mỹ, Nhật, Úc, Hàn Quốc.
Nhiều cơ hội tham gia nghiên cứu khoa học, thực hiện đồ án thực tế ngay từ năm 3, năm 4.
3. Cơ sở vật chất hiện đại, môi trường học tập năng động
Các phòng thí nghiệm máy tính, IoT, trí tuệ nhân tạo được trang bị hiện đại.
Hệ thống thư viện, phòng học tiện nghi phục vụ tốt cho việc học tập và nghiên cứu.
Câu lạc bộ Công nghệ thông tin, lập trình, AI giúp sinh viên rèn luyện kỹ năng.
4. Cơ hội thực tập và việc làm rộng mở
Hợp tác với nhiều doanh nghiệp lớn như FPT, Sun*, Axon Active, VNPT, Samsung, Toshiba, Bosch, Google...
Sinh viên có thể thực tập tại các công ty lớn ngay từ năm 3.
Nhiều chương trình liên kết với doanh nghiệp giúp sinh viên có việc làm ngay sau khi ra trường.
Mức lương khởi điểm cao (trung bình từ 10 - 20 triệu/tháng đối với sinh viên mới tốt nghiệp).
5. Chương trình đào tạo đặc biệt
Công nghệ thông tin (Hợp tác doanh nghiệp): Đào tạo sát với nhu cầu thực tế, nhiều cơ hội làm việc ngay sau khi tốt nghiệp.
Công nghệ thông tin (Ngoại ngữ Nhật): Tăng cường tiếng Nhật, giúp sinh viên có cơ hội làm việc tại Nhật Bản với mức lương cao.
6. Mạng lưới cựu sinh viên mạnh, hỗ trợ sinh viên tốt
Cộng đồng cựu sinh viên CNTT rộng lớn, làm việc tại nhiều công ty lớn trong và ngoài nước.
Hỗ trợ sinh viên về cơ hội thực tập, hướng dẫn khởi nghiệp, tư vấn nghề nghiệp.
7. Cơ hội du học, trao đổi quốc tế
Có nhiều chương trình trao đổi với các trường đại học tại Nhật Bản, Hàn Quốc, Mỹ, Úc...
Cơ hội nhận học bổng du học toàn phần từ các tổ chức lớn.
",,,
Ngành Công nghệ Dầu khí và Khai thác Dầu tại Đại học Bách Khoa - Đại học Đà Nẵng,"Ngành Công nghệ Dầu khí và Khai thác Dầu tại Đại học Bách Khoa - Đại học Đà Nẵng
1. Giới thiệu về ngành
Ngành Công nghệ Dầu khí và Khai thác Dầu tại Trường Đại học Bách Khoa - Đại học Đà Nẵng (DUT) đào tạo kỹ sư có kiến thức và kỹ năng chuyên sâu về các lĩnh vực:

Thăm dò, khai thác và chế biến dầu khí.
Công nghệ khoan và khai thác dầu.
Quản lý và vận hành các hệ thống khai thác dầu khí.
Ứng dụng công nghệ mới trong công nghiệp dầu khí.
Sinh viên được trang bị kiến thức lý thuyết vững chắc cùng kỹ năng thực hành, giúp đáp ứng nhu cầu của ngành công nghiệp dầu khí trong nước và quốc tế.

2. Chương trình đào tạo
Chương trình đào tạo bao gồm:

Kiến thức nền tảng: Toán học, vật lý, hóa học ứng dụng trong dầu khí.
Kiến thức chuyên sâu:
Địa chất dầu khí.
Công nghệ khai thác và khoan dầu khí.
Cơ học chất lỏng và nhiệt động lực học trong dầu khí.
Công nghệ xử lý và chế biến dầu khí.
Quản lý và bảo vệ môi trường trong khai thác dầu khí.
Thực hành và thực tập:
Thực tập tại các giàn khoan, nhà máy lọc dầu.
Tiếp cận công nghệ mô phỏng khai thác dầu khí.
Thực hành trong phòng thí nghiệm hiện đại.
3. Cơ hội việc làm sau khi tốt nghiệp
Sinh viên sau khi tốt nghiệp có thể làm việc tại:

Các tập đoàn dầu khí lớn: Tập đoàn Dầu khí Việt Nam (PVN), Vietsovpetro, Schlumberger, Halliburton, ExxonMobil, Chevron.
Nhà máy lọc hóa dầu: Nghi Sơn, Dung Quất.
Công ty tư vấn và dịch vụ dầu khí.
Các viện nghiên cứu, trường đại học về dầu khí.
Mức lương khởi điểm thường khá cao, nhất là khi làm việc tại các công ty nước ngoài.

4. Những thách thức của ngành
Yêu cầu chuyên môn cao: Cần kiến thức sâu về kỹ thuật và thực tiễn.
Tính chất công việc: Có thể phải làm việc xa bờ hoặc ở các khu công nghiệp.
Tính cạnh tranh: Ngành dầu khí đòi hỏi trình độ cao, tiếng Anh tốt và khả năng thích nghi với công nghệ mới.
Biến động thị trường: Giá dầu thế giới ảnh hưởng đến nhu cầu tuyển dụng.",,,
Ngành quản lí công nghiệp tại Bách Khoa Đà Nẵng,"Ngành Quản lý Công nghiệp tại Trường Đại học Bách Khoa - Đại học Đà Nẵng có mã ngành là 7510601. Ngành này xét tuyển theo các tổ hợp môn:

A00: Toán, Vật lý, Hóa học
A01: Toán, Vật lý, Tiếng Anh
Chương trình đào tạo ngành Quản lý Công nghiệp cung cấp cho sinh viên kiến thức và kỹ năng về quản lý, điều hành các hoạt động sản xuất và dịch vụ, tập trung vào các lĩnh vực như quản lý sản xuất, quản lý dự án, quản lý chuỗi cung ứng, quản lý chất lượng và quản lý nhân lực. Đặc biệt, từ năm 2023, chuyên ngành Logistics và Quản lý chuỗi cung ứng đã được bổ sung vào chương trình đào tạo, mở rộng cơ hội học tập và nghề nghiệp cho sinh viên. 

Sinh viên tốt nghiệp ngành Quản lý Công nghiệp có thể đảm nhận các vị trí quản lý ở các bộ phận kế hoạch, điều độ sản xuất, quản lý chất lượng, quản lý dự án trong các doanh nghiệp sản xuất công nghiệp, khu công nghiệp, khu chế xuất, công ty vận tải và dịch vụ. 

Để biết thêm chi tiết về chương trình đào tạo và cơ hội nghề nghiệp, bạn có thể tham khảo thông tin trên trang web chính thức của Khoa Quản lý Dự án - Trường Đại học Bách Khoa Đà Nẵng. ",,,
Vị trí việc làm phù hợp ngành Quản lí công nghiệp,"Sinh viên tốt nghiệp ngành Quản lý Công nghiệp tại Đại học Bách Khoa Đà Nẵng có thể làm việc trong nhiều lĩnh vực khác nhau, từ sản xuất, kinh doanh đến dịch vụ. Dưới đây là một số vị trí việc làm phổ biến:

1. Quản lý sản xuất và vận hành
Kế hoạch sản xuất, điều độ sản xuất
Quản lý dây chuyền sản xuất trong các nhà máy, khu công nghiệp
Tối ưu hóa quy trình sản xuất để giảm chi phí, tăng năng suất
2. Quản lý chất lượng (QA/QC)
Kiểm soát chất lượng sản phẩm theo tiêu chuẩn ISO, Six Sigma
Xây dựng và triển khai hệ thống quản lý chất lượng
Đánh giá và cải tiến quy trình sản xuất
3. Quản lý chuỗi cung ứng và Logistics
Hoạch định và tối ưu hóa chuỗi cung ứng
Quản lý kho bãi, vận chuyển và phân phối hàng hóa
Đàm phán với nhà cung cấp, tối ưu chi phí logistics
4. Quản lý dự án
Lập kế hoạch, giám sát và triển khai dự án sản xuất, kinh doanh
Quản lý tiến độ, ngân sách, nhân sự của dự án
Đảm bảo dự án đạt mục tiêu đề ra đúng thời gian và ngân sách
5. Quản trị doanh nghiệp, phát triển kinh doanh
Phân tích và hoạch định chiến lược kinh doanh
Quản lý tài chính doanh nghiệp, tối ưu lợi nhuận
Nghiên cứu thị trường, lập kế hoạch phát triển sản phẩm/dịch vụ
6. Chuyên viên tư vấn và phân tích dữ liệu
Phân tích dữ liệu hoạt động sản xuất, kinh doanh để hỗ trợ ra quyết định
Tư vấn giải pháp tối ưu hóa quy trình quản lý công nghiệp
Sử dụng phần mềm quản lý như ERP, SAP
7. Giảng dạy và nghiên cứu
Giảng viên tại các trường đại học, cao đẳng
Nghiên cứu về quản lý công nghiệp, đổi mới công nghệ
Cơ hội làm việc
Sinh viên tốt nghiệp có thể làm việc tại:

Doanh nghiệp sản xuất: Samsung, LG, VinFast, Honda, Unilever
Công ty logistics: DHL, FedEx, Viettel Post
Công ty tư vấn quản lý: Deloitte, PwC
Tập đoàn lớn: Vingroup, FPT, Masan, Hòa Phát
Khu công nghiệp, khu chế xuất, startup công nghệ
",,,
Thực tập ngành quản lí công nghiệp tại đâu,"Sinh viên ngành Quản lý Công nghiệp tại Đại học Bách Khoa Đà Nẵng có thể thực tập tại nhiều đơn vị khác nhau, tùy theo định hướng nghề nghiệp. Dưới đây là một số gợi ý về địa điểm thực tập:

1. Doanh nghiệp sản xuất và quản lý chuỗi cung ứng
Sinh viên có thể thực tập ở bộ phận quản lý sản xuất, điều phối chuỗi cung ứng, quản lý chất lượng tại các nhà máy, khu công nghiệp:

Khu công nghiệp Hòa Khánh, Liên Chiểu, Đà Nẵng
Doanh nghiệp sản xuất lớn: Samsung, LG, VinFast, Masan, Unilever, Nestlé
Công ty cơ khí, điện tử, thực phẩm: Hòa Phát, Ajinomoto, TH True Milk
2. Công ty Logistics và Quản lý chuỗi cung ứng
Thực tập tại các doanh nghiệp chuyên về logistics, vận tải, kho bãi:

DHL, FedEx, Viettel Post, GHN, GHTK (bộ phận quản lý vận hành, tối ưu chuỗi cung ứng)
Cảng Đà Nẵng (quản lý logistics, điều phối hàng hóa)
3. Công ty tư vấn quản lý và giải pháp công nghệ
Thực tập tại các công ty tư vấn quản lý doanh nghiệp, tối ưu vận hành, chuyển đổi số:

Deloitte, PwC, EY, KPMG (tư vấn quản lý doanh nghiệp, kiểm toán)
FPT Software, Rikkeisoft (tư vấn ERP, phần mềm quản lý doanh nghiệp)
4. Doanh nghiệp thuộc các lĩnh vực công nghiệp khác
Nếu muốn làm việc ở các lĩnh vực chuyên biệt, bạn có thể thực tập tại:

Công ty dầu khí & năng lượng: PVN, PVGas, EVN
Công ty xây dựng & vật liệu: Coteccons, Hòa Bình, SCG
Công ty ô tô & cơ khí: Thaco, Toyota, Honda
5. Các tổ chức nghiên cứu, trường đại học
Nếu có định hướng nghiên cứu hoặc giảng dạy, bạn có thể thực tập tại:

Viện nghiên cứu Kinh tế - Quản trị
Các phòng thí nghiệm thuộc trường Đại học Bách Khoa Đà Nẵng
Cách tìm kiếm cơ hội thực tập
Tìm trên trang web tuyển dụng như TopCV, VietnamWorks, LinkedIn
Tham gia các ngày hội việc làm tại trường
Liên hệ trực tiếp giảng viên hoặc doanh nghiệp hợp tác với trường
Chủ động gửi CV đến các công ty phù hợp với chuyên ngành",,,
Ngành Kỹ thuật Điện tử - Viễn thông tại Đại học Bách Khoa Đà Nẵng,"Ngành Kỹ thuật Điện tử - Viễn thông tại Đại học Bách Khoa Đà Nẵng
1. Giới thiệu về ngành
Ngành Kỹ thuật Điện tử - Viễn thông (Electronics and Telecommunications Engineering) tập trung vào nghiên cứu, thiết kế, phát triển và vận hành các hệ thống điện tử và truyền thông. Đây là lĩnh vực quan trọng trong thời đại công nghệ số, góp phần vào sự phát triển của 5G, IoT, trí tuệ nhân tạo (AI), mạng viễn thông, thiết bị di động, hệ thống radar và vệ tinh.

Tại Đại học Bách Khoa - Đại học Đà Nẵng, ngành này cung cấp chương trình đào tạo chuyên sâu về mạch điện tử, hệ thống nhúng, truyền dẫn tín hiệu, mạng viễn thông và công nghệ không dây.

2. Chương trình đào tạo
Sinh viên sẽ học các kiến thức về:

Điện tử số, điện tử tương tự, vi mạch, hệ thống nhúng
Xử lý tín hiệu số, truyền thông không dây, 5G, IoT, trí tuệ nhân tạo trong viễn thông
Mạng viễn thông, truyền thông quang, hệ thống anten, radar, vệ tinh
Lập trình nhúng, FPGA, hệ thống nhúng trong công nghiệp
Bảo mật mạng viễn thông, thiết kế hệ thống truyền thông
Sinh viên có thể chọn chuyên sâu vào Viễn thông - Mạng, Hệ thống nhúng hoặc Truyền thông số.

3. Cơ hội việc làm
Sinh viên sau khi tốt nghiệp có thể làm việc tại:

Công ty Viễn thông: Viettel, VNPT, FPT Telecom, Mobifone
Doanh nghiệp Công nghệ: Samsung, Intel, Qualcomm, LG Electronics, Bosch, VinAI
Công ty phần mềm nhúng & IoT: FPT Software, Rikkeisoft, NashTech
Công ty sản xuất thiết bị viễn thông: Huawei, Ericsson, Nokia
Trung tâm nghiên cứu và phát triển (R&D): Viện Hàn lâm Khoa học và Công nghệ, Đại học, Trung tâm Nghiên cứu Quốc phòng
Kỹ sư viễn thông tại sân bay, quân đội, hàng hải
Với nhu cầu phát triển mạnh của 5G, IoT, AI, ngành này có triển vọng cao và mức lương hấp dẫn.

4. Tại sao nên học tại Đại học Bách Khoa Đà Nẵng?
Chương trình đào tạo chất lượng cao, cập nhật theo xu hướng công nghệ
Cơ sở vật chất hiện đại với phòng thí nghiệm viễn thông, hệ thống nhúng, IoT
Hợp tác với doanh nghiệp lớn giúp sinh viên thực tập và có việc làm ngay sau khi tốt nghiệp
Cơ hội nghiên cứu, học bổng và trao đổi quốc tế với các trường đại học hàng đầu",,,
Sự khác nhau giữa Ngành Kỹ thuật Điện tử - Viễn thông và Kỹ thuật Máy tính,"Sự khác nhau giữa Ngành Kỹ thuật Điện tử - Viễn thông và Kỹ thuật Máy tính
Cả hai ngành Kỹ thuật Điện tử - Viễn thông và Kỹ thuật Máy tính đều thuộc lĩnh vực kỹ thuật nhưng có sự khác biệt rõ ràng về mục tiêu đào tạo, nội dung học và cơ hội nghề nghiệp.

1. Mục tiêu đào tạo:

Kỹ thuật Điện tử - Viễn thông: Tập trung vào hệ thống viễn thông, điện tử, truyền dẫn tín hiệu, mạng không dây, IoT.
Kỹ thuật Máy tính: Chuyên về thiết kế, phát triển phần cứng và phần mềm của máy tính, hệ thống nhúng, vi xử lý.
2. Nội dung học:

Kỹ thuật Điện tử - Viễn thông: Học về điện tử tương tự và số, viễn thông, tín hiệu và hệ thống, mạng truyền thông, công nghệ 5G, IoT, hệ thống radar, vệ tinh, thiết kế vi mạch, xử lý tín hiệu số.
Kỹ thuật Máy tính: Học về cấu trúc máy tính, vi xử lý, thiết kế phần cứng, hệ thống nhúng, lập trình nhúng, trí tuệ nhân tạo, điện toán đám mây, an ninh mạng.
3. Ứng dụng thực tế:

Kỹ thuật Điện tử - Viễn thông: Ứng dụng trong các hệ thống mạng viễn thông, thiết bị truyền thông, IoT, xử lý tín hiệu số, hệ thống không dây, truyền hình, vệ tinh.
Kỹ thuật Máy tính: Ứng dụng trong phát triển phần cứng máy tính, hệ thống nhúng, thiết kế vi mạch, trí tuệ nhân tạo, phát triển hệ điều hành, bảo mật và an ninh mạng.
4. Cơ hội nghề nghiệp:

Kỹ thuật Điện tử - Viễn thông: Làm việc tại các tập đoàn công nghệ lớn như Viettel, VNPT, Mobifone, FPT Telecom, Samsung, LG, Bosch, Intel với các vị trí như kỹ sư viễn thông, kỹ sư hệ thống nhúng, kỹ sư radar, kỹ sư mạng viễn thông.
Kỹ thuật Máy tính: Làm việc tại các công ty công nghệ hàng đầu như Intel, Qualcomm, Apple, NVIDIA, FPT, Rikkeisoft, VinAI với các vị trí như kỹ sư phần cứng máy tính, kỹ sư hệ thống nhúng, kỹ sư AI, kỹ sư bảo mật hệ thống.
5. Nên chọn ngành nào?

Nếu bạn thích nghiên cứu về viễn thông, mạng không dây, 5G, IoT, bạn nên chọn Kỹ thuật Điện tử - Viễn thông.
Nếu bạn đam mê máy tính, phần cứng, phần mềm nhúng, AI, thiết kế vi mạch, bạn nên chọn Kỹ thuật Máy tính.
Nếu bạn muốn làm về hệ thống nhúng và IoT, cả hai ngành đều có hướng đi phù hợp nhưng Kỹ thuật Máy tính chuyên sâu hơn về lập trình nhúng.",,,
Tương lai của ngành Vi điện tử - Thiết kế vi mạch,"1. Xu hướng phát triển toàn cầu
Ngành Vi điện tử - Thiết kế vi mạch đang có sự phát triển mạnh mẽ nhờ nhu cầu ngày càng cao về các thiết bị điện tử thông minh, IoT, AI, 5G, và ô tô điện. Một số xu hướng chính gồm:

Sự bùng nổ của trí tuệ nhân tạo (AI) và IoT: Các chip AI, bộ xử lý chuyên dụng đang được đầu tư mạnh, mở ra cơ hội lớn cho ngành vi mạch.
Sự gia tăng nhu cầu về chất bán dẫn: Nhiều quốc gia đầu tư vào sản xuất chip nội địa để giảm phụ thuộc vào các công ty lớn như TSMC, Intel, Samsung.
Thiết kế vi mạch cho các thiết bị di động, 5G, ô tô điện: Các hãng công nghệ đang phát triển các dòng chip riêng biệt cho những thiết bị này.
2. Cơ hội việc làm và mức lương
Việt Nam đang thu hút nhiều tập đoàn công nghệ lớn như Intel, Samsung, Qualcomm, Marvell, Synopsys, Renesas, mở ra cơ hội việc làm cho kỹ sư thiết kế vi mạch.
Lương khởi điểm của kỹ sư thiết kế vi mạch khá cao so với các ngành kỹ thuật khác, dao động từ 15 - 25 triệu đồng/tháng cho sinh viên mới ra trường. Với kinh nghiệm từ 3 - 5 năm, mức lương có thể đạt 40 - 80 triệu đồng/tháng hoặc cao hơn nếu làm việc tại các tập đoàn lớn.
3. Thách thức của ngành
Cần nền tảng toán học và kỹ thuật vững chắc: Ngành này yêu cầu kiến thức sâu về vật lý bán dẫn, thiết kế mạch số, lập trình phần cứng (VHDL, Verilog).
Tính cạnh tranh cao: Việc thiết kế chip đòi hỏi kỹ thuật chính xác, khả năng tư duy logic tốt và cập nhật công nghệ thường xuyên.
Nguồn nhân lực còn hạn chế: Ở Việt Nam, số lượng kỹ sư giỏi trong ngành này chưa nhiều, nhưng đây cũng là cơ hội để những ai có đam mê có thể phát triển mạnh mẽ.
4. Định hướng phát triển
Nếu theo học ngành này, bạn có thể làm việc trong các lĩnh vực:

Thiết kế vi mạch số và tương tự: Phát triển chip xử lý cho điện thoại, laptop, AI, IoT.
Kiểm định và tối ưu vi mạch (Verification & Testing): Đảm bảo chất lượng và tối ưu chip trước khi sản xuất.
Thiết kế hệ thống nhúng: Lập trình phần cứng, tích hợp chip vào thiết bị điện tử.
Nghiên cứu và phát triển (R&D) trong các công ty công nghệ lớn.",,,
Có nên học ngành Vi điện tử - Thiết kế vi mạch,"Ngành Vi điện tử - Thiết kế vi mạch phù hợp với ai?
Bạn nên học ngành này nếu:

Yêu thích công nghệ phần cứng, quan tâm đến cách chip, vi mạch hoạt động và muốn tham gia vào việc thiết kế hoặc tối ưu hóa chúng.
Giỏi toán và tư duy logic, đặc biệt là các lĩnh vực điện tử, xử lý tín hiệu số và lập trình phần cứng.
Kiên trì, cẩn thận và có tư duy chi tiết vì công việc thiết kế vi mạch cần độ chính xác rất cao.
Sẵn sàng học hỏi công nghệ mới vì lĩnh vực vi mạch thay đổi liên tục và yêu cầu cập nhật kiến thức thường xuyên.
Lợi ích khi theo học ngành này
Nhu cầu nhân lực cao, ít cạnh tranh hơn công nghệ thông tin. Ngành công nghệ thông tin rất phổ biến, nhưng vi mạch lại là một lĩnh vực chuyên sâu với ít người theo học, dẫn đến cơ hội việc làm cao hơn. Các tập đoàn như Intel, Samsung, Qualcomm, Broadcom, Synopsys đang đầu tư mạnh vào lĩnh vực này tại Việt Nam.
Mức lương hấp dẫn, với lương khởi điểm từ 15 - 25 triệu đồng/tháng đối với sinh viên mới ra trường. Sau 3 - 5 năm kinh nghiệm, mức lương có thể đạt 40 - 80 triệu đồng/tháng, thậm chí hơn nếu làm tại công ty quốc tế. Các vị trí cao cấp hoặc làm việc ở nước ngoài có thể đạt hơn 100 triệu đồng/tháng.
Cơ hội làm việc trong và ngoài nước tại các tập đoàn lớn ở Mỹ, châu Âu, Nhật Bản, Hàn Quốc. Nhiều chương trình đào tạo có hợp tác với nước ngoài, tạo cơ hội du học hoặc làm việc sau khi tốt nghiệp.
Công việc ít bị ảnh hưởng bởi trí tuệ nhân tạo. Nhiều công việc lập trình phần mềm có thể bị thay thế bởi trí tuệ nhân tạo trong tương lai, nhưng thiết kế vi mạch là một lĩnh vực chuyên sâu mà AI khó có thể thay thế hoàn toàn.
Thách thức của ngành
Học khó, yêu cầu kiến thức sâu từ vật lý, điện tử, lập trình phần cứng (VHDL, Verilog) đến thuật toán. So với các ngành công nghệ thông tin phổ thông như lập trình phần mềm, ngành này đòi hỏi sự chuyên sâu hơn.
Không phải ai cũng phù hợp, đặc biệt nếu bạn thích làm việc với phần mềm hơn vì ngành này tập trung vào phần cứng và thiết kế hệ thống. Công việc có thể căng thẳng, đòi hỏi tính chính xác cao.
Chưa có nhiều trường đào tạo tốt tại Việt Nam. So với các nước phát triển, chương trình đào tạo ở Việt Nam chưa thực sự chuyên sâu. Nếu muốn giỏi, bạn cần tự học và có thể phải tìm kiếm cơ hội học tập, làm việc ở nước ngoài.
Kết luận: Có nên học ngành này không?
Bạn nên học nếu bạn đam mê vi điện tử, phần cứng và muốn làm việc trong một lĩnh vực có mức lương cao, ít cạnh tranh. Ngoài ra, nếu bạn có tư duy logic, cẩn thận và kiên trì, ngành này sẽ mang lại nhiều cơ hội làm việc tại các tập đoàn lớn về chip, vi mạch.

Bạn không nên học nếu bạn không thích làm việc với phần cứng, điện tử hoặc muốn một ngành học dễ tiếp cận hơn, có thể làm nhiều việc khác nhau như công nghệ thông tin, trí tuệ nhân tạo hoặc kinh doanh. Nếu bạn không thích học toán, điện tử hoặc các môn kỹ thuật chuyên sâu, đây cũng không phải là lựa chọn phù hợp.

Nếu bạn có đam mê và sẵn sàng đầu tư công sức vào việc học, ngành Vi điện tử - Thiết kế vi mạch chắc chắn là một lựa chọn rất tiềm năng với mức lương và cơ hội phát triển cao.",,,
Ngành Kỹ thuật điều khiển và tự động hóa – Đại học Bách khoa Đà Nẵng (DUT),"1. Ngành Kỹ thuật điều khiển và tự động hóa?
Kỹ thuật điều khiển và tự động hóa là một ngành đào tạo nghiên cứu, ứng dụng các kỹ thuật máy tính, kỹ thuật điều khiển, kỹ thuật cơ khí hiện đại vào việc điều khiển, vận hành trong quá trình sản xuất, với mục đích tối ưu hoá hiệu quả sản xuất, giảm chi phí đầu tư nhân lực hoạt động thủ công, tăng năng suất lao động.

Hiện nay, Kỹ thuật điều khiển và tự động hóa đang được ứng dụng trong rất nhiều lĩnh vực: các dây chuyền sản xuất tự động, thiết bị điện tử tự động dân dụng, các thiết bị thông minh (robot).

2. Đào tạo ngành Kỹ thuật điều khiển và tự động hóa tại Đại học Bách khoa Đà Nẵng (DUT)
Tại ĐH Bách khoa Đà Nẵng, sinh viên chuyên ngành Kỹ thuật điều khiển và tự động hóa sẽ được trang bị đầy đủ từ kiến thức cơ bản tới kiến thức chuyên sâu cả phần cứng và phần mềm của các thiết bị tự động hóa trong công nghiệp. Đây là một trong những lợi thế cho các bạn khi ra trường làm việc đúng ngành.

Trong chương trình đào tạo, DUT luôn đề cao việc thực hành thực tế tại các thí nghiệm nghiên cứu hiện đại, tiếp cận các thông tin hợp thời đại cho sinh viên trong quá trình học tập. Đặc biệt, phương châm đào tạo truyền thống của ĐH Bách khoa Đà Nẵng là người học là trung tâm của quá trình đào tạo, cho nên DUT định hướng mục tiêu đào tạo cho sinh viên theo xu thế hội nhập thị trường lao động mà cuộc cách mạng công nghiệp 4.0 “đặt hàng”. Từ đó giúp cho sinh viên có thể nắm bắt được xu thế kỹ thuật tự động hóa, thích ứng làm quen dần với môi trường công việc thực tế trong tương lai.

Hiện tại, chuyên ngành Kỹ thuật điều khiển và tự động hóa tại DUT được đào tạo theo 2 hệ chương trình: Hệ Chất lượng cao (CLC): mã ngành đào tạo là 7520216CLC; Chỉ tiêu trung bình hàng năm là: 120. Hệ truyền thống: Mã ngành đào tạo là 7520216; Chỉ tiêu mỗi năm là: 60.

Bắt đầu từ năm 2018-2019, để bắt kịp yêu cầu và xu hướng của thời đại, nâng cao chất lượng giảng dạy,  chuyên ngành Kỹ thuật điều khiển và tự động hóa – DUT mở ra hệ chương trình đào tạo CLC. Một số điểm nổi trội của chương trình CLC:

Tất cả các chương trình đào tạo đều được thiết kế dựa trên các chương trình đào tạo của các trường đại học quốc tế tiên tiến trên thế giới, được kiểm định đạt chuẩn theo tiêu chuẩn ABET – Một tổ chức kiểm định chất lượng của Hoa Kỳ, chuyên kiểm định các chương trình đào tạo về các lĩnh vực Công nghệ, Điện toán, Kỹ thuật, và Khoa học ứng dụng. Thêm vào đó, nếu thời gian đào tạo theo chương trình truyền thống là 5 năm, thì giờ đây rút xuống chỉ  còn 4 năm.

DUT thiết kế chương trình đào tạo trong năm đầu tiên cho sinh viên Kỹ thuật điều khiển và tự động chủ yếu tập trung học ngoại ngữ, nhằm đảm bảo yêu cầu chuẩn đầu ra. Điều này làm tiền đề cho các bạn sinh viên có thể bắt kịp trong quá trình học tập sau này. Chương trình học có nhiều môn học sẽ được giảng bằng tiếng Anh, và các bạn cũng cần tìm hiểu các tài liệu học tập bằng tiếng Anh.

Điểm đặc biệt cuối cùng, Chương trình đào tạo được thiết kế theo hướng tăng cường thời lượng học và thực hành, giảm thời gian học lý thuyết. Sinh viên trong ngành sẽ có cơ hội thực tập tại các công ty, doanh nghiệp. Ở mỗi học kỳ, các bạn chỉ học lý thuyết trong thời gian đầu học kỳ, Sau đó, sẽ được phân các nhóm gồm 3 – 4 người nhận một Dự án (project) liên môn. Các nhóm sẽ phải tự học, tự nghiên cứu để hoàn thành và bảo vệ Dự án đó vào cuối học kỳ dưới sự hướng dẫn của giảng viên và trợ giảng. Tất cả các Dự án đó đều do giảng viên giao hoặc được đặt hàng bởi doanh nghiệp, hoặc cũng có thể do sinh viên tự đề xuất.",,,
Cơ hội việc làm của ngành điều khiển và tự động hóa,"Kể từ khóa tuyển sinh 2018, Đại học Bách khoa Đà Nẵng cam kết giới thiệu việc làm cho 100% các sinh viên đào tạo chuyên ngành Kỹ thuật điều khiển và tự động hóa tốt nghiệp đạt loại Khá trở lên và 100% sinh viên loại Khá, Giỏi sẽ có việc làm đúng ngành sau khi tốt nghiệp. DUT là một trong những cơ sở đào tạo hàng đầu về lĩnh vực kỹ thuật.

Kỹ thuật điều khiển và Tự động hóa là một trong những ngành hàng đầu trong việc phát triển nền kinh tế công nghiệp hiện đại. Cho nên, sinh viên đào tạo chuyên ngành sau khi ra trường có thể làm việc tại các vị trí:

Lập chương trình điều khiển cho  PLC, CNC, hệ vi xử lý, các bộ điều khiển lập trình.

Thiết kế các hệ thống dây chuyền sản xuất tự động hóa cho nhà máy, xí nghiệp…

Tư vấn các giải pháp trong lĩnh vực tự động hóa tại các cơ sở sản xuất, các doanh nghiệp.

Phân tích nhu cầu về tự động hóa, hệ thống điện của các công ty, nhà máy

Làm việc tại các công ty trong lĩnh vực ngành điện (tự động hóa các trạm biến áp,  điện mặt trời, nhà máy thủy điện, điện gió,…)

Làm việc trong các dây chuyền sản xuất công nghiệp tự động hiện đại:  dây chuyền xi măng, dây chuyền vận hành nhà máy điện, dây chuyền sản xuất thép,…

Trong nông nghiệp, thiết kế các hệ thống điều khiển sinh trưởng của các loại cây, dây chuyền tự động trồng rau sạch,…",,,
Năm nay trường lấy bao nhiêu chỉ tiêu ạ? Chỉ tiêu từng ngành,"Chào em,
Năm nay Trường ĐHBK tuyển sinh với 3650 chỉ tiêu đại học chính quy, chi tiết từng ngành em xem tại đây nhé:
http://dut.udn.vn/Tuyensinh2024/Gioithieu/id/8917",,,
Thời gian mở cổng đăng ký xét tuyển sớm. Đăng ký xét tuyển ở đâu?,"Năm 2024 Trường Đại học Bách khoa, ĐHĐN xét tuyển sớm các phương thức Tuyển sinh riêng, Học bạ, Đánh giá năng lực.
Đăng ký xét tuyển tại trang web tuyển sinh của Trường: https://dut.udn.vn/tuyensinh2025",,,
Nguyên tắc xét tuyển theo Phương thức TSR như thế nào?,"Phương thức TSR được xét tuyển theo nguyên tắc sau đây:

Xét tuyển theo thứ tự từ điểm xét tuyển (ĐXT) từ cao xuống thấp và xét đến hết các nguyện vọng của thí sinh (từ NV1 đến NVk).
Đối với mỗi thí sinh, nếu đăng ký xét tuyển vào nhiều ngành thì việc xét tuyển được thực hiện theo thứ tự ưu tiên của các nguyện vọng; thí sinh trúng tuyển vào 01 nguyện vọng ưu tiên cao nhất thì không được xét tiếp các nguyện vọng đã đăng ký (nguyện vọng 1 là nguyện vọng cao nhất). Trường hợp có nhiều thí sinh ngang hàng vượt quá chỉ tiêu thì xét đến tiêu chí phụ (xem Phụ lục I).
Thí sinh cần cung cấp đầy đủ minh chứng để hưởng chính sách ưu tiên theo đối tượng. Nếu không có minh chứng hoặc không hợp lệ thì sẽ không được cộng điểm ưu tiên.
Thí sinh cung cấp thiếu minh chứng hoặc minh chứng không hợp lệ khi thực hiện đăng ký trực tuyến sẽ không được xét tuyển.
Thí sinh không cung cấp minh chứng để hưởng chính sách ưu tiên theo đối tượng hoặc minh chứng không hợp lệ sẽ không được cộng điểm ưu tiên đối tượng.",,,
 Đăng ký cùng lúc nhiều phương thức được không?,"Năm 2024 Trường Đại học Bách khoa có 6 phương thức xét tuyển gồm Tuyển thẳng, Tuyển sinh riêng, Học bạ, ĐGNL, DGTD và xét điểm thi Tốt nghiệp THPT. Các phương thức xét tuyển trên là độc lập, thí sinh có thể đăng ký nhiều phương thức khác nhau.
Tuy nhiên, các thí sinh đủ điều kiện trúng tuyển ở đợt xét tuyển sớm (Tuyển sinh riêng, Học bạ, ĐGNL) phải tiếp tục đăng ký nguyện vọng đã được công bố đủ điều kiện trúng tuyển lên hệ thống của Bộ GDĐT theo kế hoạch chung để xử lý nguyện vọng toàn quốc. Thí sinh chỉ trúng tuyển chính thức sau khi có kết quả xử lý nguyện vọng cuối cùng trên hệ thống của Bộ GDĐT.",,,
"Xét học bạ, xét TSR thì cần chuẩn bị những gì?","Các loại giấy tờ bắt buộc:

Học bạ/ bằng điểm có dấu đỏ
CCCD
Minh chứng cho nhóm xét tuyển (đối với TSR)
Các loại giấy tờ khác:

Minh chứng đối tượng ưu tiên tuyển xét tuyển, minh chứng khu vực ưu tiên...",,,
Số lượng nguyện vọng tối đa có thể đăng ký xét tuyển theo phương thức tuyển sinh riêng của Trường?,"Mỗi thí sinh được phép nộp duy nhất 01 bộ hồ sơ xét tuyển theo phương thức tuyển sinh riêng vào Trường Đại học Bách khoa, ĐHĐN.
Mỗi hồ sơ có tối đa 05 nguyện vọng vào các ngành của Trường Đại học Bách khoa, ĐHĐN.",,,
Em có giải nhất KHKT với giải nhì HSG tỉnh thì nên chọn cái nào để xét tuyển hay cả 2 ạ?,"Đối với phương thức tuyển sinh riêng, thí sinh chỉ được quyền chọn 01 nhóm xét tuyển duy nhất để làm hồ sơ đăng ký. Do đó nên chọn nhóm có độ ưu tiên cao hơn (Nhóm 2, giải nhì HSG) để xét tuyển.",,,
"Trong TSR, em dùng giải HSG Lý đăng ký các ngành Cơ khí, giải Tin để đăng ký các ngành Công nghệ Thông tin được không ạ?","Đối với phương thức tuyển sinh riêng, thí sinh chỉ được chọn 01 nhóm xét tuyển duy nhất để làm hồ sơ đăng ký. Do đó nên chọn nhóm có độ ưu tiên cao hơn để xét tuyển nhé.",,,
Em học trường chuyên và có giải HSG thì xét như thế nào ạ?,"Đối với phương thức tuyển sinh riêng, cách quy đổi điểm theo nhóm có điểm dựa vào hồ sơ cụ thể. Do đó, giữa giải HSG (nhóm 2) và HS trường chuyên (nhóm 4) thì chọn nhóm 2 để đăng ký em nhé.",,,
Cách quy đổi điểm tuyển sinh riêng,"Đối với Tuyển sinh riêng, cách Quy đổi điểm theo 7 nhóm sẽ như sau:

Điểm quy đổi nhóm 1:
Giải Khuyến khích HSG cấp QG: 300 điểm; Giải Khuyến khích KHKT cấp QG: 300 điểm

Điểm quy đổi nhóm 2:
Giải nhất: 290 điểm; Giải nhì: 280 điểm; Giải ba: 270 điểm; Giải khuyến khích: 260 điểm

Điểm quy đổi nhóm 3:
Giải nhất: 250 điểm; Giải nhì: 240 điểm; Giải ba: 230 điểm; Giải khuyến khích: 220 điểm

Điểm quy đổi nhóm 4: 220

Điểm quy đổi nhóm 5: 210

Điểm quy đổi nhóm 6:
Điểm SAT trên 1400, hoặc Điểm ACT trên 30: 205 điểm; Điểm SAT từ 1100 đến 1400, hoặc Điểm ACT từ 24 đến 30: 200 điểm

Điểm quy đổi nhóm 7:
IELTS trên 6.5, TOEFL iBT trên 93, TOEIC trên 845: 200 điểm; IELTS từ 6.0 đến 6.5, TOEFL iBT từ 80 đến 93, TOEIC từ 600 đến 845: 195 điểm; IELTS từ 5.5 đến dưới 6.0, TOEFL iBT từ 46 dưới 80, TOEIC từ 600 đến 800: 190 điểm

Chi tiết và cách tính điểm em xem tại https://dut.udn.vn/Tuyensinh2024/Gioithieu/id/8919",,,
Đôi điều về ngành Công nghệ thực phẩm,"Hiểu một cách đơn giản, Công nghệ thực phẩm là ngành chuyên về lĩnh vực bảo quản và chế biến nông sản, đào tạo ra những kỹ sư công nghệ quản lý chất lượng thực phẩm và thương mại sản phẩm. Đặc biệt, chương trình còn có chuyên môn về chọn giống, nuôi trồng nhằm tạo ra nguyên liệu an toàn, chất lượng cao để nâng cao giá trị thực phẩm chế biến.

Các chuyên môn trong ngành:

Công nghệ sản xuất giống và nuôi trồng: Người học am hiểu về chuyên môn chọn giống cây trồng phù hợp với điều kiện sinh thái của địa phương theo hướng hữu cơ, sinh học tạo nguyên liệu an toàn cho chế biến thực phẩm.
Công nghệ chế biến thực phẩm: Am hiểu sâu về chế biến, phân tích đánh giá được những yếu tố ảnh hưởng đến nông sản sau thu hoạch và xây dựng được quy trình bảo quản nông sản để nâng cao chất lượng sau chế biến.
Quản lý chất lượng thực phẩm: Am hiểu và vận dụng được các hệ thống quản lý chất lượng ISO 9001, hệ thống quản lý an toàn thực phẩm ISO 22000, BRC, FSSC 22000, các quy định kiểm tra, thanh tra vệ sinh an toàn thực phẩm tại Việt Nam trong chế biến thực phẩm để dựa vào áp dụng trong các khâu từ đầu vào đến đầu ra, am hiểu phương pháp đánh giá cảm quan theo tiêu chuẩn Việt Nam, khu vực.
Theo học lĩnh vực này, sinh viên sẽ được đào tạo kiến thức nền tảng, chuyên sâu về hóa học, sinh học, vệ sinh an toàn thực phẩm, nguyên liệu chế biến và quy trình phân tích, đánh giá chất lượng thực phẩm… nhằm tối ưu hóa dinh dưỡng trong việc phục vụ nhu cầu ăn uống của cộng đồng. Sinh viên cũng sẽ được học chuyên sâu về công nghệ chế biến hải sản, công nghệ đông lạnh thủy sản, bảo quản và chế biến lương thực, công nghệ chế biến sữa và chất béo thực phẩm…",,,
Lý do vì sao chọn học ngành Công nghệ thực phẩm,"Mang tính thực tiễn cao
Khác với nhiều lĩnh vực, sự phát triển của ngành khoa học thực phẩm đã vượt xa kỳ vọng ban đầu, các doanh nghiệp luôn mong muốn tìm kiếm ứng viên có trình độ chuyên môn cao, có khả năng phân tích, đánh giá và phát triển sản phẩm chất lượng nhất. Bên cạnh đó, việc kiến thức kết hợp với thực hành trong ngành luôn là điều cần thiết. Sinh viên khi trải qua nhiều học kỳ doanh nghiệp, các chương trình kiến tập sẽ mở ra nhiều cơ hội nằm nuôi dưỡng một thế giới quan phát triển với thực phẩm bổ dưỡng, an toàn và lành mạnh.

Triển vọng nghề nghiệp
Với sự phát triển mạnh mẽ của khoa học thực phẩm, thị trường việc làm của lĩnh vực này là vô cùng tiềm năng. Xuất phát từ nhu cầu nhân sự ngày càng tăng của doanh nghiệp, ngành công nghiệp thực phẩm đang nhận được sự đầu tư mạnh mẽ từ nhiều doanh nghiệp, tập đoàn lớn. Chưa kể, mức thu nhập đáng ngưỡng mộ cùng phúc lợi xã hội hấp dẫn, cơ hội việc làm càng không bị giới hạn như nhiều người vẫn hoài nghi. Sinh viên ngay khi tốt nghiệp có thể linh hoạt chuyển hướng sang vai trò tiếp thị kinh doanh thực phẩm, phân tích hoặc tác giả chuyên về ẩm thực.

Ẩm thực phong phú
Gia nhập ngành Công nghệ thực phẩm đồng nghĩa với việc bạn đang bước vào lĩnh vực công nghệ thực phẩm, có cơ hội tìm hiểu chuyên sâu về thực phẩm yêu thích, được đào tạo bài bản bởi nhiều trường đại học uy tín. Nếu đủ may mắn, bạn còn được thực tập ở nhiều tập đoàn, doanh nghiệp lớn, tham gia chương trình khởi nghiệp…

Nhu cầu nguồn nhân lực của ngành
Việc xây dựng và phát triển thương hiệu ngành Nông sản thực phẩm nói riêng Việt Nam đang giành được sự quan tâm rất lớn của chính phủ, trong hơn 1 thập kỷ qua, tốc độ tăng trưởng kinh tế khả thi ở mức 5%/năm, có thể lên đến 6%, nhu cầu tiêu dùng cao, cùng sự phát triển các khu vực đô thị hóa và gia tăng thị trường bán lẻ khiến người dân quan tâm và có nhu cầu đối với thực phẩm sạch. 
Các kỹ thuật về Công nghệ chế biến thịt, các sản phẩm từ thịt, công nghệ sản xuất và chế biến sữa. Sản xuất rượu bia, sản xuất nước giải khát… những cử nhân ngành công nghệ thực phẩm làm việc trong xí nghiệp lớn, các sản phẩm này có thể được sản xuất và tiêu thụ trong nước hoặc đem xuất khẩu và thu về lợi nhuận cao. Chế biến lương thực - thực phẩm là ngành công nghiệp trọng yếu chiếm 4,52% tổng nhu cầu nguồn nhân lực. Cũng theo báo Dân Việt, dự báo nhu cầu đến năm 2030, ngành Công nghệ thực phẩm sẽ lọt TOP 10 nhóm ngành khát nhân lực và đi kèm với sự phát triển xã hội.",,,
Vị trí việc làm của ngành Công nghệ thực phẩm,"Là ngành học khá phổ biến nhưng ít ai biết rằng cơ hội việc làm đối với ngành học này rất cao. Ứng dụng của ngành đa dạng và có tính thiết yếu trong cuộc sống. Sinh viên ngay khi ra trường có thể đảm nhận nhiều vị trí sau:

Kỹ sư chế biến, đảm bảo chất lượng, kiểm tra chất lượng sản phẩm, an toàn thực phẩm, quản lý sản xuất, khởi nghiệm trong lĩnh vực thực phẩm, nghiên cứu R&D, nhân viên kiểm định chất lượng, nhân viên kiểm soát chất lượng nguyên liệu, chuyên viên nghiên cứu và phát triển sản phẩm, chuyên viên dinh dưỡng, kỹ thuật viên sản xuất, nhân viên phòng thí nghiệm… Và nhiều công việc khác tại nhà máy, công ty thực phẩm như: công ty bia rượu, nước giải khát, công ty chế biến sữa và các thực phẩm từ sữa, công ty chế biến gia vị…",,,
"Em muốn nộp hồ sơ ĐKXT theo bài ĐGNL ĐHQG TP.HCM năm 2024, khi nào có thể nộp và nộp như thế nào?","Em cần đăng ký bằng hình thức tuyển sinh trực tuyến trên cổng Đại học Đà Nẵng tại địa chỉ: https://ts.udn.vn/.
ĐHQG TP.HCM tổ chức kỳ thi trước, điểm thi là điều kiện để sinh viên đăng ký xét tuyển nhưng không thay thế ĐKXT qua hệ thống của Bộ GD&ĐT.
Địa điểm: Phòng 107, tầng 1, khu A, 41 Lê Duẩn, Hải Châu, Đà Nẵng.",,,
Các phương thức xét tuyển học bạ và điểm thi ĐGNL có bị sai sót thông tin hay không?,"Đại học Đà Nẵng sẽ đối chiếu hồ sơ sau khi thí sinh hoàn tất đăng ký và sẽ điều chỉnh nếu có sai sót.
Nếu có sai sót, em có thể cập nhật bằng cách gửi email đến hội đồng tuyển sinh.
Trong quá trình xét tuyển, trường sẽ đối chiếu dữ liệu giữa các hệ thống khác nhau để đảm bảo chính xác.",,,
 Em có thể đăng ký cùng lúc nhiều phương thức xét tuyển không?,"Trường Đại học Bách khoa có 6 phương thức xét tuyển: Tuyển thẳng, Học bạ, ĐGNL, ĐGTD, xét điểm thi THPT.
Thí sinh trúng tuyển đợt xét tuyển sớm vẫn phải đăng ký trên hệ thống của Bộ GD&ĐT.",,,
"Khi xét học bạ, xét TSR cần chuẩn bị những giấy tờ gì?","Giấy tờ bắt buộc: Học bạ/bảng điểm có công chứng, CCCD, minh chứng xét tuyển.
Giấy tờ bổ sung: Minh chứng đối tượng ưu tiên, khu vực ưu tiên (nếu có).",,,
Số lượng nguyện vọng tối đa khi đăng ký theo phương thức tuyển sinh riêng là bao nhiêu?,"Mỗi thí sinh chỉ nộp 01 bộ hồ sơ xét tuyển theo phương thức tuyển sinh riêng.
Mỗi hồ sơ có tối đa 05 nguyện vọng vào các ngành của trường.",,,
" Em có giải nhất KHKT và giải nhì HSG tỉnh, em có thể dùng cả 2 để xét tuyển không?","Em chỉ được chọn 01 nhóm xét tuyển duy nhất.
Nên chọn nhóm có độ ưu tiên cao hơn, trong trường hợp này là giải nhì HSG.",,,
Em muốn đăng ký xét tuyển bằng điểm kỳ thi THPT 2024 thì như thế nào?,"Thí sinh phải đăng ký xét tuyển trên hệ thống của Bộ GD&ĐT sau khi có điểm thi THPT.
Thời gian xét tuyển theo quy định của Bộ.",,,
Em có thể đăng ký 12 nguyện vọng cho nhiều ngành khác nhau không?,"Được đăng ký nhiều ngành, miễn là phù hợp với tổ hợp xét tuyển.
Điểm xét tuyển của từng tổ hợp có thể khác nhau.",,,
Hiểu về Ngôn ngữ Hàn,"Ngôn ngữ Hàn là loại ngôn ngữ nằm trong top 10 thế giới về số lượng người sử dụng và là một trong thức tiếng nhận được sự ưu ái của đông đảo người nước ngoài khi chọn học ngôn ngữ thứ 2, thứ 3. Ngành chuyên đào tạo cho sinh viên hiểu biết về tiếng Hàn và con người, văn hóa đất nước Hàn. Tuy nhiên có thể hiểu đơn giản là chuyên sâu nghiên cứu, sử dụng tiếng Hàn là ngành chuyên nghiên cứu.",,,
" Em muốn đăng ký xét tuyển ngành Kiến trúc, cần chuẩn bị gì?","Ngành Kiến trúc yêu cầu có môn năng khiếu.
Thí sinh có thể thi năng khiếu tại trường hoặc nộp điểm từ các trường khác tổ chức.",,,
Những chương trình đào tạo nào của Trường sẽ được cấp bằng Kỹ sư sau khi ra trường? Những ngành nào sẽ cấp bằng Cử nhân ạ?,"Cấp bằng Kỹ sư: Với khóa Tuyển sinh 2024, ngoại trừ các chương trình đào tạo ngành kiến trúc sau khi hoàn thành chương trình đào tạo người học sẽ được cấp bằng Kiến trúc sư, đối các chương trình đào tạo còn lại thì người học khi sẽ được cấp bằng Kỹ sư sau khi đăng ký và hoàn thành chương trình đào tạo tích hợp Cử nhân-Kỹ sư;

Cấp bằng Cử nhân: Với khóa Tuyển sinh 2024, ngoại trừ các chương trình đào tạo ngành kiến trúc sau khi hoàn thành chương trình đào tạo người học sẽ được cấp bằng Kiến trúc sư, đối các chương trình đào tạo còn lại thì người học khi sẽ được cấp bằng Cử nhân sau khi hoàn thành chương trình đào tạo đại học.",,,
 Cách tính điểm tổ hợp trong xét tuyển học bạ như thế nào?,"Điểm xét tuyển (ĐXT) = Tổng điểm 3 môn thuộc tổ hợp xét tuyển với hệ số tương ứng mỗi môn, rồi quy về thang điểm 30 + Điểm ưu tiên tuyển sinh theo Quy chế tuyển sinh hiện hành

Điểm môn học dùng để xét tuyển là điểm trung bình của môn học ở năm lớp 10, lớp 11 và học kỳ I năm lớp 12, làm tròn đến 2 số lẻ.

Ví dụ:

Học sinh xét tuyển vào ngành N có tổ hợp xét là A, B, C có hệ số tương ứng là x,y,z

Điểm môn A = ( Điểm TB môn A năm lớp 10 + Điểm TB môn A năm lớp 11 + Điểm TB môn A HK 1 năm 12)/3

Điểm môn B, C tính tương tự môn A.

Điểm xét tuyển = (A*x+B*y+C*z)*3/(x+y+z) + Điểm ưu tiên",,,
Chương trình đại trà và Chương trình CLC giống và khác nhau như thế nào?,"Giống nhau: Thời gian đào tạo.

Khác nhau: Chương trình CLC yêu cầu cao hơn chương trình đại trà về chuẩn đầu ra và trong quá trình tổ chức đào tạo; theo đó các chương trình chất lượng cao yêu cầu trình độ giảng viên tham gia giảng dạy; tỷ lệ số môn học giảng dạy bằng tiếng Anh; điều kiện học tập,.. được quy định tại Thông tư 23/2014 của Bộ Giáo dục và Đào tạo. Ngoài ra, sinh viên chương trình CLC được Nhà trường hỗ trợ khoá tiếng Anh miễn phí trong 1 học kỳ (khoảng 300 tiết), lệ phí 01 lần thi TOEIC quốc tế do Nhà trường phối hợp tổ chức và có cơ hội nhận được nhiều học bổng có giá trị dành cho sinh viên CLC theo quy định của Trường. Nhà trường có chính sách hỗ trợ đối với sinh viên CLC trong hoạt động nghiên cứu khoa học, thực tập, trao đổi sinh viên và giao lưu học thuật với doanh nghiệp và các trường đại học nước ngoài. Sinh viên tốt nghiệp loại Khá sẽ được hỗ trợ giới thiệu việc làm sau khi tốt nghiệp.",,,
"Chương trình đại trà và CLC học bao nhiêu năm, tốt nghiệp ra trường bằng gì?","Thực hiện Luật giáo dục đại học sửa đổi và Nghị định 99 của Chính phủ, từ khoá tuyển sinh 2021 chương trình đại trà và chương trình CLC được tổ chức đào tạo theo mô hình tích hợp “Cử nhân-Kỹ sư”. Sinh viên có thể chọn phương án:

- Hoàn thành chương trình Đại học và nhận bằng tốt nghiệp Đại học (Cử nhân) trong thời gian 3,5-4,0 năm.

- Hoặc tiếp tục hoàn thành chương trình đào tạo chuyên sâu (Kỹ sư) thêm 1,5 năm để nhận Bằng tốt nghiệp Kỹ sư + Bằng cử nhân.",,,
 Chương trình CLC dạy bằng tiếng Anh hay tiếng Việt? Nếu tiếng Anh chưa tốt có thể học chương trình CLC không?,"Chương trình CLC giảng dạy bằng tiếng Việt. Tiếng Anh chỉ chỉ được sử dụng để giảng dạy một số học phần trong chương trình CLC. 

Nếu tiếng Anh chưa tốt, em hoàn toàn có thể học tốt chương trình CLC. Nhà trường có kế hoạch bồi dưỡng, nâng cao năng lực tiếng Anh đối với người học trong năm đầu tiên vào trường. Sinh viên chương trình CLC được Nhà trường hỗ trợ khoá tiếng Anh miễn phí trong 1 học kỳ (khoảng 300 tiết), lệ phí 01 lần thi TOEIC quốc tế do Nhà trường phối hợp tổ chức và có cơ hội nhận được nhiều học bổng có giá trị dành cho sinh viên CLC theo quy định của Trường.",,,
 Những đối tượng nào được cộng điểm ưu tiên? Minh chứng là giấy tờ gì?,"Đối tượng được cộng điểm ưu tiên: Xem khoản 1 điều 7, thông tư 09/2020/BGDĐT

- Giấy tờ cần nộp: ưu tiên theo đối tượng nào thì nộp minh chứng tương ứng",,,
Thí sinh tự do có được xét tuyển thẳng theo quy định của Bộ GD hay TSR của Trường không?,"Phương thức xét tuyển theo phương thức TSR của trường chỉ áp dụng đối với những thí sinh Tốt nghiệp THPT năm 2021.

- Các thí sinh khác, căn cứ theo quy định tại điều 7, Thông tư 09/2020/TT-BGDĐT, Quy chế tuyển sinh trình độ đại học, tuyển sinh trình độ cao đẳng ngành giáo dục mần non",,,
 Các giấy tờ trong hồ sơ xét tuyển có cần công chứng không?,"Đối với phương thức tuyển thẳng theo quy định của Bộ GD&ĐT, Xét tuyển theo kết quả thi tốt nghiệp THPT năm 2021: Các thủ tục, giấy tờ theo quy định hiện hành của Bộ GD&ĐT.

- Đối với phương thức Xét tuyển học bạ, Đánh giá Năng lực do Đại học Quốc gia HCM tổ chức: Theo quy định của Đại học Đà Nẵng.

- Đối với Xét tuyển theo phương thức tuyển sinh riêng, trong hồ sơ xét tuyển thí sinh cung cấp bản sao, chụp các giấy tờ hợp lệ theo yêu cầu. Sau khi trúng tuyển, thí sinh sẽ nộp bản photocopy công chứng và cung cấp bản chính các giấy tờ liên quan để kiểm tra đối chiếu.",,,
Ngoài khoa CNTT còn có ngành nào đào tạo liên quan đến CNTT không?,"CNTT hiện nay là xu hướng của xã hội, do đó không riêng gì các ngành CNTT mà tất cả 44 Chương trình đào tạo tại trường Đại học Bách khoa, Đại học Đà Nẵng đều có giảng dạy các học phần liên quan đến CNTT, hay định hướng sử dụng CNTT trong xử lý công việc.",,,
Đôi điều về ngành Công nghệ kỹ thuật điều khiển và tự động hóa,"Với đặc thù là ngành công nghệ kỹ thuật tích hợp nhiều công nghệ, với mức thu nhập hấp dẫn nhưng nhiều doanh nghiệp tại Việt Nam vẫn còn gặp trắc trở trong việc tuyển dụng nguồn nhân lực chất lượng. Với triển vọng nghề nghiệp và được nhiều ông lớn săn đón nhưng có lẽ vẫn còn nhiều bạn trẻ chưa hiểu hết về ngành học đặc thù này.

Ngành CNKT điều khiển - Tự động hóa hiểu một cách đơn giản là ngành học chuyên về lập trình, điều khiển, thiết kế, vận hành về thiết bị điều khiển, các máy móc, thiết bị, dây chuyền sản xuất tự động. Nghiên cứu về giải thuật điều khiển, thuật toán robot, xe tự hành, xe điện… Ứng dụng các bộ điều khiển PLC, HMI, SCADA, các thiết bị IOT để tự động hóa sản xuất công nghiệp, nông nghiệp công nghệ cao và trong các vấn đề cuộc sống.",,,
Các chuyên môn trong ngành Công nghệ kỹ thuật điều khiển và Tự động hóa,"Các chuyên môn trong ngành

- Điện dân dụng - công trình: Trang bị các kiến thức và kỹ năng về chuyên môn điện công trình, thiết kế, lắp đặt thi công hệ thống điện M&E cho các tòa nhà, công trình.
- Điều khiển, giám sát hệ thống: Trang bị các giải thuật điều khiển, đo lường - cảm biến, áp dụng các bộ điều khiển thông minh để điều khiển ổn định hệ thống, sử dụng các bộ điều khiển PLC để xây dựng các bảng tủ điều khiển, vận hành giám sát các dây chuyền, máy móc từ HMI, Scada, qua Smartphone và Web, vận hành, bảo trì các hệ thống sản xuất công nghiệp.
- Lập trình IoT: Trang bị các kiến thức và kỹ năng về chuyên môn lập trình, thiết kế, tích hợp các ứng dụng điều khiển sử dụng internet để điều khiển hệ thống từ xa như: các hệ thống nông nghiệp thông minh, nông nghiệp công nghệ cao, nhà máy thông minh…
- Trí tuệ nhân tạo trong điều khiển: Trang bị các kiến thức về thuật toán, giải thuật điều khiển, sử dụng máy học để phân tích, xử lý thông tin và điều khiển các tay máy, xe tự hành, xe điện, máy bay không người lái…
- Kỹ thuật điện lạnh: Chuyên viên thi công lắp đặt và vận hành điều khiển các hệ thống Chiller, hệ thống lạnh trong công nghiệp đảm đảm an toàn, tiết kiệm về năng lượng công trình và nhà máy.",,,
review về ngành CNKT Điều khiển và Tự động hóa,"Là tín đồ kỹ thuật, mong muốn là người vận hành kỹ thuật tại các nhà máy điện, cao hơn là Giám đốc kỹ thuật doanh nghiệp… thế thì đừng chần chừ.
Bạn muốn biết gì về ngành công nghệ kĩ thuật (CNKT) điều khiển và tự động hóa nào?
Ví dụ như:
- việc làm khi theo học ngành CNKT Điều khiển và Tự động hóa
- Đôi điều về ngành Công nghệ kỹ thuật điều khiển và tự động hóa
- Các chuyên môn trong ngành CNKT Điều khiển và Tự động hóa
- Học ngành Công nghệ kỹ thuật điều khiển và tự động hóa ở đâu uy tín",,,
Vị thế của ngành Công nghệ kỹ thuật điều khiển và tự động hóa,"Đúng với tên gọi của ngành, tự động hóa chỉ việc việc hành của một dây chuyền sản xuất ứng dụng công nghệ hiện đại để thay sức lao động của con người tự động vận hành máy móc để sản xuất ra hàng hóa. Bạn hình dung rằng đến một ngày nhà máy nào cũng sở hữu robot sản xuất hàng hóa tự động, thay thế con người trong công việc sản xuất lặp đi lặp lại, cùng với đó là đội ngũ nhân lực kinh nghiệm cao đứng giám sát điều khiển máy móc. 

Ngành Công nghệ kỹ thuật điều khiển và tự động hóa thừa hưởng và được phát triển dựa trên sự phát triển của nhiều lĩnh vực khác như kỹ thuật máy tính, kỹ thuật xử lý, phân tích và lưu trữ dữ liệu hay sự phát triển công nghệ cảm biến, công nghệ truyền thông… Các hệ thống điều khiển tự động hóa ngày càng hiện đại hơn, được tích hợp nhiều công nghệ hơn, nhiều tính năng hơn để đáp ứng nhu cầu tăng năng suất nhà máy…

Nhiều doanh nghiệp lớn ở nước ngoài đã chọn Việt Nam là địa chỉ đỏ đặt trụ sở sản xuất chính, đưa nước ta vào chuỗi cung ứng toàn cầu, tạo ra nhiều việc làm cho lĩnh vực này. 

Việc phát triển các hệ thống thiết bị tự động hóa là xu hướng tương lai, giúp thực hiện công việc dây chuyền nhanh chóng, tiết kiệm chi phí, công sức và thời gian vận hành. Mỗi lần sản xuất sản phẩm thay đổi liên tục, mỗi lần thay đổi sản xuất sản phẩm mới là mỗi lần phải thay đổi toàn bộ máy móc thiết bị. Do vậy, sự ra đời của PLC và máy tính cùng sự phát triển khoa học điều khiển, hệ thống sản xuất linh hoạt như đòi hỏi trên đã trở nên phổ biến. Ngành Công nghệ kỹ thuật điều khiển và tự động hóa có phạm vi hoạt động khá rộng, xuất hiện ở hầu hết mọi kỹ thuật khoa học công nghệ hiện đại nhất.",,,
"Em đậu xét học bạ, nhưng em đợi kết quả xét điểm thi THPT rồi xác nhận nhập học được không?",Thí sinh trúng tuyển phải xác nhận nhập học trong thời gian qui định của Trường. Thí sinh nào không xác nhận nhập học trong thời hạn quy định của Trường thì xem như từ chối nhập học. Nhà trường xóa tên và xét thí sinh khác trong đợt xét bổ sung hoặc hình thức xét tuyển khác.,,,
 Em có thể học 02 bằng song song được không? Điều kiện để đăng ký học là như thế nào?,"Theo Quy định 268/ ĐHBK ngày 07 tháng 07 năm 2016 về đào tạo đại học hệ chính quy theo hệ thống tín chỉ, việc học cùng lúc hai chương trình đối với sinh viên nhà trường là hoàn toàn có thể. Điều kiện học cùng lúc hai chương trình xem chi tiết tại Điều 17 của Quy định này tại địa chỉ http://daotao.dut.udn.vn/Content/PDF/QuyChe/QCQD_Daihoc_QD268.pdf",,,
Em có thể nộp hồ sơ bằng nhiều phương thức xét tuyển khác nhau không? Các ngành trong các phương thức xét tuyển đó giống hay khác nhau?,"Em hoàn toàn có thể nộp hồ sơ xét tuyển ở nhiều phương thức xét tuyển khác nhau nếu đáp ứng điều kiện của các phương thức. Việc nộp hồ sơ xét tuyển vào nhiều phương thức khác nhau sẽ giúp tăng khả năng trúng tuyển vào chương trình đào tạo mong muốn.

Các nguyện vọng lựa chọn trong mỗi phương thức do thí sinh quyết định sao cho khả năng trúng tuyển vào chương trình đào tạo mong muốn cao nhất.

Tham khảo chỉ tiêu, nguyên tắc xét tuyển của các phương thức tại đây: http://dut.udn.vn/Tuyensinh2021/Gioithieu/id/6058",,,
Nguyên tắc xét nguyện vọng như thế nào? Có khả năng em cùng đậu 02 ngành trong cùng một phương thức xét tuyển không?,"Đối với mỗi thí sinh, việc xét tuyển sẽ căn cứ trên thứ tự nguyện vọng. Thí sinh trúng tuyển ở nguyện vọng cao hơn sẽ không được xét tiếp các nguyện vọng tiếp theo. Do đó việc em đâu 2 ngành trong cũng một phương thức là không thể.",,,
"Kết quả xét học bạ, xét theo TSR của Trường có trước hay sau khi có điểm thi THPT?","Sau khi có kết quả xét tuyển theo phương thức học bạ, phương thức xét tuyển theo TSR, nhà trường sẽ thông báo kết quả cho các thí sinh đủ điều kiện trúng tuyển vào trường theo các phương thức trên. Tuy nhiên, thí sinh chỉ trúng tuyển vào trường sau khi đã tốt nghiệp trung học phổ thông.

Thời gian xét tuyển và công bố kết quả theo lịch trình do Bộ GDĐT quy định, trong năm 2020 thì cùng khoản thời gian với công bố kết quả THPT.",,,
Đối với phương thức TSR có phải em đủ điều kiện nộp hồ sơ là em trúng tuyển không? Nếu không nó giống và khác gì với phương thức xét học bạ?,"Đối với phương thức TSR, đủ điều kiện nộp hồ sơ không đồng nghĩa với việc thí sinh đã trúng tuyển. Sau khi thí sinh nộp hồ sơ xét tuyển theo phương thức tuyển sinh riêng, căn cứ trên quy định, nguyên tắc và số lượng chỉ tiêu của từng chương trình đào tạo, Hội đồng xét tuyển sẽ tiến hành xét tuyển. Sau khi có kết quả, Hội đồng sẽ thông báo đến các thí sinh đủ điều kiện trúng tuyển vào chương trình đào tạo đăng ký. Tuy nhiên thí sinh chỉ trúng tuyển sau khi tốt nghiệp trung học phổ thông. Tuy nhiên, do số lượng hồ sơ đạt điều kiện xét tuyển phương thức TSR thường là không nhiều, do đó khả năng trung tuyển đối với phương thức này sẽ cao hơn.",,,
Điểm chuẩn được tính như thế nào?,"Điểm chuẩn được tính theo quy định hiện hành của Bộ GDĐT, ngưỡng đảm bảo chất lượng đã, chỉ tiêu công bố trong đề án tuyển sinh 2025 và số lượng hồ sơ xét tuyển.",,,
Khi nào Trường sẽ nhận hồ sơ xét tuyển theo kết quả thi THPT? Hồ sơ bao gồm những gì và nộp ở đâu? Và tối đa bao nhiêu nguyện vọng?,Quy định hồ sơ và thời gian theo quy định chung của Bộ GDĐT.,,,
"Khi trúng tuyển vào Trường, em có thể đổi ngành học được không?","Việc đổi chương trình đào tạo sau khi trúng tuyển vào trường là không thể. Trường hợp số lượng trúng tuyển vào một chương trình đào tạo nhỏ hơn số lượng thí sinh cần thiết để mở lớp như đã công bố trong đề án tuyển sinh 2025, thí sinh sẽ được phép đăng ký chuyển sang ngành đào tạo khác có cùng tổ hợp xét tuyển, cùng phương thức tuyển và có điểm xét tuyển cao hơn điểm trúng tuyển của ngành sẽ chuyển sang.",,,
"Theo phương thức xét học bạ, Trường Bách khoa sẽ nộp hồ sơ riêng hay chung với các trường khác của Đại học Đà Nẵng?","Đối với phương thức này việc nộp hồ sơ xét tuyến do Đại học Đà Nẵng quy định. Năm 2024, việc nộp hồ sơ xét tuyển theo phương thức học bạ là chung cho các trường thành viên của Đại học Đà Nẵng, và mỗi thí sinh chỉ được phép nộp 1 hồ sơ và tối đa 5 nguyện vọng.",,,
Làm sao để biết bạn phù hợp với ngành CNKT Xây dựng,"Thật ra mối băn khoăn “làm sao để biết mình có phù hợp với ngành kỹ thuật xây dựng” xuất phát từ tâm lý hoang mang, chưa xác định rõ sở thích, mục tiêu cũng như tố chất để theo học của các bạn trẻ khi chọn ngành.

1. Đam mê với kiến trúc và xây dựng
Nếu bạn thường nhìn một công trình và nghĩ xem người ta đã xây nó như thế nào, hay quan tâm đến kiến trúc và các công nghệ xây dựng, đây là dấu hiệu bạn có thể phù hợp. Tình yêu với những công trình hoành tráng hay cả những thiết kế kỹ thuật cũng giúp bạn bền bỉ khi học và làm việc trong ngành.

2. Sở thích trong các môn kỹ thuật và toán học
Ngành CNKT Xây dựng đòi hỏi kiến thức vững chắc về vật lý, toán học, và cả các phần mềm kỹ thuật hỗ trợ mô phỏng. Nếu bạn thấy hứng thú và có khả năng tiếp thu các môn như Cơ học vật liệu, Kết cấu công trình, thì xin chúc mừng, bạn đã vượt qua một ""bài test"" cơ bản.

3. Tư duy logic và khả năng giải quyết vấn đề
Một kỹ sư xây dựng phải đối mặt với vô số tình huống phát sinh tại công trường và trong quá trình thiết kế. Nếu bạn có khả năng phân tích, đưa ra các giải pháp sáng tạo, thì đây là một điểm cộng lớn. Tư duy logic là chìa khóa để bạn tính toán, thiết kế, và giải quyết các bài toán kỹ thuật phức tạp.

4. Khả năng làm việc nhóm
Xây dựng là ngành cần sự phối hợp giữa nhiều bên: kỹ sư thiết kế, kiến trúc sư, công nhân xây dựng, và chủ đầu tư. Nếu bạn là người giao tiếp tốt và biết cách làm việc trong nhóm, bạn sẽ dễ dàng hòa nhập và phát triển.

5. Sự kiên nhẫn và khả năng chịu đựng áp lực
Công việc xây dựng thường căng thẳng và đòi hỏi sự kiên nhẫn. Các dự án kéo dài, yêu cầu chính xác cao, và áp lực từ các deadline có thể làm bạn mệt mỏi. Nhưng nếu bạn cảm thấy mình có thể đối phó với các điều kiện làm việc như thế, thì ngành này khá hứa hẹn.

6. Sẵn sàng học hỏi các công nghệ mới
Công nghệ xây dựng đang phát triển mạnh mẽ với sự ra đời của nhiều công cụ và phần mềm như AutoCAD, Revit, BIM, và các công nghệ xanh trong xây dựng. Nếu bạn sẵn lòng học hỏi và cập nhật công nghệ, thì ngành này sẽ rất phù hợp, vì bạn sẽ có lợi thế cạnh tranh lớn trên thị trường lao động.",,,
Ngành Công nghệ kỹ thuật Xây dựng có khô khan,"Công nghệ kỹ thuật Xây dựng chuyên về thiết kế kết cấu, thi công, triển khai vận hành hệ thống mô hình thông tin công trình, giám sát và quản lý các dự án công trình xây dựng dân dụng, công trình công nghiệp, hạ tầng kỹ thuật như: nhà ở, các công trình công nghiệp, trường học, bệnh viện, nhà máy, các công trình dịch vụ thuộc ngành kinh tế du lịch; xây dựng các công trình giao thông.
",,,
Các chuyên môn trong ngành xây dựng,"Xây dựng dân dụng và công nghiệp: Thành thạo các kỹ năng về chuyên môn, về khảo sát, thiết kế, thi công, giám sát, quản lý các loại dự án như trên.
BIM trong kỹ thuật xây dựng: Thành thạo các kỹ năng chuyên môn về BIM để ứng dụng trong ngành xây dựng dựa trên các mô hình 3D kỹ thuật số
Xây dựng công  trình giao thông: Thành thạo các kỹ năng chuyên môn về khảo sát, thiết kế, thi công và quản lý dự án ở lĩnh vực xây dựng công trình giao thông: đường cao tốc, đường đô thị, cầu, hạ tầng kỹ thuật…
Thiết kế nội thất: Thành thạo các kỹ năng về xây dựng, thiết lập và kiến tạo không gian nội thất trở nên hấp dẫn và thông minh hơn với cấu trúc, cách phối màu, đồ đạc và đồ trang trí.",,,
Ngành xây dưng Thuộc TOP ngành học tỷ lệ việc làm cao,"Theo thống kê của Trung tâm dự báo nhu cầu nhân lực và Thông tin thị trường lao động thành phố Hồ Chí Minh, kiến trúc – xây dựng hiện là ngành thu hút nhiều nhân lực, chiếm 4% (khoảng 11.000 người/năm) tổng nhu cầu nhân lực mỗi năm của riêng TP.HCM. Hơn nữa, việc Việt Nam gia nhập Cộng đồng kinh tế ASEAN (AEC) và TPP đã mở ra nhiều cơ hội cho lao động Việt Nam với dự báo sẽ tăng trưởng mạnh mẽ việc làm trong các lĩnh vực xây dựng, giao thông vận tải, dệt may, chế biến thực phẩm.

Nhu cầu nhân lực lớn đi đôi với chế độ đãi ngộ tốt là điều thu hút nhiều thí sinh. Sinh viên tốt nghiệp ngành này được trả với mức lương hậu hĩnh. Dựa vào năng lực và kỹ năng mà mức lương có thể dao động từ 300 - 1000 USD/tháng. Ngoài ra, người làm ngành này có thể phát triển nghề nghiệp ra cả thị trường nước ngoài với mức lương dao động 80.000 USD/ năm. Chính vì vậy, để chớp lấy cơ hội này, sinh viên cần trang bị chuyên môn và kỹ năng vững vàng.",,,
Yêu cầu cần có với ngành Công nghệ kỹ thuật Xây dựng,"Yêu cầu cần có với ngành Công nghệ kỹ thuật Xây dựng
1. Đam mê với ngành Công nghệ kỹ thuật Xây dựng
Thực chất mà nói Xây dựng luôn được biết đến là ngành học khô khan, khó tiếp cận. Do đó, những bạn theo đuổi ngành này cần phải có tình yêu và đam mê để phát triển ngành. Nếu bản thân không đủ lửa sẽ rất dễ từ bỏ bởi áp lực, vất vả hoặc bị chi phối bởi nhiều yếu tố khác.
Một điều cực kỳ quan trọng đó là ngành Công nghệ kỹ thuật Xây dựng rất dễ làm giàu bằng đôi tay cần mẫn, óc sáng tạo. Tuy nhiên, để đạt thành công này, bạn phải đi qua khổ luyện, phải sống và cống hiến với nghề. Làm bất kể công việc gì đều xuất phát từ tình yêu và ước mơ, nếu bạn cứ học và làm việc “có lệ” thì sớm muộn bạn cũng cho rằng mình chọn nhầm ngành.

2. Tư duy tính toán tốt
Yêu cầu đầu tiên để bạn theo đuổi ngành Công nghệ kỹ thuật Xây dựng là phải học tốt các môn tự nhiên và khả năng tính toán logic. Bởi bạn biết đấy, ngành Xây dựng là ngành học đặc thù yêu cầu độ chính xác cao, tỉ mỉ trong việc thẩm định, chỉ cần sai một ly thì sẽ đi 1 dặm và dễ gây ra hậu quả khôn lường.

Việc bạn có sở trường học các môn tự nhiên, khả năng đo lường, tính toán và xử lý các con số mạch lạc sẽ dễ dàng thiết kế kỹ thuật hơn, dễ dàng lập dự toán. Và một điều vô cùng quan trọng nếu bạn là người có tư duy logic, nhanh nhạy, năng động thì bạn càng phù hợp hơn với ngành Công nghệ kỹ thuật Xây dựng.

3. Am hiểu địa lý, văn hóa
Nếu bạn có thể mạnh về việc a hiểu văn hóa, địa lý từng vùng khác nhau, sẽ giúp những công trình bạn thiết kế, xây dựng mang đậm bản sắc riêng nhưng vẫn giữ được sự phù hợp về địa lý, khí hậu và giữ được tuổi thọ bền bỉ.

Khi bắt tay vào thực hiện một công trình nào đó, bạn phải có sự tìm hiểu kỹ càng, dựa theo nét văn hóa riêng biệt của mỗi quốc gia hay vùng miền mà bạn kiến tạo nên. Do vậy, việc trau dồi kiến thức trong lĩnh vực này cũng là một lợi thế giúp bạn nâng cao năng lực chuyên môn và có chỗ đứng cho nghề.

4. Cần có những kỹ năng cần thiết
Những trường đại học đào tạo ngành Công nghệ kỹ thuật Xây dựng uy tín như ĐH Bách Khoa, Đại học Giao thông vận tải, Đại học Đông Á… sinh viên luôn được rèn luyện những kỹ năng cần thiết như: kỹ năng giao tiếp, kỹ năng làm việc nhóm, kỹ năng quản lý thời gian,... Đó cũng là chất xúc tác củng cố trình độ cho sinh viên khi rời ghế giảng đường. Chẳng hạn như ở trường ĐH Đông Á, sinh viên được theo học các kỹ năng trong chương trình đào tạo như thuyết trình, làm việc nhóm, khởi nghiệp, quản lý thời gian và sáng tạo…",,,
review ngành Công nghệ sinh học,"Ngành Công nghệ Sinh học (mã ngành 7420201) tập trung vào ứng dụng các nguyên lý sinh học vào sản xuất và đời sống, đặc biệt là trong lĩnh vực y dược, nông nghiệp, thực phẩm và môi trường.

Tại Trường Đại học Bách khoa - ĐH Đà Nẵng (DUT), ngành này có sự kết hợp giữa lý thuyết và thực hành, giúp sinh viên có kiến thức nền tảng vững chắc và khả năng ứng dụng thực tế.",,,
Chương trình đào tạo của ngành Công nghệ sinh học," Kiến thức cốt lõi:
Công nghệ di truyền, vi sinh, sinh hóa
Kỹ thuật lên men, công nghệ enzyme
Ứng dụng công nghệ sinh học trong y dược, thực phẩm
Kỹ thuật sinh học phân tử, nuôi cấy mô tế bào
Công nghệ xử lý môi trường sinh học

Thực hành - Thực tập:
Hệ thống phòng thí nghiệm hiện đại
Thực tập tại các viện nghiên cứu, doanh nghiệp, công ty thực phẩm, dược phẩm
 Đề tài nghiên cứu khoa học, đồ án tốt nghiệp mang tính ứng dụng cao",,,
Cơ hội việc làm của ngành Công nghệ sinh học,"Sau khi tốt nghiệp, sinh viên có thể làm việc tại:

Doanh nghiệp: Công ty dược phẩm, thực phẩm, chế biến nông sản, môi trường
Viện nghiên cứu: Công nghệ sinh học, y sinh, môi trường
Học thuật: Giảng dạy tại các trường đại học, trung tâm nghiên cứu
Khởi nghiệp: Phát triển sản phẩm công nghệ sinh học, thực phẩm chức năng
Một số vị trí tiêu biểu:

Kỹ sư công nghệ sinh học
Chuyên viên kiểm nghiệm thực phẩm, dược phẩm
Nhà nghiên cứu sinh học ứng dụng
Kỹ thuật viên xét nghiệm, kiểm soát chất lượng",,,
"Ưu, nhược điểm của ngành Công nghệ sinh học","Ưu điểm:

Chương trình đào tạo bài bản, cập nhật xu hướng mới
Cơ hội việc làm rộng mở trong nhiều lĩnh vực
Ứng dụng cao, gắn liền với thực tế
Nhược điểm:

Yêu cầu kiến thức vững về sinh học, hóa học, đòi hỏi sự chăm chỉ, kiên nhẫn
Một số ngành nghề có mức lương khởi điểm không quá cao nếu không tiếp tục nghiên cứu sâu",,,
review ngành Công nghệ sinh học Y Dược tại bách khoa đà nẵng,"Ngành Công nghệ Sinh học Y Dược (thuộc nhóm Công nghệ Sinh học) tập trung vào nghiên cứu, phát triển và ứng dụng công nghệ sinh học trong lĩnh vực y tế và dược phẩm. Sinh viên sẽ được đào tạo chuyên sâu về các kỹ thuật sinh học hiện đại nhằm phục vụ việc sản xuất thuốc, vắc-xin, chẩn đoán bệnh và điều trị.",,,
Chương trình đào tạo của ngành Công nghệ sinh học y dược,"Chương trình học tại Trường Đại học Bách Khoa - ĐH Đà Nẵng kết hợp giữa lý thuyết và thực hành, giúp sinh viên có nền tảng vững chắc về sinh học, hóa học và công nghệ sinh học ứng dụng trong y dược.

Kiến thức cốt lõi:

Sinh học phân tử, công nghệ DNA tái tổ hợp
Vi sinh y học, công nghệ tế bào gốc
Công nghệ sản xuất vắc-xin, kháng thể đơn dòng
Công nghệ sinh học dược phẩm, thiết kế thuốc
Kỹ thuật xét nghiệm, chẩn đoán sinh học
Công nghệ enzyme và protein ứng dụng trong y dược
Thực hành - Thực tập:

Hệ thống phòng thí nghiệm hiện đại với các thiết bị phân tích sinh học tiên tiến
Thực tập tại các bệnh viện, viện nghiên cứu, công ty dược phẩm
Thực hiện đồ án, nghiên cứu khoa học ứng dụng thực tế",,,
Cơ hội việc làm của ngành Công nghệ sinh họcY dược ,"Sau khi tốt nghiệp, sinh viên có thể làm việc tại:

Doanh nghiệp: Công ty dược phẩm, công ty công nghệ sinh học, phòng kiểm nghiệm thuốc
Viện nghiên cứu: Viện Pasteur, Viện Công nghệ Sinh học, Viện Y học dự phòng
Bệnh viện: Trung tâm xét nghiệm, khoa sinh học phân tử
Học thuật: Giảng dạy, nghiên cứu tại các trường đại học và cơ sở y dược
Một số vị trí tiêu biểu:

Chuyên viên nghiên cứu và phát triển thuốc sinh học
Kỹ thuật viên xét nghiệm y sinh
Chuyên viên kiểm định chất lượng thuốc và dược phẩm
Chuyên viên phân tích sinh học phân tử
Nhà khoa học trong lĩnh vực công nghệ sinh học y dược",,,
"Ưu, nhược điểm của ngành Công nghệ sinh học y dược","Ưu điểm:

Chương trình đào tạo hiện đại, bám sát nhu cầu thực tế của ngành y dược
Cơ hội làm việc trong các lĩnh vực có tiềm năng phát triển mạnh
Khả năng ứng dụng rộng rãi trong y học, dược phẩm, công nghệ sinh học
Nhược điểm:

Yêu cầu cao về kiến thức sinh học, hóa học và kỹ thuật phân tích
Cần có định hướng nghiên cứu hoặc học cao hơn để phát triển sự nghiệp
Một số vị trí yêu cầu làm việc trong môi trường phòng thí nghiệm với cường độ cao",,,
Ngành Kỹ thuật Máy tính tại Trường Đại học Bách khoa - Đại học Đà Nẵng," Ngành Kỹ thuật Máy tính tại Trường Đại học Bách khoa - Đại học Đà Nẵng (DUT) được quản lý và đào tạo bởi Khoa Điện tử - Viễn thông. Đây là ngành học kết hợp kiến thức của cả hai lĩnh vực Điện tử và Công nghệ Thông tin, tập trung vào thiết kế, phát triển các hệ thống phần cứng và phần mềm",,,
Chương trình đào tạo ngành kỹ thuật máy tính,"Chương trình đào tạo ngành Kỹ thuật Máy tính tại DUT được thiết kế theo mô hình tích hợp Cử nhân và Kỹ sư:

Cử nhân: Thời gian đào tạo 4 năm, cung cấp kiến thức nền tảng về Kỹ thuật Máy tính.
Kỹ sư: Thời gian đào tạo 5 năm, tập trung vào chuyên sâu và ứng dụng thực tiễn. 

Sinh viên sẽ được học các môn như:

Công nghệ vi xử lý
Hệ thống nhúng
Mạng máy tính
Thiết kế vi mạch
Xử lý tín hiệu số",,,
Cơ hội việc làm của ngành Kỹ thuật máy tính,"Sau khi tốt nghiệp, sinh viên có thể đảm nhận các vị trí như:

Kỹ sư thiết kế phần cứng
Kỹ sư phát triển phần mềm nhúng
Chuyên viên quản trị mạng
Chuyên viên an ninh mạng
Nhà phát triển hệ thống IoT
Với nhu cầu ngày càng cao về công nghệ và tự động hóa, cơ hội việc làm trong lĩnh vực Kỹ thuật Máy tính đang rất rộng mở.",,,
Điểm mạnh của ngành kỹ thuật máy tính,"Điểm mạnh của chương trình:

Đội ngũ giảng viên: Khoa Điện tử - Viễn thông có đội ngũ giảng viên giàu kinh nghiệm, nhiều người được đào tạo từ các trường đại học uy tín trên thế giới. 
Cơ sở vật chất: Hệ thống phòng thí nghiệm hiện đại, đáp ứng nhu cầu học tập và nghiên cứu của sinh viên.
Phương pháp giảng dạy: Áp dụng các phương pháp giảng dạy tiên tiến như học tập theo dự án, giúp sinh viên phát triển kỹ năng thực tiễn. ",,,
Review ngành Hệ thống Nhúng và IoT (Chương trình Tiên tiến Việt-Mỹ) tại Trường Đại học Bách khoa - Đại học Đà Nẵng,"Chương trình Tiên tiến ngành Hệ thống Nhúng và IoT (Embedded Systems & Internet of Things - ES & IoT) được Trường Đại học Bách khoa - Đại học Đà Nẵng (DUT) triển khai từ năm 2008. Chương trình được xây dựng dựa trên Đề án ""Đào tạo theo chương trình tiên tiến tại một số trường đại học Việt Nam giai đoạn 2006-2015"" của Bộ Giáo dục và Đào tạo, với mục tiêu phát triển các ngành đào tạo đạt chuẩn khu vực và quốc tế",,,
Chương trình đào tạo ngành Hệ thống Nhúng và IoT (Chương trình Tiên tiến Việt-Mỹ) tại Trường Đại học Bách khoa - Đại học Đà Nẵng,"Chương trình đào tạo: Chương trình ES & IoT được thiết kế theo mô hình tích hợp Cử nhân - Kỹ sư, đáp ứng chuẩn đầu ra bậc 7 theo Khung trình độ quốc gia Việt Nam. Sinh viên sẽ được trang bị kiến thức chuyên sâu về toán học, khoa học và các nguyên lý kỹ thuật để giải quyết các vấn đề phức tạp trong lĩnh vực Hệ thống Nhúng và IoT. 

Ngôn ngữ giảng dạy: Toàn bộ chương trình được giảng dạy bằng tiếng Anh, tạo điều kiện cho sinh viên tiếp cận với kiến thức hiện đại và nâng cao khả năng hội nhập quốc tế",,,
Cơ hội việc làm ngành Hệ thống Nhúng và IoT (Chương trình Tiên tiến Việt-Mỹ) tại Trường Đại học Bách khoa - Đại học Đà Nẵng,"Cơ hội việc làm: Sau khi tốt nghiệp, sinh viên có thể đảm nhận các vị trí như:

Kỹ sư phát triển phần mềm và phần cứng cho các thiết bị nhúng.
Chuyên viên nghiên cứu và phát triển các giải pháp IoT trong các doanh nghiệp công nghệ.
Chuyên viên tư vấn và triển khai các dự án liên quan đến hệ thống nhúng và IoT.
Ưu điểm:

Chương trình đào tạo tiên tiến, cập nhật theo xu hướng công nghệ hiện đại.
Môi trường học tập quốc tế với ngôn ngữ giảng dạy bằng tiếng Anh.
Cơ hội thực tập và hợp tác với các doanh nghiệp trong và ngoài nước.
Nhược điểm:

Yêu cầu sinh viên có khả năng tiếng Anh tốt để theo kịp chương trình.
Khối lượng kiến thức chuyên sâu đòi hỏi sự chăm chỉ và đam mê từ người học.",,,
Review ngành Công nghệ Thông tin tại Trường Đại học Bách khoa - Đại học Đà Nẵng,"Ngành Công nghệ Thông tin (CNTT) tại Trường Đại học Bách khoa - Đại học Đà Nẵng (DUT) thuộc khoa Công nghệ Thông tin. Đây là một trong những ngành đào tạo trọng điểm của trường với chương trình giảng dạy hiện đại, được cập nhật theo xu hướng công nghệ mới.

Chương trình đào tạo: Chuẩn đầu ra đạt bậc 6 theo Khung trình độ quốc gia Việt Nam.
Mô hình đào tạo: Cử nhân (4 năm) hoặc Kỹ sư (4.5-5 năm).
Các chuyên ngành:
Khoa học máy tính
Kỹ thuật phần mềm
Hệ thống thông tin
Mạng máy tính và An toàn thông tin
Trí tuệ nhân tạo & Khoa học dữ liệu (chương trình mới)",,,
Nội dụng đào tạo ngành Công nghệ Thông tin tại Trường Đại học Bách khoa - Đại học Đà Nẵng,"Chương trình đào tạo kết hợp giữa lý thuyết vững chắc và thực hành chuyên sâu. Các môn học chính bao gồm:

Lập trình (Python, Java, C/C++)
Cấu trúc dữ liệu & Giải thuật
Phát triển phần mềm
Trí tuệ nhân tạo & Học máy
An toàn thông tin
Phân tích & thiết kế hệ thống
Công nghệ Cloud, IoT, Blockchain",,,
Cơ hội việc làm của ngành công nghệ thông tin ,"Sinh viên tốt nghiệp có thể làm việc trong các vị trí:

Kỹ sư phần mềm, lập trình viên
Chuyên viên phân tích dữ liệu
Kỹ sư AI, Data Science
Chuyên gia an ninh mạng
Quản trị hệ thống & mạng
Giảng viên, nhà nghiên cứu
Các doanh nghiệp công nghệ lớn như FPT, VNPT, Viettel, KMS, Axon Active, CodeComplete, Google, Amazon, Microsoft,… đều có nhiều cơ hội tuyển dụng dành cho sinh viên DUT.

Ưu điểm và nhược điểm
Ưu điểm:
Chương trình đào tạo bài bản, cập nhật theo xu hướng công nghệ.
 Đội ngũ giảng viên giàu kinh nghiệm, nhiều người từng học tập và làm việc tại nước ngoài.
Cơ sở vật chất hiện đại, hỗ trợ thực hành và nghiên cứu.
Cơ hội thực tập và việc làm tốt, nhiều doanh nghiệp hợp tác.

Nhược điểm:
Khối lượng kiến thức lớn, cần sự chăm chỉ và tự học cao.
Một số môn có nội dung khá nặng về lý thuyết. 
Áp lực cạnh tranh lớn do có nhiều sinh viên giỏi trong ngành.",,,
"sự khác nhau của chương trình truyền thống, CLC tiếng anh, CLC tiếng nhật, Khoa học dữ liệu của ngành công nghệ thông tin tại đại học bách khoa đà nẵng ","Ngành Công nghệ Thông tin tại Trường Đại học Bách Khoa - Đại học Đà Nẵng hiện có 4 chương trình đào tạo chính:

Chương trình truyền thống (Đại trà)
Chương trình Chất lượng cao (CLC) - Tiếng Anh
Chương trình Chất lượng cao (CLC) - Tiếng Nhật
Chương trình Khoa học Dữ liệu và Trí tuệ Nhân tạo (Data Science & AI)
So sánh các chương trình đào tạo
1. Chương trình truyền thống (Đại trà)

Ngôn ngữ giảng dạy: Tiếng Việt
Thời gian đào tạo: 4-5 năm
Nội dung đào tạo: Tổng quát về CNTT (Lập trình, Mạng, An toàn thông tin, Phần mềm, AI)
Chuẩn đầu ra ngoại ngữ: TOEIC 450+
Cơ hội thực tập: Doanh nghiệp trong nước
Học phí: Khoảng 13 - 15 triệu đồng/năm
Cơ hội việc làm: Các công ty CNTT trong nước
Ưu điểm: Học phí thấp, chương trình đào tạo rộng
Nhược điểm: Cạnh tranh cao, chương trình khá nặng
2. Chương trình Chất lượng cao (CLC) - Tiếng Anh

Ngôn ngữ giảng dạy: Tiếng Anh (70-100%)
Thời gian đào tạo: 4- 5 năm
Nội dung đào tạo: Giống chương trình đại trà nhưng có thêm các môn học bằng tiếng Anh theo chuẩn quốc tế
Chuẩn đầu ra ngoại ngữ: IELTS 5.5+, toeic 600+
Cơ hội thực tập: Doanh nghiệp quốc tế, công ty đa quốc gia
Học phí: Khoảng 30 - 35 triệu đồng/năm
Cơ hội việc làm: Mức lương cao hơn, dễ xin việc ở công ty nước ngoài
Ưu điểm: Chuẩn quốc tế, khả năng tiếng Anh tốt, nhiều cơ hội du học
Nhược điểm: Học phí cao, yêu cầu tiếng Anh tốt
3. Chương trình Chất lượng cao (CLC) - Tiếng Nhật

Ngôn ngữ giảng dạy: Tiếng Nhật (50-100%)
Thời gian đào tạo: 4 - 5 năm
Nội dung đào tạo: Giống chương trình đại trà nhưng có đào tạo tiếng Nhật chuyên sâu
Chuẩn đầu ra ngoại ngữ: JLPT N3+
Cơ hội thực tập: Doanh nghiệp Nhật Bản tại Việt Nam và Nhật Bản
Học phí: Khoảng 30 - 35 triệu đồng/năm
Cơ hội việc làm: Dễ làm việc tại các doanh nghiệp Nhật Bản
Ưu điểm: Cơ hội việc làm với các công ty Nhật, có nhiều học bổng từ Nhật Bản
Nhược điểm: Học tiếng Nhật khó, số lượng công ty Nhật tại Việt Nam ít hơn so với công ty sử dụng tiếng Anh
4. Chương trình Khoa học Dữ liệu và Trí tuệ Nhân tạo (Data Science & AI)

Ngôn ngữ giảng dạy: Tiếng Việt (có một số môn học bằng tiếng Anh)
Thời gian đào tạo: 4 - 5 năm
Nội dung đào tạo: Tập trung vào Khoa học dữ liệu, Trí tuệ nhân tạo, Big Data, Machine Learning
Chuẩn đầu ra ngoại ngữ: IELTS 5.5+
Cơ hội thực tập: Các công ty công nghệ lớn về AI, Big Data
Học phí: Khoảng 30 - 35 triệu đồng/năm
Cơ hội việc làm: Làm trong các công ty công nghệ lớn về AI, FinTech, Big Data
Ưu điểm: Chương trình chuyên sâu về lĩnh vực hot, nhiều cơ hội phát triển trong AI, Machine Learning
Nhược điểm: Chương trình mới, có thể chưa nhiều doanh nghiệp tuyển dụng trực tiếp tại Việt Nam",,,
review về Kỹ sư điện,"Thực tế cho thấy, thời đại công nghệ số hiện nay, lĩnh vực điện - điện tử gần như chi phối mọi sinh hoạt, sản xuất, buôn bán… của con người. Kỹ thuật điện vì thế mà luôn tồn tại một ngành nghề mà cầu luôn cung. 

Bạn muốn biết thêm thông tin gì về Kỹ sư điện? Ví dụ như:
- Hiểu tổng quan về ngành CNKT Điện điện tử
- Kỹ sư điện cần nắm rõ 5 điều này
- Nhu cầu nguồn nhân lực ngành Điện - điện tử
- Học CNKT Điện điện tử ra trường làm việc gì?
- Mức thu nhập của một kỹ sư điện
- Những kỹ năng cần thiết có của một kỹ sư điện lành nghề
- Học CNKT Điện - điện tử, chọn trường nào chất lượng
",,,
Hiểu tổng quan về ngành CNKT Điện điện tử,"CNKT Điện - điện tử là ngành học giúp người học có chuyên môn sâu về hệ thống cung cấp điện, truyền tải điện, nhà máy điện, lắp đặt tủ điện, máy sản xuất công nghiệp, thiết kế mạch điện tử, lập trình vi điều khiển, PLC để điều khiển và giám sát thiết bị, xây dựng các hệ thống IoT để phục vụ đời sống thực tế nhằm góp phần vào xu hướng chuyển đổi số và số hóa trong xã hội.

Một kỹ sư kiện mang nhiều đặc điểm riêng biệt và sẽ thực hiện công việc liên quan đến xây dựng, thiết kế hay thử nghiệm, giám sát các công trình. Cụ thể như định vị hệ thống, xây dựng động cơ cho hệ thống máy phát điện. Và để hành nghề một cách tốt nhất, mỗi kỹ sư điện cần trang bị cho mình nhiều kỹ năng khác nhau.",,,
Kỹ sư điện cần nắm rõ những điều gì?,"Ở mỗi ngành nghề thuộc nhiều lĩnh vực khác nhau sẽ có những đặc thù nghề nghiệp riêng biệt. Việc một kỹ sư Điện nằm lòng những đặc điểm cần có của ngành mình đang theo học sẽ là một lợi thế lớn cho việc tìm kiếm công việc và mức lương phù hợp với trình độ bản thân.
Nhu cầu nguồn nhân lực ngành Điện - điện tử
Kỹ sư điện là ngành học luôn cần thiết đối với thị trường. Công nghệ 4.0 đang phát triển chóng mặt, đi kèm với đó là những đòi hỏi từ thực tế nên nhu cầu nhân lực của nhóm này không ngừng tăng cao.

Tại Mỹ: sư điện đang đứng ở vị trí thứ 8 trong danh sách TOP 10 việc có mức lương khởi điểm cao so với mức trung bình hằng năm
Tại Australian: Kỹ sư điện thuộc TOP những ngành nghề có mức tăng trưởng cao nhất trong nhiều năm qua với tỉ lệ lên đến 47,4%
Tại Việt Nam: Các ngành liên quan đến điện tử viễn thông, cơ điện tử, chế tạo máy đang rất khát nhân lực. Theo thống kê của trung tâm dự báo nhu cầu nhân lực, nguồn nhân lực đáp ứng nhu cầu các doanh nghiệp chỉ mới ở mức 54,87%.
Do vậy, cơ hội việc làm cho nhóm ngành này đang rất dồi dào và nhiều tiềm năng. Chỉ cần trang bị đầy đủ kiến thức và kỹ năng, sinh viên ngay khi ra trường có thể nhanh chóng tìm kiếm công việc phù hợp. 
",,,
Học CNKT Điện điện tử ra trường làm việc gì?,"Trong thời kỳ công nghệ như hiện nay, các nhà máy đều hướng đến tự động hóa, điều khiển máy móc thông qua các hệ thống tự động. Việc thiết lập nên hệ thống điều khiển tự động chính là công việc dành cho các bạn theo đuổi ngành nghề này. Các kỹ sư điện, điện tử thực sự là những mỏ vàng. Với ngành nghề có tính ứng dụng cao, họ là nguồn nhân lực hiếm mà các doanh nghiệp đang tìm kiếm trong thời điểm này. 

Ngay khi tốt nghiệp, sinh viên có thể đảm nhiệm nhiều vị trí tại các công ty điện lực, các nhà máy sản xuất, phân phối và tiêu thụ điện, các phòng thí nghiệm, các cơ sở kinh doanh, nghiên cứu về quy hoạch mạng lưới điện. Sinh viên còn có thể tham gia công tác trực tiếp hoặc tư vấn thiết kế, vận hành mạng lưới điện tất cả các công ty, nhà máy sản xuất trong các khu chế xuất, khu công nghiệp.",,,
Mức thu nhập của một kỹ sư điện,"Mức thu nhập và chế độ đãi ngộ trong ngành nghề này được ưu tiên và quan tâm nhiều nhất. Ở Mỹ, mức thu nhập bình quân của một kỹ sư điện là 103.910$/năm; Canada là 105,440$/năm, Australia và New Zealand là 143.470$/năm. Còn tại Việt Nam, một kỹ sư lành nghề ở mức độ khá, không thành thạo tiếng Anh, lương khởi điểm dao động từ 7 - 9 triệu đồng /tháng. Nhưng nếu biết thêm ngôn ngữ hai, mức lương trung bình là 20 triệu đồng/ tháng và con số này sẽ tăng dựa phòng kinh nghiệm từ người và công ty.

Hầu hết, các bạn đều cho rằng việc học những ngành nghề liên quan đến máy móc khá khô khan và không cần sự bổ trợ từ tiếng Anh. Điều đó hoàn toàn sai lầm. Thực chất, hiện nay có rất nhiều công ty nước ngoài đầu tư vào Việt Nam và nhu cầu sử dụng nhân lực chất lượng cao đang trở nên cần thiết hơn bao giờ hết. Do vậy, việc học tiếng Anh ngay bây giờ sẽ là chìa khóa giúp bạn tiếp cận với công việc có mức lương như mong đợi.",,,
Những kỹ năng cần thiết có của một kỹ sư điện lành nghề,"Việc giỏi về năng lực chưa hẳn giúp bạn lọt vào mắt xanh của nhà tuyển dụng. Kỹ sư điện thường được đào tạo trong các trường đại học uy tín và chất lượng. Đây là ngành học năng về thực hành. Do vậy, những kỹ năng đòi hỏi đối với công việc là rất lớn, điều này tùy thuộc rất nhiều vào định hướng nghề nghiệp sau này.

1. Có nền tảng kiến thức về các môn khoa học
Chương trình đào tạo của ngành kỹ thuật điện liên quan mật thiết đến các môn khoa học, đặc biệt là toán học và vật lý. Do vậy nếu muốn theo học ngành này, sinh viên cần trang bị cho mình nền tảng kiến thức cơ bản về các môn khoa học ngay từ bậc trung học phổ thông.

2. Khả năng lập trình
Khả năng lập trình và mã hóa trong lĩnh vực kỹ thuật điện là điều vô cùng cần thiết, khi làm việc với các hệ thống nhúng cấp thấp hoặc khi phân tích dữ liệu. Java, C, C ++ và Basic là những ngôn ngữ lập trình phổ biến và hữu ích nhất trong lĩnh vực này.

3. Khả năng Ngoại ngữ
Việc nâng cao khả năng học tập và trình độ ngoại ngữ của bản thân sẽ khiến bạn thu thập được vốn kiến thức từ nhiều quốc gia trên thế giới, và cũng là cách để bạn tìm kiếm vị trí công việc với mức thu nhập tốt cho bản thân.

4. Các kỹ năng mềm
Việc trau dồi các kỹ năng về làm việc nhóm, tổ chức, quản lý và điều hành các công việc trong hệ thống điện, điện tử, điện tự động, kỹ năng tổng hợp thông tin và phân tích dữ liệu từ các thông tin thu thập được, kỹ năng phát hiện các vấn đề chuyên môn sẽ là một lợi thế để bạn đi xa hơn với mục tiêu nghề nghiệp của mình.",,,
Review Ngành Công nghệ Kỹ thuật Vật liệu Xây Dựng,"Ngành Công nghệ Kỹ thuật Vật liệu Xây Dựng là một lĩnh vực quan trọng trong ngành xây dựng, tập trung vào nghiên cứu, phát triển và ứng dụng các loại vật liệu xây dựng như bê tông, xi măng, gốm sứ, vật liệu polymer, vật liệu composite… để tối ưu hóa độ bền, tính kinh tế và thân thiện với môi trường.

Chương Trình Đào Tạo
Sinh viên sẽ được học các kiến thức nền tảng và chuyên sâu về:

Cấu trúc, tính chất và công nghệ sản xuất vật liệu xây dựng
Ứng dụng công nghệ mới trong chế tạo vật liệu bền vững
Công nghệ bê tông, xi măng, gốm sứ, vật liệu polymer, composite
Kiểm định, đánh giá chất lượng vật liệu và công trình xây dựng
Công nghệ tái chế và vật liệu thân thiện môi trường
Ứng dụng phần mềm mô phỏng, tối ưu hóa vật liệu
Ngoài ra, sinh viên còn được đào tạo về kỹ năng thực hành, nghiên cứu ứng dụng và có cơ hội thực tập tại các nhà máy, công ty sản xuất vật liệu xây dựng lớn.

",,,
 Cơ Hội Việc Làm Ngành Công nghệ Kỹ thuật Vật liệu Xây Dựng,"Sau khi tốt nghiệp, sinh viên có thể làm việc trong các lĩnh vực như:

Nhà máy sản xuất vật liệu xây dựng: Nghiên cứu, phát triển và cải tiến vật liệu
Công ty xây dựng và thiết kế công trình: Tư vấn, giám sát, kiểm định vật liệu
Phòng thí nghiệm, viện nghiên cứu: Phát triển vật liệu mới, nghiên cứu công nghệ tiên tiến
Doanh nghiệp sản xuất vật liệu xanh, bền vững
Kinh doanh và phân phối vật liệu xây dựng",,,
review về ngành Kỹ thuật máy tính,"Giáo sư John Vũ tác giả cuốn “Bước ra Thế giới” đã có lời khuyên cho sinh viên rằng: “Muốn lương cao mà không sợ thất nghiệp hãy chọn khoa học máy tính”. Kỹ thuật máy tính đã trở thành ngành học hấp dẫn và mang đến nhiều cơ hội việc làm tốt cho các tín đồ mê công nghệ. Vì thế, ngày càng nhiều bạn trẻ quan tâm nhưng nói như vậy không phải ai cũng hiểu tường tận về ngành học này.

bạn muốn biết thêm thông tin gì về ngành này? ví dụ như:
- Ngành Kỹ thuật máy tính là gì?
 - 05 hiểu lầm về ngành Kỹ thuật máy tính
- Khi AI thay thế được con người, Kỹ thuật máy tính sẽ không còn sức hút?
- Ngành Kỹ thuật máy tính chỉ phù hợp với nam?
- Nhu cầu về nguồn nhân lực của ngành Kỹ thuật máy tính
",,,
Ngành Kỹ thuật máy tính là gì?,"Kỹ thuật máy tính là ngành học liên quan đến thiết kế, phát triển và ứng dụng các công nghệ liên quan đến máy tính. Ngành học còn có sự kết hợp giữa kiến thức Điện - điện tử và công nghệ thông tin, tập trung nghiên cứu cách xây dựng và phát triển thiết bị cho sự hoạt động của nhiều thiết bị cứng. Các học phần chính trong ngành Kỹ thuật máy tính là lập trình, hệ điều hành, mạng máy tính, quản lý dự án phần mềm, công nghệ web, cấu trúc dữ liệu, thuật toán, học máy và an ninh mạng. Kỹ thuật máy tính phủ sóng ở nhiều lĩnh vực từ giáo dục, nghiên cứu đến thương mại, công nghiệp, cung cấp kỹ thuật, thiết bị cho việc phát triển ứng dụng với nhiều mục đích khác nhau.
",,,
05 hiểu lầm về ngành Kỹ thuật máy tính,"05 hiểu lầm về ngành Kỹ thuật máy tính
Kỹ thuật máy tính là nền tảng phát triển cho nhân tài công nghệ nhưng đâu đó vẫn bị hiểu lầm như chỉ liên quan đến lắp ráp máy tính, đến lập trình phần mềm trên máy dẫn đến những quyết định sai lầm của các bạn trẻ. 

1. Kỹ thuật máy tính chuyên sửa chữa máy tính
Dĩ nhiên là không! Sinh viên học ngành Kỹ thuật máy tính ngay khi ra trường sẽ đảm nhiệm nhiều vị trí: lập trình viên chuyên về phần mềm tin học máy tính, công nghệ thông tin; chế tạo các thiết bị phần cứng; chuyên viên phân tích, thiết kế, phát triển trong nhiều dự án; làm việc trong các công ty phần mềm lẫn phần cứng, là cán bộ nghiên cứu và ứng dụng công nghệ thông tin ở các trường Đại học, viện nghiên cứu, các công ty trong nước và quốc tế với mức lương hậu hĩnh, chế độ đãi ngộ hấp dẫn.

2. Kỹ thuật máy tính chuyên đào tạo những kiến thức và ứng dụng máy tính
Không hẳn vậy! Kiến thức mà sinh viên Ngành học được không chỉ dừng ở việc được cung cấp kiến thức cơ bản và chuyên sâu trong lĩnh vực công nghệ, kỹ thuật máy tính mà còn được đào tạo kỹ năng thiết kế, xây dựng, phân tích hệ thống phần cứng lẫn phần mềm trong các lĩnh vực như hệ thống nhúng, hệ thống điện – điện tử, kỹ năng tham mưu - tư vấn, thiết kế vi mạch, công nghệ robot, và điều khiển tự động.
Bên cạnh đó, sinh viên khi trở thành chuyên viên trong lĩnh vực công nghệ, am hiểu chuyên ngành, có khả năng làm việc nhóm hay độc lập được học lên với các trình độ cao hơn, lộ trình nghề nghiệp vì thế mà rộng mở hơn rất nhiều.

3. Học Kỹ thuật máy tính chỉ cần trau dồi kiến thức chuyên môn
Để đánh giá một ứng viên năng lực chỉ cần thông qua kiến thức chuyên môn, tiêu chí đó đã trở nên cũ và thiếu sự nhìn nhận khách quan, làm giảm chất lượng nguồn nhân lực cho tập đoàn, doanh nghiệp. Trong xu thế hội nhập quốc tế, các nước giao thương kinh tế với nhau, việc thành thạo ngôn ngữ thứ hai là nhu cầu tối thiểu của thị trường, là phương tiện giao tiếp giúp bạn trẻ tìm kiếm cơ hội việc làm tốt hơn, với mức thu nhập cao. 

Tiếng Anh còn là công cụ để bạn truy cập, tra cứu kiến thức chuyên ngành trong kho kiến thức vô hạn, rõ ràng điều đó sẽ nâng cao kiến thức chuyên môn của bạn lên rất nhiều. Có lẽ không có ngành nào mà sinh viên có nhiều lợi thế trong việc tìm kiếm tài liệu học tập như ngành Kỹ thuật máy tính. Khi có kiến thức tiếng Anh chuyên ngành, sinh viên có thể tìm hiểu trực tuyến hầu hết các tài liệu trên internet với môi trường học tập và tri thức mở. Hơn thế nữa, việc rèn luyện các kỹ năng thuyết trình, làm việc nhóm, xử lý tình huống ngay trên giảng đường giúp bạn tự tin ứng biến nhiều vấn đề gặp phải nơi công sở, tại doanh nghiệp.

4. Khi AI thay thế được con người, Kỹ thuật máy tính sẽ không còn sức hút
Thực chất bộ não của robot được lập trình từ các mạch điện tử nhỏ gọn, việc thông minh, xử lý công việc một cách chuẩn xã đều tùy thuộc vào người lập trình và phương pháp lập trình. Các mạch điện tử nhỏ gọn hoạt động theo các chương trình được lập trình này chính là công việc của Kỹ thuật máy tính. Nếu không qua tay con người thì sẽ không có sự xuất hiện của Robot.

5. Ngành Kỹ thuật máy tính chỉ phù hợp với nam
Hiểu lầm về ngành Kỹ thuật máy tính lớn nhất là việc ngành này chỉ dành cho các bạn nam. Sẽ không có “vùng cấm” nào cho nữ giới được theo đuổi ngành học mong muốn của bản thân. Đam mê công nghệ, quyết tâm học hỏi, nỗ lực không ngừng sẽ giúp bạn chinh phục được khó khăn trong lĩnh vực này. Minh chứng là Jessica McKellar là giám đốc kỹ thuật tại Dropbox và là nhân vật chủ chốt trên thế giới của Python, một ngôn ngữ lập trình phát triển web phổ biến, hay phải kể đến Anna Patterson - Phó giám đốc kỹ thuật phụ trách nghiên cứu và trí tuệ máy móc tại Google. Điều đó cho thấy rằng không có giới hạn nào cho ước mơ của mỗi người.",,,
Nhu cầu về nguồn nhân lực của ngành Kỹ thuật máy tính,"Ngành Kỹ thuật máy tính đang được ưu tiên và có sự đầu tư lớn từ Nhà nước qua dự án triển khai nhà máy sản xuất chip đầu tiên tại Việt Nam. Theo khảo sát gần đây, nguồn nhân lực trong lĩnh vực này sẽ thiếu hụt trong 10 năm tới. Và trong giai đoạn này, các tập đoàn lớn đang chuyển hướng thị trường lao động vào Việt Nam rất nhiều, tạo điều kiện để các bạn trẻ có cơ hội tìm kiếm nghề nghiệp trong tương lai. 

Với mong muốn đào tạo đội ngũ kỹ sư chuyên ngành chất lượng, trình độ và vững vàng kỹ năng, ĐH Bách Khoa đã xây dựng lộ trình đào tạo “thực hành thực nghiệm” bám sát nhu cầu thực tế của doanh nghiệp. Các module nghề nghiệp dựa trên yêu cầu giải quyết công việc và được hợp tác với các kỹ sư trình độ cao. Đội ngũ giảng viên giàu kinh nghiệm được lĩnh hội kiến thức chuyên ngành từ nước ngoài cũng là cách giúp sinh viên tiếp cận với chuyên ngành. Bên cạnh đó, sinh viên còn có rất nhiều cơ hội trải nghiệm thông qua các dự án quốc tế, cuộc thi sáng tạo, sự kiện giao lưu văn hóa nâng cao kỹ năng.

ĐH Bách Khoa tạo điều kiện để sinh viên làm thực, học thực tại nhiều doanh nghiệp trong và ngoài nước: Sekisho Việt Nam, Global Design IT, NexLe, Fsoft, Axon Active, Sun*, Orient… Chương trình thực tập hưởng lương tại Nhật đang được quan tâm và chú trọng. Sinh viên ngay khi được chứng chỉ tiếng Nhật N3, N4, đáp ứng ứng các tiêu chí tuyển dụng của tập đoàn Nhật sẽ tham gia vào kỳ Internship kéo dài 6 tháng hoặc 1 năm. ",,,
Review Ngành Công nghệ Chế tạo Máy tại Đại học Bách Khoa Đà Nẵng,"Ngành Công nghệ Chế tạo Máy là một trong những ngành quan trọng thuộc nhóm kỹ thuật cơ khí, tập trung vào thiết kế, chế tạo, gia công và vận hành các hệ thống máy móc, thiết bị công nghiệp. Đây là ngành then chốt trong sản xuất công nghiệp, đặc biệt quan trọng đối với các lĩnh vực như ô tô, cơ điện tử, tự động hóa và chế tạo thiết bị công nghiệp.",,,
chương trình đào tạo Ngành Công nghệ Chế tạo Máy tại Đại học Bách Khoa Đà Nẵng,"Chương Trình Đào Tạo
Sinh viên ngành Công nghệ Chế tạo Máy tại Đại học Bách Khoa Đà Nẵng sẽ được trang bị các kiến thức chuyên sâu về:

Cơ khí chế tạo: Thiết kế, chế tạo các chi tiết máy, kết cấu máy
Gia công cơ khí: Công nghệ gia công truyền thống (tiện, phay, bào, mài) và hiện đại (CNC, in 3D, laser)
Hệ thống tự động hóa trong sản xuất: Ứng dụng robot, điều khiển tự động trong chế tạo
Vật liệu và công nghệ chế tạo: Tìm hiểu về kim loại, hợp kim, vật liệu composite, vật liệu mới
Thiết kế sản phẩm cơ khí: Sử dụng phần mềm CAD/CAM/CAE để thiết kế và mô phỏng
Bảo trì và vận hành máy móc: Quản lý, bảo dưỡng hệ thống cơ khí công nghiệp
Ngoài lý thuyết, sinh viên còn có nhiều cơ hội thực hành tại phòng thí nghiệm, xưởng cơ khí và thực tập tại các nhà máy, công ty cơ khí lớn.",,,
Cơ hội việc làm Ngành Công nghệ Chế tạo Máy tại Đại học Bách Khoa Đà Nẵng,"Sinh viên tốt nghiệp ngành Công nghệ Chế tạo Máy có thể làm việc trong các lĩnh vực:

Kỹ sư thiết kế cơ khí: Làm việc tại các công ty thiết kế, chế tạo máy móc
Kỹ sư sản xuất: Quản lý quy trình sản xuất, lắp ráp, gia công tại các nhà máy
Kỹ sư bảo trì và vận hành máy móc: Kiểm tra, sửa chữa, nâng cấp hệ thống máy móc công nghiệp
Kỹ sư tự động hóa sản xuất: Ứng dụng công nghệ tự động vào sản xuất, vận hành dây chuyền công nghiệp
Làm việc trong các công ty cơ khí, ô tô, hàng không, chế tạo thiết bị y tế, năng lượng tái tạo
Khởi nghiệp trong lĩnh vực cơ khí chế tạo
",,,
"Ưu, nhược điểm ngành công nghệ Chế tạo Máy tại Đại học Bách Khoa Đà Nẵng","Ưu Điểm & Nhược Điểm
Ưu điểm:
Nhu cầu nhân lực cao, cơ hội việc làm rộng mở
Ứng dụng thực tiễn lớn, có thể làm việc trong nhiều ngành công nghiệp khác nhau
 Học kết hợp lý thuyết và thực hành, có nhiều cơ hội tiếp cận công nghệ mới
 Lương khởi điểm tốt, đặc biệt nếu làm việc tại các công ty lớn hoặc có kinh nghiệm về thiết kế, gia công CNC

Nhược điểm:
Công việc có thể yêu cầu làm việc ngoài công trường hoặc trong môi trường nhà máy
 Cần sự tỉ mỉ, kiên trì và đam mê kỹ thuật
 Một số vị trí yêu cầu sức khỏe tốt, do phải làm việc với máy móc nặng",,,
Review Ngành Cơ Khí Động Lực tại Đại học Bách Khoa Đà Nẵng,"Ngành Cơ Khí Động Lực là một nhánh quan trọng của lĩnh vực cơ khí, tập trung vào nghiên cứu, thiết kế, chế tạo, bảo trì và vận hành các hệ thống động lực như ô tô, xe máy, máy bay, tàu thủy, hệ thống truyền động và thiết bị động lực trong công nghiệp. Đây là một ngành then chốt trong sự phát triển của ngành giao thông vận tải và sản xuất công nghiệp.

Chương Trình Đào Tạo
Sinh viên ngành Cơ Khí Động Lực tại Đại học Bách Khoa Đà Nẵng sẽ được trang bị kiến thức chuyên sâu về:

Cơ khí và truyền động: Hệ thống động cơ đốt trong, hệ thống truyền động ô tô, máy móc công nghiệp
Hệ thống điều khiển và tự động hóa trên ô tô, máy động lực
Công nghệ chế tạo và bảo trì: Gia công, lắp ráp, sửa chữa và bảo trì hệ thống động lực
Nhiên liệu và năng lượng mới: Động cơ hybrid, điện, pin nhiên liệu
Mô phỏng và thiết kế kỹ thuật: Sử dụng phần mềm CAD/CAM/CAE để thiết kế hệ thống cơ khí động lực
Thực hành và thực tập: Làm việc trong phòng thí nghiệm, xưởng ô tô, nhà máy sản xuất
Ngoài ra, sinh viên có thể tham gia các dự án thực tế với doanh nghiệp, nghiên cứu khoa học về động cơ điện, động cơ hybrid, năng lượng tái tạo trong giao thông vận tải.",,,
Cơ hội việc làm Ngành Cơ Khí Động Lực tại Đại học Bách Khoa Đà Nẵng,"Sinh viên tốt nghiệp ngành Cơ Khí Động Lực có thể làm việc trong nhiều lĩnh vực như:

Kỹ sư thiết kế động cơ, hệ thống truyền động: Làm việc tại các công ty sản xuất ô tô, xe máy, máy móc công nghiệp
Kỹ sư bảo trì và sửa chữa ô tô, máy động lực: Làm việc tại các trung tâm bảo trì, xưởng sửa chữa
Kỹ sư nghiên cứu và phát triển: Phát triển công nghệ động cơ, hệ thống điều khiển
Kỹ sư tự động hóa trong ngành ô tô, cơ khí động lực
Chuyên gia tư vấn kỹ thuật, giám sát kỹ thuật cho các công ty vận tải, sản xuất cơ khí
Làm việc trong các tập đoàn lớn như Honda, Toyota, VinFast, Ford, Mercedes, Thaco, Hyundai…
Ngoài ra, sinh viên có thể học lên cao học, nghiên cứu chuyên sâu về động cơ điện, động cơ hybrid và các công nghệ tiên tiến trong ngành cơ khí động lực.",,,
"Ưu, nhược điểm của  Ngành Cơ Khí Động Lực tại Đại học Bách Khoa Đà Nẵng","Ưu Điểm & Nhược Điểm
Ưu điểm:
 Ngành có ứng dụng thực tế cao, cơ hội việc làm đa dạng
 Nhu cầu nhân lực lớn do sự phát triển của ngành ô tô và công nghiệp sản xuất
 Chương trình đào tạo có sự kết hợp giữa lý thuyết và thực hành
 Cơ hội làm việc tại các tập đoàn lớn trong nước và quốc tế

Nhược điểm:
 Công việc có thể yêu cầu làm việc trong môi trường nhà máy, xưởng cơ khí
 Cần có tư duy kỹ thuật, khả năng tính toán và sự tỉ mỉ cao
 Phải cập nhật công nghệ liên tục do ngành có tốc độ phát triển nhanh

 Ngành Này Phù Hợp Với Ai?
Đam mê kỹ thuật cơ khí, động cơ, xe cộ, máy móc
Thích làm việc với hệ thống cơ khí, truyền động, điều khiển
Có tư duy sáng tạo, logic, thích tìm hiểu và cải tiến công nghệ
",,,
Triển vọng ngành Công nghệ kỹ thuật Ô tô,"Trong chiến lược công nghiệp hóa, hiện đại hóa, xu hướng hội nhập, ngành Công nghệ kỹ thuật ô tô luôn được ưu tiên, chú trọng đến. Do đó mà đội ngũ kỹ sư Ô tô luôn được đào tạo một cách bài bản đáp ứng cấp thiết cho nhu cầu của nhiều doanh nghiệp, trước tình hình thực tế là lượng tiêu thụ ô tô trên thị trường tăng lên đáng kể. Điều đó khiến cho ngành Công nghệ kỹ thuật Ô tô trở thành lựa chọn của các tín đồ yêu kỹ thuật nói chung và Ô tô nói riêng. Một ngành học mang lại triển vọng nghề nghiệp lớn, luôn tìm kiếm nguồn lao động trẻ đã phần nào giải đáp lo lắng của nhiều thí sinh “Học ngành Công nghệ kỹ thuật Ô tô ra trường có việc làm không?”
",,,
Điều cần biết khi học ngành Công nghệ kỹ thuật Ô tô,"1. Trang bị kiến thức về ngành Công nghệ kỹ thuật Ô tô
Để trở thành một kỹ sư kỹ thuật giỏi, trước tiên bạn phải học sâu kiến thức chuyên ngành, nắm được những điều cần biết về công nghệ ô tô như cơ khí, lắp ráp phụ tùng, hệ thống truyền động - truyền lực cơ khí, sản xuất và lắp ráp phụ tùng, hệ thống điều khiển, hệ thống truyền động - truyền lực,… Đây chính là đòn bẩy tạo nên các kỹ sư chắc tay và lành nghề. Một khi nền tảng lý thuyết vững chắc thì sẽ giúp bạn tư duy nhanh, linh hoạt hơn trong quá trình xử lý tình huống, trải nghiệm công việc thực tế. Do vậy, khi còn ở giảng đường đại học, sinh cần củng cố ngay lý thuyết thì mới thực hành trôi chảy được. Nếu lý thuyết bị lủng thì sẽ cản trở tư duy của bạn, dẫn đến việc chẩn đoán bệnh của xe không đúng.
2. Nâng cao kỹ năng ngoại ngữ
Trong quá trình học tập, lý thuyết đi đôi với thực hành thôi vẫn chưa đủ. Việc sinh viên được trang bị thêm khả năng ngoại ngữ là điều cần thiết giúp các bạn tìm kiếm công việc với mức lương hấp dẫn, đồng thời tiếng Anh cũng là công cụ cần thiết để đọc hiểu các tài liệu chuyên ngành, tìm hiểu trên nhiều diễn đàn để thu thập thêm kiến thức. Biết thêm ngoại ngữ là đồng nghĩa với việc bạn có thêm lợi thế khi học tập, nghiên cứu và sửa chữa nhiều thiết bị tân tiến trong lĩnh vực đang theo học.
Việc biết thêm một loại ngôn ngữ sẽ giúp sự nghiệp của bạn được thăng tiến nhanh hơn, dễ dàng xâm nhập vào thị trường việc làm nước ngoài, trong các hãng ô tô lớn với chế độ đãi ngộ tốt. Do đó, khi đã xác định theo học ngành này, sinh viên cần trau dồi, dành thời gian đầu tư vào việc học tiếng Anh nhiều hơn để đạt được những mục tiêu mình mong muốn.

3. Trải nghiệm thực tập thực nhiều doanh nghiệp lớn
Ngay khi ngồi trên ghế giảng đường, sinh viên bắt đầu có các chuyến đi thực tập, thực tế nhằm tích lũy kinh nghiệm, vận dụng lý thuyết đã học vào thực hành để chắc tay nghề. Tuy nhiên không phải môi trường nào cũng sẽ đem lại những trải nghiệm đó cho bạn. Vì vậy, việc lựa chọn ngôn trường học tập, có mạng lưới doanh nghiệp rộng lớn, rèn tính nhẫn nại, va chạm, cọ xát thực tế là vô cùng quan trọng và cần thiết.
",,,
Review Ngành Cơ Khí Hàng Không tại Đại học Bách Khoa Đà Nẵng,"Ngành Cơ Khí Hàng Không là một lĩnh vực kỹ thuật cao cấp, chuyên nghiên cứu, thiết kế, chế tạo, bảo trì và vận hành các loại phương tiện hàng không như máy bay, trực thăng, UAV (máy bay không người lái), cũng như các hệ thống liên quan đến động cơ phản lực, khí động học và vật liệu hàng không.

Chương Trình Đào Tạo
Sinh viên theo học ngành Cơ Khí Hàng Không tại Đại học Bách Khoa Đà Nẵng sẽ được trang bị kiến thức về:

Khí động học và thiết kế máy bay: Nghiên cứu các nguyên lý khí động lực học và tối ưu hóa thiết kế máy bay
Kết cấu và vật liệu hàng không: Ứng dụng các vật liệu nhẹ, bền như composite, hợp kim nhôm, titan
Động cơ và hệ thống truyền động hàng không: Nghiên cứu về động cơ phản lực, động cơ turbine khí
Điều khiển bay và hệ thống tự động hóa: Tích hợp công nghệ điện tử và điều khiển tự động trong hàng không
Bảo trì và sửa chữa máy bay: Tiêu chuẩn bảo trì máy bay theo quy định quốc tế (FAA, EASA)
Hệ thống UAV và công nghệ hàng không vũ trụ: Nghiên cứu về máy bay không người lái, vệ tinh nhỏ
Ngoài các môn học chuyên ngành, sinh viên còn được học về công nghệ sản xuất, mô phỏng thiết kế bằng phần mềm chuyên dụng như CATIA, ANSYS, MATLAB.

Sinh viên cũng có cơ hội tham gia các dự án nghiên cứu và thực tập tại các công ty hàng không, hãng sản xuất thiết bị bay hoặc trung tâm bảo dưỡng máy bay.

",,,
Cơ hội việc làm Ngành Cơ Khí Hàng Không tại Đại học Bách Khoa Đà Nẵng,"Sau khi tốt nghiệp, sinh viên ngành Cơ Khí Hàng Không có thể làm việc tại nhiều vị trí khác nhau:

Kỹ sư thiết kế hàng không: Làm việc tại các công ty chế tạo máy bay, UAV, linh kiện hàng không
Kỹ sư bảo trì, sửa chữa máy bay: Làm việc tại các hãng hàng không, trung tâm bảo dưỡng máy bay
Kỹ sư điều khiển và tự động hóa hàng không: Phát triển hệ thống điều khiển bay, thiết bị tự động hóa trên máy bay
Kỹ sư nghiên cứu và phát triển: Tham gia vào các dự án nghiên cứu công nghệ hàng không, vũ trụ
Làm việc trong các tập đoàn lớn như Boeing, Airbus, Vietjet, Bamboo Airways, Vietnam Airlines, VAECO, Tập đoàn VinAero
Ngoài ra, ngành hàng không có cơ hội làm việc và nghiên cứu quốc tế rộng mở, đặc biệt là tại các nước phát triển như Mỹ, châu Âu, Nhật Bản.",,,
"Ưu, nhược điểm của Ngành Cơ Khí Hàng Không tại Đại học Bách Khoa Đà Nẵng","Ưu Điểm & Nhược Điểm
Ưu điểm:
 Ngành công nghệ cao, cơ hội làm việc trong lĩnh vực tiên tiến
 Cơ hội việc làm hấp dẫn với mức lương cao, nhu cầu nhân lực lớn
 Ứng dụng thực tiễn cao trong hàng không dân dụng, quân sự, công nghệ vũ trụ
 Cơ hội làm việc quốc tế tại các hãng hàng không và tập đoàn lớn

Nhược điểm:
 Chương trình học nặng, yêu cầu kiến thức toán, vật lý, cơ khí cao
 Môi trường làm việc có thể yêu cầu tính kỷ luật và áp lực cao
 Cần cập nhật công nghệ liên tục do ngành có tốc độ phát triển nhanh

Ngành Này Phù Hợp Với Ai?
Đam mê máy bay, hàng không và công nghệ vũ trụ
Thích làm việc với cơ khí chính xác, khí động học, động cơ
Có tư duy logic, đam mê nghiên cứu và sáng tạo công nghệ
Muốn làm việc trong môi trường kỹ thuật cao, có cơ hội phát triển quốc tế",,,
Review Ngành Kỹ Thuật Cơ Điện Tử tại Đại học Bách Khoa Đà Nẵng,"Ngành Kỹ thuật Cơ điện tử là sự kết hợp giữa Cơ khí, Điện - Điện tử và Công nghệ Thông tin, tạo nên các hệ thống thông minh, tự động hóa cao. Sinh viên theo học sẽ được đào tạo để phát triển các hệ thống robot, máy móc tự động, thiết bị thông minh trong công nghiệp và đời sống.

 Chương Trình Đào Tạo
Ngành Kỹ thuật Cơ điện tử tại Đại học Bách Khoa Đà Nẵng cung cấp kiến thức về:

Cơ khí chính xác & Thiết kế cơ khí: Sử dụng phần mềm CAD/CAM để thiết kế, mô phỏng hệ thống cơ khí
Điện tử và điều khiển tự động: Lập trình vi điều khiển, cảm biến, truyền động
Robot và trí tuệ nhân tạo: Lập trình, thiết kế robot công nghiệp, robot di động
Hệ thống nhúng và IoT: Ứng dụng trong sản xuất, nhà thông minh
Mạng truyền thông công nghiệp: Kết nối và điều khiển các hệ thống máy móc tự động
Lập trình và mô phỏng hệ thống: MATLAB, Simulink, SolidWorks, PLC
Ngoài ra, sinh viên còn có cơ hội thực hành tại các phòng thí nghiệm hiện đại, tham gia nghiên cứu phát triển sản phẩm thực tế.",,,
"Ưu, nhược điểm Ngành Kỹ Thuật Cơ Điện Tử tại Đại học Bách Khoa Đà Nẵng","Ưu Điểm và Nhược Điểm
Ưu điểm:

Ngành có nhu cầu nhân lực cao, mức lương hấp dẫn
Ứng dụng rộng rãi trong công nghiệp, sản xuất thông minh
Cơ hội việc làm đa dạng trong nước và quốc tế
Nhược điểm:

Chương trình học nặng, đòi hỏi kiến thức liên ngành rộng
Cần cập nhật công nghệ liên tục để theo kịp xu hướng mới

Ngành Này Phù Hợp Với Ai?
Đam mê công nghệ, máy móc, robot
Có tư duy logic, yêu thích lập trình và điều khiển tự động
Thích nghiên cứu, sáng tạo hệ thống thông minh",,,
Có nên học tại Đại học Bách Khoa Đà Nẵng không?,"Đại học Bách Khoa Đà Nẵng (DUT) là một trong những trường đại học kỹ thuật hàng đầu miền Trung và cả nước. Việc có nên học tại đây hay không phụ thuộc vào nhiều yếu tố như chất lượng đào tạo, môi trường học tập, cơ hội việc làm và sự phù hợp với định hướng cá nhân. Dưới đây là một số điểm đánh giá để bạn tham khảo.

1. Chất Lượng Đào Tạo
Trường thuộc Đại học Đà Nẵng, là một trong ba trường Bách Khoa lớn nhất Việt Nam (cùng với Bách Khoa Hà Nội và TP.HCM).
Chương trình đào tạo được kiểm định quốc tế AUN-QA, một số ngành đạt chuẩn ABET (chuẩn quốc tế về kỹ thuật).
Cơ sở vật chất hiện đại, có nhiều phòng thí nghiệm, trung tâm nghiên cứu phục vụ sinh viên.
Đội ngũ giảng viên có trình độ cao, nhiều người tốt nghiệp từ nước ngoài.
2. Môi Trường Học Tập
Sinh viên có tinh thần tự học cao, môi trường cạnh tranh nhưng cũng rất năng động.
Nhiều câu lạc bộ, hoạt động ngoại khóa, giúp sinh viên phát triển toàn diện.
Trường có quan hệ với nhiều doanh nghiệp, tạo điều kiện thực tập và làm việc cho sinh viên.
3. Cơ Hội Việc Làm Sau Khi Ra Trường
DUT có hợp tác với nhiều doanh nghiệp lớn như Samsung, Bosch, VinFast, FPT, Viettel…
Ngành kỹ thuật, công nghệ tại trường có tỷ lệ sinh viên có việc làm cao ngay sau khi tốt nghiệp.
Mức lương trung bình khá cao so với mặt bằng chung.",,,
Vai trò của ngành Công nghệ thông tin,"Vai trò của ngành Công nghệ thông tin
Dễ dàng nhận thấy vai trò của ngành Công nghệ thông tin được thể hiện qua các hoạt động kinh doanh, y tế, giáo dục, quản lý… Đây cũng được xem là nền tảng vững chắc cho sự phát triển bền vững của một đất nước. Cùng tìm hiểu vai trò của ngành này trong đời sống.

1. Công nghệ thông tin trong hoạt động kinh doanh
Ở một doanh nghiệp, tập đoàn hay công ty không thể thiếu nguồn nhân lực công nghệ giỏi. Nhờ có công nghệ thông tin mà các hoạt động kết nối, quảng bá, giao dịch, kiểm soát hàng hóa giữa doanh nghiệp và khách hàng trở nên chặt chẽ và thuận lợi hơn rất nhiều.

Cùng với đó, các phần mềm công nghệ thông tin như: phần mềm kế toán, quản lý nhân sự đã giúp cho nhiều doanh nghiệp dễ dàng quản lý công việc kinh doanh và đã trở thành điều cần thiết cho mỗi tổ chức.

2. Công nghệ thông tin trong hoạt động khám chữa bệnh
Công nghệ thông tin có vai trò vô cùng quan trọng trong lĩnh vực y khoa. Hầu hết tất cả thiết bị đều lập trình bằng công nghệ thông tin được sử dụng trong y tế, là cách để các bác sĩ, điều dưỡng viên theo dõi bệnh lý sức khỏe của bệnh nhân, thuận lợi trong quá trình tiếp nhận và điều trị.

Việc ứng dụng Công nghệ thông tin vào hoạt động thăm khám bệnh cũng trở nên dễ dàng hơn, bệnh nhân khi đăng ký khám chỉ cần trình thẻ CCCD/CMND và bảo hiểm y tế, nhân viên tiếp nhận sẽ cập nhật thông tin vào máy và ngồi chờ đến lượt, rút ngắn được thời gian chữa bệnh.

3. Công nghệ thông tin trong hoạt động giảng dạy
Công nghệ thông tin đóng góp hiệu quả vào hoạt động giáo dục. Công nghệ tiên tiến được ứng dụng triệt để phục vụ công việc giảng dạy của giáo viên. Việc tiếp cận kiến thức trên nền tảng số giúp học sinh tiếp thu kiến thức nhanh chóng, bổ ích và thuận tiện trong quá trình dạy và học.

Trong đại dịch vừa qua, gần như các trường học đều dạy học thông qua hình thức trực tuyến, học sinh được học tại nhà, học từ xa mà không bị hao hụt kiến thức và bị gián đoạn quá trình học tập.

4. Công nghệ thông tin trong hoạt động văn hoá và nghệ thuật
Chỉ cần chiếc smartphone, người dùng có thể kết nối internet thưởng thức âm nhạc, tác phẩm nghệ thuật. Các liveshow âm nhạc trực tuyến cũng trở thành xu hướng thưởng thức âm nhạc trong thời đại số. Không cần di chuyển, tất cả người yêu nghệ thuật đều được xem trọn bộ chương trình chất lượng. Đây cũng là xu hướng trong tương lai.",,,
Cơ hội việc làm dành cho ngành Công nghệ thông tin,"Không cần bàn cãi về tầm quan trọng của ngành Công nghệ thông tin đối với đời sống. Tốc độ phát triển kinh tế trong thời đại 4.0 đã tạo ra hàng trăm, hàng nghìn việc làm trong lĩnh vực công nghệ. Theo nhiều chuyên gia, hiện tại hầu hết các doanh nghiệp sẵn sàng có chế độ đãi ngộ tốt để tìm kiếm đội ngũ nhân lực chất lượng, nhằm đáp ứng nhu cầu xã hội trong thời gian tới. 
Có rất nhiều vị trí mà bạn đảm nhiệm: lập trình viên, chuyên viên thiết kế web, kỹ sư phần mềm, chuyên viên phân tích dữ liệu, chuyên gia quản lý, kinh doanh, điều phối các dự án công nghệ thông tin, chuyên viên thiết kế hệ thống, quản lý dự án, quản trị mạng... Do vậy, sinh viên học ngành này hoàn toàn yên tâm tìm kiếm công việc phù hợp có mức lương hấp dẫn và ổn định, không quá lo lắng về triển vọng nghề nghiệp trong lĩnh vực này.

Học Công nghệ thông tin, làm việc chuyên về lĩnh vực công nghệ trong bất cứ tập đoàn nào, ngay cả việc bạn có thể là một IT tự do, làm chủ được thời gian và công việc cá nhân. Điều đó đã tạo sự thu hút cho nhiều bạn trẻ theo đuổi ngành “hot” này. 

Dưới đây là một số việc làm hấp dẫn thuộc nhiều lĩnh vực khác nhau dành cho sinh viên Công nghệ thông tin như sau:

- Các công ty thiết kế web hiện nay đang phát triển mạnh ở Việt Nam thư hút nguồn nhân lực lớn, các công ty lớn kể đến như Sky Việt Nam, Web123, Hoangweb. ADC Việt Nam, Vinamax Việt Nam. 
- Các công ty phần mềm được chia làm nhiều mảng khác nhau để đưa ra được những phần mềm chất lượng, phù hợp với yêu cầu của doanh nghiệp và khách hàng. Trong đó có lập trình viên trực tiếp tạo ra sản phẩm, kiểm duyệt phần mềm trực tiếp kiểm tra chất lượng sản phẩm do lập trình viên tạo ra.
- Các công ty cung cấp giải pháp về mạng và an ninh mạng, hiện tại lĩnh vực bảo mật hệ thống mạng đang mở ra cơ hội lớn cho dân công nghệ, cụ thể là bảo mật dữ liệu của doanh nghiệp, tập đoàn. Đây là vấn đề cấp thiết trong thời đại 4.0 với tốc độ phát triển chóng mặt như hiện nay.
- Các công ty sản xuất, lắp ráp, sửa chữa trang thiết bị phần cứng: việc sử dụng máy tính thường xuyên và gặp sự cố về phần cứng trên máy xảy ra rất nhiều ở nhân viên văn phòng, vì vậy việc cần một IT để chuyên xử lý vấn đề này là một điều giải pháp tốt nhất.Trước những thông tin trên cho thấy sinh viên có thể tìm kiếm việc làm tại các ngày hội việc làm tổ chức nhiều trường đại học khác nhau trên cả nước.",,,
Review Ngành Kỹ thuật Nhiệt tại Đại học Bách Khoa Đà Nẵng,"Giới thiệu ngành Kỹ thuật Nhiệt
Ngành Kỹ thuật Nhiệt (còn gọi là Cơ Nhiệt) tại Đại học Bách Khoa Đà Nẵng thuộc khoa Cơ khí Giao thông. Đây là ngành học chuyên sâu về công nghệ nhiệt, năng lượng, hệ thống điều hòa không khí, lò hơi, tua-bin, hệ thống làm lạnh và các quy trình trao đổi nhiệt trong công nghiệp.

Chương trình đào tạo
Kiến thức nền tảng về nhiệt động lực học, truyền nhiệt, kỹ thuật lạnh, điều hòa không khí, lò hơi, tua-bin, năng lượng tái tạo.
Đào tạo các kỹ năng thiết kế, vận hành và bảo trì hệ thống nhiệt, lạnh, hơi nước trong nhà máy, khu công nghiệp.
Có các môn học thực hành và thí nghiệm để giúp sinh viên áp dụng kiến thức vào thực tế.
Một số học phần có thể tiếp cận công nghệ nhiệt – điện lạnh trong ngành công nghiệp thực phẩm, y tế, hàng không, dầu khí.",,,
Cơ hội việc làm sau khi tốt nghiệp của ngành kỹ thuật nhiệt,"Sinh viên tốt nghiệp ngành Kỹ thuật Nhiệt có thể làm việc ở nhiều lĩnh vực như:

Lĩnh vực năng lượng: Nhà máy nhiệt điện, thủy điện, điện gió, điện mặt trời.
Hệ thống điều hòa không khí và thông gió: Công ty thiết kế, sản xuất và lắp đặt điều hòa công nghiệp, trung tâm thương mại, tòa nhà cao tầng.
Kỹ thuật lạnh công nghiệp: Kho lạnh, nhà máy chế biến thực phẩm, dược phẩm, y tế.
Công ty dầu khí, hóa chất: Vận hành hệ thống trao đổi nhiệt, lò hơi, tua-bin hơi.
Giảng dạy và nghiên cứu: Có thể học lên cao học, nghiên cứu về năng lượng tái tạo, kỹ thuật nhiệt – lạnh tiên tiến.",,,
Có nên học ngành Kỹ thuật Nhiệt tại Đại học Bách Khoa Đà Nẵng?,"Nếu bạn yêu thích kỹ thuật, năng lượng, cơ khí và không ngại làm việc trong môi trường thực tế, ngành Kỹ thuật Nhiệt là một lựa chọn tốt. Trường ĐH Bách Khoa Đà Nẵng có chương trình đào tạo bài bản, cơ hội việc làm tốt sau khi ra trường. Nếu bạn có định hướng nghiên cứu hoặc muốn làm việc trong lĩnh vực năng lượng tái tạo, điều hòa không khí, hệ thống nhiệt công nghiệp thì ngành này rất đáng cân nhắc.",,,
Ưu điểm và nhược điểm khi học ngành Kỹ thuật Nhiệt tại Đại học Bách Khoa Đà Nẵng?,"Ưu điểm:
 Ngành có tính ứng dụng cao, liên quan trực tiếp đến công nghiệp và đời sống.
 Cơ hội việc làm rộng mở vì nhiệt – lạnh là lĩnh vực thiết yếu trong nhiều ngành.
 Được học nhiều về năng lượng tái tạo, tiết kiệm năng lượng, một xu hướng phát triển mạnh trong tương lai.
 Mức lương khá hấp dẫn, đặc biệt với các vị trí ở các tập đoàn lớn như EVN, VinFast, Samsung, Bosch, Daikin, Mitsubishi Electric.

Nhược điểm:
 Chương trình học khá nặng, đòi hỏi tư duy logic và tính toán nhiều.
 Công việc thực tế có thể tiếp xúc với môi trường nhiệt độ cao, làm việc ngoài trời hoặc trong nhà máy, công trình.
 Ngành kỹ thuật nhiệt chưa phổ biến bằng các ngành khác như CNTT hay Cơ khí, nên cần chủ động tìm kiếm cơ hội việc làm.",,,
SV Bách Khoa được doanh nghiệp “đặt gạch” Internship có lương ,"Sinh viên Đại học Bách Khoa Đà Nẵng, đặc biệt là những ngành thuộc khối kỹ thuật, công nghệ thông tin và cơ khí, thường được nhiều doanh nghiệp ""đặt gạch"" trước cho các kỳ thực tập có lương.

1. Vì sao doanh nghiệp quan tâm đến SV Bách Khoa Đà Nẵng?
Chương trình đào tạo chuyên sâu, bài bản: ĐH Bách Khoa Đà Nẵng thuộc hệ thống các trường ĐH Bách Khoa danh tiếng, đào tạo theo hướng thực tiễn, giúp sinh viên có nền tảng kiến thức vững chắc.
 Sinh viên có tư duy logic, kỹ năng kỹ thuật tốt: Đặc biệt trong các ngành Cơ khí, CNTT, Điện – Điện tử, Tự động hóa, Kỹ thuật nhiệt, Kỹ thuật ô tô.
 Mạng lưới hợp tác doanh nghiệp rộng: Nhà trường có liên kết với nhiều doanh nghiệp lớn như FPT, Samsung, Bosch, Daikin, EVN, VinFast, Viettel, Toshiba, giúp sinh viên dễ dàng tiếp cận cơ hội thực tập và việc làm.
 Tinh thần học tập, sáng tạo cao: Nhiều sinh viên tham gia nghiên cứu khoa học, cuộc thi sáng tạo công nghệ, hackathon, robotics, giúp họ gây ấn tượng với nhà tuyển dụng.

2. Những doanh nghiệp thường tuyển thực tập sinh có lương
Tùy theo ngành học, sinh viên có thể tham gia thực tập tại nhiều công ty lớn:

Công nghệ thông tin & Phần mềm: FPT Software, Axon Active, KMS Technology, CodeComplete, LogiGear.
Cơ khí, Cơ điện tử, Ô tô: VinFast, Bosch, Daikin, Mitsubishi Electric, Toyota, Honda.
Điện – Điện tử, Tự động hóa: EVN, ABB, Schneider Electric, Siemens, Viettel.
Kỹ thuật Nhiệt & Xây dựng: Công ty điều hòa không khí Daikin, REE, Coteccons, Hòa Bình Group.
3. Internship có lương – mức thu nhập trung bình
CNTT & Phần mềm: 4 - 10 triệu/tháng, có thể cao hơn nếu làm full-time.
Cơ khí, Cơ điện tử, Kỹ thuật nhiệt: 3 - 7 triệu/tháng tùy vào vị trí và công ty.
Điện – Điện tử, Tự động hóa: 4 - 8 triệu/tháng.
Xây dựng & Vật liệu: 3 - 6 triệu/tháng.
4. Cách để được doanh nghiệp “đặt gạch” trước?
Tích lũy kỹ năng từ sớm: Nắm vững kiến thức nền tảng, tham gia các dự án thực tế.
Học tốt các môn chuyên ngành & tiếng Anh: Nhiều công ty yêu cầu TOEIC 500+ hoặc IELTS 5.5+.
Tham gia các CLB, cuộc thi công nghệ: Các cuộc thi về lập trình, AI, Robotics, IoT, startup sẽ giúp sinh viên tạo ấn tượng với doanh nghiệp.
Đăng ký thực tập sớm qua các chương trình hợp tác của trường: Một số doanh nghiệp có chương trình internship trực tiếp với trường.",,,
Review ngành Kỹ thuật Hệ thống Công nghiệp tại Đại học Bách khoa Đà Nẵng,"Giới thiệu chung
Ngành Kỹ thuật Hệ thống Công nghiệp (Industrial Systems Engineering) thuộc khoa Cơ khí Giao thông, Đại học Bách khoa Đà Nẵng. Đây là ngành kết hợp giữa kỹ thuật, quản lý sản xuất và tối ưu hóa hệ thống, giúp sinh viên có khả năng thiết kế, vận hành và cải tiến quy trình trong các doanh nghiệp sản xuất và dịch vụ.

Chương trình đào tạo
Chương trình học tập trung vào các lĩnh vực:

Quản lý và tối ưu hóa hệ thống sản xuất
Nghiên cứu vận hành và logistics
Quản lý chuỗi cung ứng
Hệ thống sản xuất thông minh và tự động hóa
Ứng dụng công nghệ 4.0 trong sản xuất
Sinh viên sẽ học cả lý thuyết và thực hành, sử dụng các phần mềm chuyên ngành như AutoCAD, SolidWorks, MATLAB, và các công cụ phân tích dữ liệu.",,,
Cơ hội việc làm ngành Kỹ thuật Hệ thống Công nghiệp tại Đại học Bách khoa Đà Nẵng,"Sau khi tốt nghiệp, sinh viên có thể làm việc trong các lĩnh vực:

Quản lý sản xuất, tối ưu hóa quy trình tại các nhà máy, khu công nghiệp
Quản lý chuỗi cung ứng, logistics
Kỹ sư hệ thống, tự động hóa sản xuất
Phân tích dữ liệu, tư vấn cải tiến doanh nghiệp
Làm việc tại các tập đoàn lớn như Samsung, LG, Intel, Toyota, Honda, hoặc các công ty trong nước như FPT, VNG
Đánh giá chung

Ưu điểm: Ngành học kết hợp giữa kỹ thuật và quản lý, cơ hội nghề nghiệp rộng, phù hợp với xu hướng công nghiệp 4.0
Nhược điểm: Yêu cầu sinh viên có tư duy hệ thống, kỹ năng phân tích dữ liệu tốt và phải nắm vững cả kiến thức kỹ thuật lẫn quản lý",,,
Có nên học ngành Kỹ thuật Hệ thống Công nghiệp tại Đại học Bách khoa Đà Nẵng không?,"1. Chất lượng đào tạo
Đại học Bách khoa Đà Nẵng là một trong những trường kỹ thuật hàng đầu tại miền Trung, có chương trình đào tạo bài bản và cơ sở vật chất phục vụ cho thực hành khá tốt.
Chương trình học của ngành Kỹ thuật Hệ thống Công nghiệp tại đây có sự kết hợp giữa kỹ thuật và quản lý, giúp sinh viên có khả năng vận hành và tối ưu hóa quy trình sản xuất, quản lý chuỗi cung ứng và logistics.
2. Cơ hội việc làm sau tốt nghiệp
Sinh viên tốt nghiệp có thể làm việc tại các tập đoàn lớn như Samsung, LG, Intel, Toyota, Honda, cũng như các doanh nghiệp trong nước như FPT, VNG, hoặc các khu công nghiệp, nhà máy sản xuất.
Ngành này có nhu cầu nhân lực cao trong thời kỳ công nghiệp 4.0, nhất là trong lĩnh vực sản xuất thông minh, logistics và quản lý chuỗi cung ứng.
3. Lợi thế khi học tại Bách khoa Đà Nẵng
Trường có mạng lưới doanh nghiệp hợp tác rộng, nhiều cơ hội thực tập và tuyển dụng ngay từ khi còn là sinh viên.
Sinh viên có thể tham gia các dự án thực tế, nghiên cứu khoa học và có cơ hội nhận học bổng từ các doanh nghiệp.
Học phí tại đây hợp lý hơn so với các trường đại học tư thục có cùng chương trình đào tạo.
4. Những điều cần cân nhắc
Ngành học yêu cầu tư duy hệ thống, khả năng phân tích dữ liệu và kỹ năng làm việc nhóm tốt.
Chương trình học có thể khá nặng, đòi hỏi sinh viên phải chủ động trong học tập và thực hành nhiều để nắm vững kiến thức.
Nếu bạn thích làm việc với máy móc, sản xuất hoặc logistics nhưng không muốn đi quá sâu vào lập trình hay kỹ thuật thuần túy, đây là một lựa chọn đáng cân nhắc.",,,
Ngành Công nghệ Thông tin và Tips chọn trường Đại học/ tip chọn trường học cho ngành công nghệ thông tin,"1. Bạn có đang hiểu đúng về ngành Công nghệ Thông tin (IT)?
- “Học Công nghệ Thông tin ra rồi đi cài win dạo?”
- “Quần quật cả ngày với mớ kiến thức toán cao cấp khó nhằn”
- “Ra trường làm lập trình viên, lương vài ngàn đô dễ như chơi”

Ôi, những câu hội thoại, những lời đánh giá mà hẳn những ai đang học hay làm bên lĩnh vực Công nghệ Thông tin đã gặp phải ít nhất 1 lần trong đời. Toàn những bình luận đi vào lòng đất. Thực tế, con đường sự nghiệp của một ITer chân chính cực kỳ đa dạng và rộng mở nhé! Nếu bạn chưa biết, hãy cùng chúng tôi khám phá ngành Công nghệ Thông tin qua những Q&A để đính chính những lời đồn về nghề IT dưới đây nha!

2. Một chút thông tin cơ bản về ngành Công nghệ Thông tin:
Công việc của những người làm vị trí IT không chỉ bó hẹp vào 1 mảng lập trình như nhiều người vẫn lầm tưởng mà còn có rất nhiều vị trí khác như làm các sản phẩm (liên quan đến mảng product), làm thiết kế (design), cầu nối giữa khách hàng và đội ngũ phát triển, hỗ trợ hệ thống khoa học máy tính, kỹ thuật mạng…

Như vậy ngành IT không hề khô khan như mọi người thường nghĩ mà nghề IT cũng có nhiều công việc liên quan đến sự sáng tạo, kỹ năng giao tiếp tốt và khả năng thấu hiểu vấn đề của khách hàng.

Với những người đang làm nghề IT, top những lý do khiến họ cảm thấy hài lòng với công việc đó là:

Được đào tạo bài bản và phát triển các kỹ năng chuyên sâu
Có lộ trình phát triển sự nghiệp rõ ràng
Có mức lương khởi điểm, lương chính thức, thưởng, đãi ngộ xứng đáng

",,,
Ngành Khoa học dữ liệu và trí tuệ nhân tạo học ra làm gì?,"Nhân sự ngành AI đang thiếu hụt
Báo cáo Chỉ số sẵn sàng về AI của chính phủ do Oxford Insights kết hợp với Trung tâm Nghiên cứu phát triển quốc tế của Canada cho thấy, năm 2021, Việt Nam xếp vị trí 62 trong 160 quốc gia được đánh giá xếp hạng trên thế giới, tăng 14 bậc so với năm 2020.
Dù vậy, mới chỉ có khoảng 1.600 cán bộ người Việt đang nghiên cứu, làm việc trong các lĩnh vực có liên quan tới AI tại các quốc gia trên thế giới. Trong đó, có khoảng 700 người đang làm công việc này tại Việt Nam. Nếu tính theo số chuyên gia, con số này thậm chí còn ít hơn, chỉ khoảng 300 người. Tuy có rất nhiều cơ hội để phát triển nhưng số lượng nhân lực chuyên môn mới chỉ đáp ứng được một phần rất nhỏ nhu cầu tuyển dụng của doanh nghiệp.

- Những công việc hấp dẫn của ngành Khoa học dữ liệu
Ngành Khoa học dữ liệu và trí tuệ nhân tạo là ngành vô cùng cần thiết trong tất cả các lĩnh vực kinh doanh. Dữ liệu về khách hàng và thị hiếu của họ luôn là nguồn tài nguyên quan trọng mà các công ty, tập đoàn lớn ưu tiên khai khác. Nhờ có đội ngũ phân tích dữ liệu mà các ông lớn như Facebook, Tiktok, Lazada, Shopee đưa ra những chiến lược hợp lý từ đó tăng lợi nhuận, thu được nguồn tiền khổng lồ từ người tiêu dùng.

Top 5 công việc hot nhất trong lĩnh vực AI gồm:
- Kỹ sư machine learning: Thay vì 1 phần mềm với những hành động, hướng dẫn có sẵn, kỹ sư machine learning sẽ “huấn luyện” máy tính để giúp nó học cách thực hiện các nhiệm vụ.
- Nhà khoa học dữ liệu: Nhiệm vụ chính của nhà KHDL là thu thập, phân tích, giải thích các bộ dữ liệu lớn và phức tạp. bên cạnh đó, họ phát triển các thuật toán cho phép thu thập và làm sạch dữ liệu để phân tích.
- Nhà phát triển kinh doanh thông minh (BI): Công việc của nhà phát kiển kinh doanh cũng có phần giống nhà khoa học dữ liệu. Họ phải phân tích nguồn dữ liệu khổng lồ và đưa ra xu hướng kinh doanh.
- Nhà nghiên cứu: Đây là một trong những công việc hàng đầu trong lĩnh vực AI, làm công tác nghiên cứu là những cá nhân xuất sắc, chuyên gia trong các lĩnh vực như toán học ứng dụng, thống kê tính toán, học máy.
- Kỹ sư Big Data: Được đánh giá là công việc có mức lương cao nhất trong lĩnh vực AI- Trí tuệ nhân tạo. Kỹ sư Big Data góp phần quan trọng trong việc phát triển hệ sinh thái cho phép các hệ thống kinh doanh giao tiếp với nhau và đối chiếu dữ liệu.  Họ là những nhân tài được săn đón và thường được giao nhiệm vụ lập kế hoạch, thiết kế và phát triển môi trường Big Data trên các hệ thống Hadoop và Spark.
Bên cạnh đó, các kỹ sư IT làm việc trong môi trường khoa học dữ liệu và trí tuệ nhân tạo cũng phải có kiến thức chuyên sâu về với C ++, Java, Python và Scala. Họ cũng phải thể hiện kiến ​​thức chuyên sâu và kinh nghiệm tham gia khai thác dữ liệu, trực quan hóa dữ liệu; chuyển dịch dữ liệu.
",,,
Nên học ngành Khoa học dữ liệu và trí tuệ nhân tạo ở đâu?,"Mặc dù Khoa học dữ liệu và trí tuệ nhân tạo là ngành vô cùng hấp dẫn, song đây là ngành mới tại Việt Nam nên hiện không nhiều trường đào tạo ngành này, dưới đây là một số trường nổi bật:
- Đại học bách khoa thành phố Hồ Chí Minh
- Đại học bách khoa Hà Nội
- Đại học Sư phạm Kỹ thuật TH HCM
- Đại học Công nghệ thông tin TP HCM
- Đại học Bách khoa Đà Nẵng…",,,
Xét tuyển ngành công nghệ kỹ thuật ôtô tại Đại Học Bách Khoa,"Có 2 cách để sinh viên xét tuyển vào trường Đại học Bách Khoa như sau:

+ Xét điểm thi THPT - Mã ngành: 7520122

Các khối xét tuyển ngành Công nghệ kỹ thuật ôtô CLC

A00 (Toán, Vật Lý, Hóa học)
A01 (Toán, Vật lý, Tiếng Anh)
D01 (Ngữ Văn, Toán, Tiếng Anh)
D90 (Toán, KHTN, Tiếng Anh)
+ Xét kết quả học tập THPT (học bạ):

-  Xét điểm trung bình 3 năm (5 học kỳ): Điểm TBC lớp 10 + Điểm TBC lớp 11 + Điểm TB HK 1 lớp 12 + Điểm ƯT  ≥ 18.0

- Xét điểm trung bình 3 học kỳ: Điểm TB HK 1 lớp 11 + Điểm TB HK 2 lớp 11 + Điểm TB HK 1 lớp 12 + Điểm ƯT ≥ 18.0

-  Xét điểm trung bình 3 môn học lớp 12: Tổng điểm TB học kỳ 1 lớp 12 của 3 môn XT  + Điểm ƯT ≥ 18.0

-  Xét điểm trung bình năm lớp 12: Điểm TBC cả năm lớp 12  + Điểm ƯT ≥ 6.0",,,
Review ngành Kỹ thuật Môi trường tại Đại học Bách khoa Đà Nẵng,"1. Giới thiệu về ngành Kỹ thuật Môi trường
Ngành Kỹ thuật Môi trường đào tạo sinh viên về các công nghệ và giải pháp kỹ thuật nhằm bảo vệ môi trường, xử lý chất thải, kiểm soát ô nhiễm không khí, nước, đất, và phát triển bền vững. Đây là ngành quan trọng trong bối cảnh các vấn đề môi trường ngày càng trở nên cấp thiết.

2. Chương trình đào tạo
Sinh viên sẽ học các kiến thức từ cơ bản đến chuyên sâu về:

Khoa học môi trường: Hóa học, sinh học, vật lý môi trường.
Công nghệ xử lý chất thải: Xử lý nước thải, khí thải, chất thải rắn.
Kiểm soát ô nhiễm: Đánh giá tác động môi trường, quản lý tài nguyên thiên nhiên.
Ứng dụng công nghệ mới: Công nghệ nano, công nghệ sinh học môi trường, năng lượng tái tạo.
Thực tập, dự án thực tế: Sinh viên có cơ hội thực tập tại các nhà máy, trung tâm nghiên cứu, doanh nghiệp môi trường.",,,
Review ngành Kỹ thuật Môi trường tại Đại học Bách khoa Đà Nẵng,"1.Cơ hội việc làm sau khi tốt nghiệp
Sinh viên tốt nghiệp có thể làm việc trong nhiều lĩnh vực, bao gồm:

Công ty xử lý môi trường: Thiết kế, vận hành hệ thống xử lý nước thải, khí thải, chất thải rắn.
Cơ quan quản lý nhà nước: Sở Tài nguyên & Môi trường, phòng môi trường tại các quận, huyện.
Các khu công nghiệp, nhà máy: Đảm nhiệm vai trò kỹ sư môi trường, kiểm soát chất lượng môi trường.
Tư vấn và đánh giá môi trường: Công ty tư vấn môi trường, đánh giá tác động môi trường (ĐTM).
Nghiên cứu, giảng dạy: Làm việc tại các trường đại học, viện nghiên cứu về môi trường.
2. Điểm mạnh khi học tại Đại học Bách khoa Đà Nẵng
Chương trình đào tạo bài bản, có nhiều cơ hội thực hành và thực tế.
Giảng viên có chuyên môn cao, kết hợp lý thuyết với thực tiễn.
Mạng lưới hợp tác với doanh nghiệp, tạo cơ hội thực tập và việc làm tốt.
Môi trường học tập năng động, có nhiều câu lạc bộ và dự án sinh viên liên quan đến môi trường.",,,
Tại sao ngành vi mạch đang được ưa chuộng như hiện nay?,"Ngành vi mạch (hay thiết kế vi mạch – IC Design) đang trở thành một trong những lĩnh vực công nghệ hot nhất hiện nay do nhiều yếu tố quan trọng:

1. Nhu cầu toàn cầu về chip bán dẫn tăng mạnh
Chip bán dẫn đóng vai trò quan trọng trong hầu hết các thiết bị công nghệ như điện thoại, máy tính, ô tô, thiết bị y tế và IoT.
Sự bùng nổ của AI, 5G, IoT, xe điện (EV) và tự động hóa đã khiến nhu cầu về vi mạch tăng mạnh.
2. Thiếu hụt nguồn nhân lực chất lượng cao
Ngành vi mạch yêu cầu kỹ sư có chuyên môn cao về điện tử, thiết kế phần cứng và lập trình.
Nhiều công ty lớn như Intel, TSMC, Samsung, NVIDIA, Qualcomm đang thiếu nhân lực, đặc biệt tại Việt Nam.
3. Việt Nam đang trở thành điểm đến mới của ngành vi mạch
Nhiều tập đoàn lớn đang đầu tư vào Việt Nam như Synopsys, Marvell, Intel, Samsung...
Chính phủ Việt Nam có nhiều chính sách khuyến khích phát triển ngành bán dẫn, đặc biệt trong đào tạo nhân lực.
4. Mức lương và cơ hội việc làm hấp dẫn
Lương của kỹ sư vi mạch cao hơn nhiều so với các ngành kỹ thuật khác.
Các vị trí như FPGA Engineer, ASIC Design Engineer, Verification Engineer đang có nhu cầu cao.
5. Xu hướng chuyển đổi công nghệ & sản xuất nội địa
Các quốc gia lớn đang đẩy mạnh sản xuất vi mạch nội địa để giảm phụ thuộc vào nguồn cung từ Trung Quốc.
Việc thiếu hụt chip toàn cầu từ năm 2020 đã khiến ngành vi mạch trở thành ưu tiên phát triển của nhiều nước.",,,
Review Ngành Công nghệ Thực phẩm tại Đại học Bách Khoa Đà Nẵng,"1. Giới thiệu chung
Ngành Công nghệ Thực phẩm tại Đại học Bách Khoa Đà Nẵng (ĐH BKĐN) đào tạo sinh viên về các kiến thức và kỹ năng liên quan đến sản xuất, chế biến, bảo quản và kiểm soát chất lượng thực phẩm. Chương trình học cung cấp nền tảng vững chắc về khoa học thực phẩm, công nghệ chế biến và ứng dụng kỹ thuật hiện đại trong ngành thực phẩm.

2. Chương trình đào tạo
Sinh viên sẽ được học các môn chuyên ngành như:

Hóa học thực phẩm (cấu trúc và tính chất của thực phẩm)
Vi sinh thực phẩm (vi sinh vật trong thực phẩm, an toàn vệ sinh thực phẩm)
Công nghệ chế biến thực phẩm (sữa, thịt, đồ uống, thực phẩm chức năng)
Bảo quản và đóng gói thực phẩm
Phân tích và kiểm soát chất lượng thực phẩm
Ứng dụng công nghệ sinh học trong thực phẩm
Ngoài lý thuyết, chương trình còn có các phòng thí nghiệm, thực hành sản xuất và các dự án nghiên cứu giúp sinh viên có kinh nghiệm thực tiễn.",,,
Cơ hội việc làm của Ngành Công nghệ Thực phẩm tại Đại học Bách Khoa Đà Nẵng,"1.Sinh viên tốt nghiệp có thể làm việc trong các lĩnh vực:

Sản xuất và chế biến thực phẩm tại các công ty như Vinamilk, Nestlé, Acecook, PepsiCo, CP Group…
Quản lý chất lượng (QA/QC) trong ngành thực phẩm, đảm bảo tiêu chuẩn vệ sinh an toàn thực phẩm.
Nghiên cứu và phát triển sản phẩm (R&D), sáng tạo công thức thực phẩm mới.
Kiểm định thực phẩm tại các trung tâm an toàn thực phẩm.
Khởi nghiệp trong lĩnh vực thực phẩm sạch, thực phẩm chế biến sẵn hoặc thực phẩm chức năng.
2. Ưu điểm và nhược điểm
Ưu điểm:

Chương trình đào tạo bài bản, cập nhật xu hướng mới trong công nghệ thực phẩm.
Cơ sở vật chất tốt, có phòng thí nghiệm hiện đại.
Cơ hội việc làm rộng mở với nhu cầu nhân lực cao.
Có thể làm việc trong nhiều lĩnh vực liên quan đến thực phẩm, hóa học, sinh học.
Nhược điểm:

Chương trình học có nhiều môn liên quan đến hóa học, vi sinh, đòi hỏi sinh viên có nền tảng tốt về khoa học tự nhiên.
Công việc sau khi ra trường có thể yêu cầu làm việc trong môi trường sản xuất, có ca kíp.",,,
So sánh ngành Kiến trúc tại Đại học Bách Khoa Đà Nẵng và Đại học Kiến trúc," Chương trình đào tạo
Đại học Bách Khoa Đà Nẵng (DUT)
Chương trình đào tạo thiên về kỹ thuật: Ngoài các môn chuyên ngành kiến trúc, sinh viên còn được học nhiều môn về kỹ thuật xây dựng, vật liệu, kết cấu công trình.
Tư duy thiết kế gắn với thực tiễn: Đào tạo kết hợp giữa thiết kế kiến trúc và kỹ thuật xây dựng, giúp sinh viên có thể triển khai bản vẽ một cách thực tế, đảm bảo công năng và tính khả thi của công trình.
Học phần:
Nguyên lý thiết kế kiến trúc
Thiết kế đô thị
Kết cấu và vật liệu xây dựng
Kiến trúc xanh, bền vững
Đồ họa kiến trúc và BIM (Building Information Modeling)
Quy hoạch đô thị và cảnh quan
Đại học Kiến trúc TP.HCM (UAH) hoặc Hà Nội (UAI)
Chương trình đào tạo thiên về mỹ thuật: Sinh viên học sâu về mỹ thuật, sáng tạo, tư duy thiết kế và nghệ thuật kiến trúc.
Tập trung vào thiết kế thẩm mỹ hơn: Định hướng đào tạo kiến trúc sư có tư duy sáng tạo cao, tập trung vào phong cách thiết kế, hình khối và yếu tố thẩm mỹ.
Học phần:
Bố cục kiến trúc
Nghệ thuật tạo hình
Kiến trúc nội thất
Thiết kế công trình công cộng và nhà ở
Phối cảnh và diễn họa kiến trúc
Lịch sử và triết học kiến trúc",,,
Review ngành Xây dựng Dân dụng và Công nghiệp tại Đại học Bách Khoa Đà Nẵng,"Ngành Xây dựng Dân dụng và Công nghiệp tại Đại học Bách Khoa Đà Nẵng (DUT) là một trong những ngành trọng điểm, có lịch sử đào tạo lâu đời và được đánh giá cao trong khối ngành kỹ thuật. Đây là ngành học đào tạo kỹ sư xây dựng có kiến thức chuyên sâu về thiết kế, thi công và quản lý các công trình dân dụng (nhà ở, cao ốc, trung tâm thương mại) và công nghiệp (nhà máy, cầu đường, công trình hạ tầng).

Chương trình đào tạo
Chương trình được xây dựng với sự cân bằng giữa lý thuyết và thực hành, tập trung vào các môn học như:

Cơ học ứng dụng: Sức bền vật liệu, cơ học kết cấu, động lực học công trình.
Vật liệu xây dựng: Các loại vật liệu mới, công nghệ bê tông, kết cấu thép.
Thiết kế công trình: Nhà cao tầng, công trình bê tông cốt thép, công trình công nghiệp.
Thi công và quản lý xây dựng: Kỹ thuật thi công, giám sát công trình, quản lý dự án xây dựng.
Ứng dụng công nghệ trong xây dựng: BIM (Building Information Modeling), AutoCAD, SAP2000, ETABS.
Sinh viên được đào tạo thực tế thông qua các dự án, bài tập nhóm và đồ án môn học. Ngoài ra, chương trình cũng có học phần thực tập tại các công ty xây dựng lớn trong khu vực.",,,
Cơ hội việc làm ngành Xây dựng Dân dụng và Công nghiệp tại Đại học Bách Khoa Đà Nẵng,"Ngành Xây dựng Dân dụng và Công nghiệp tại DUT có tỉ lệ sinh viên có việc làm cao sau khi ra trường nhờ vào nhu cầu lớn của thị trường. Một số vị trí việc làm phổ biến:

Kỹ sư thiết kế kết cấu: Làm việc tại các công ty tư vấn thiết kế, triển khai bản vẽ kết cấu công trình dân dụng và công nghiệp.
Kỹ sư thi công: Giám sát công trình, quản lý tiến độ và chất lượng thi công tại các công ty xây dựng lớn.
Quản lý dự án: Quản lý tiến độ, chi phí, chất lượng công trình tại các tập đoàn xây dựng.
Chuyên viên kiểm định, giám định chất lượng công trình.
Giảng dạy, nghiên cứu về kỹ thuật xây dựng tại các trường đại học, viện nghiên cứu.",,,
Có nên học ngành  Xây dựng Dân dụng và Công nghiệp tại Đại học Bách Khoa Đà Nẵng tại DUT không?,"Nếu bạn đam mê xây dựng, thích làm việc với các công trình, có tư duy logic và không ngại thử thách thì đây là một ngành học đáng để cân nhắc. DUT là một trong những trường đào tạo xây dựng tốt nhất khu vực miền Trung, với chất lượng đào tạo cao và cơ hội việc làm rộng mở.

Tuy nhiên, cần lưu ý rằng ngành này đòi hỏi sự kiên trì, chịu được áp lực và thường phải làm việc ngoài công trường. Nếu bạn yêu thích môi trường làm việc văn phòng, có thể cân nhắc các ngành liên quan như Quản lý Dự án Xây dựng hoặc Kinh tế Xây dựng.",,,
Review ngành Tin học Xây dựng tại Đại học Bách Khoa Đà Nẵng,"Ngành Tin học Xây dựng tại Đại học Bách Khoa Đà Nẵng (DUT) là một ngành kết hợp giữa công nghệ thông tin và kỹ thuật xây dựng, tập trung vào việc ứng dụng các phần mềm, mô hình tính toán, trí tuệ nhân tạo và BIM (Building Information Modeling) để hỗ trợ trong thiết kế, thi công và quản lý công trình xây dựng.

1. Chương trình đào tạo
Ngành này có chương trình đào tạo bao gồm cả kiến thức về xây dựng và tin học, giúp sinh viên có nền tảng vững chắc để làm việc trong lĩnh vực công nghệ xây dựng hiện đại.

Các môn học tiêu biểu:
Cơ sở ngành Xây dựng: Sức bền vật liệu, cơ học kết cấu, nền móng, kết cấu bê tông cốt thép.
Lập trình và công nghệ phần mềm: Cấu trúc dữ liệu, lập trình C++, Python, Java.
Ứng dụng tin học trong xây dựng: AutoCAD, Revit, SAP2000, ETABS, BIM, GIS.
Trí tuệ nhân tạo và mô phỏng trong xây dựng: Machine Learning, mô phỏng kết cấu, tối ưu hóa công trình.
Quản lý dự án bằng phần mềm: Primavera, Microsoft Project, hệ thống ERP trong xây dựng.
Sinh viên không chỉ học lý thuyết mà còn tham gia vào các dự án thực tế, thực tập tại các công ty phần mềm xây dựng hoặc các doanh nghiệp trong ngành.",,,
Cơ hội việc làm ngành Tin học Xây dựng tại Đại học Bách Khoa Đà Nẵng,"Với sự phát triển của công nghệ, ngành xây dựng đang chuyển hướng mạnh mẽ sang ứng dụng phần mềm và dữ liệu lớn, tạo ra nhiều cơ hội việc làm hấp dẫn cho sinh viên ngành Tin học Xây dựng.

Một số vị trí việc làm phổ biến:
Kỹ sư phát triển phần mềm xây dựng: Lập trình và phát triển ứng dụng hỗ trợ thiết kế, thi công.
Chuyên gia BIM (Building Information Modeling): Ứng dụng công nghệ BIM trong quản lý và thiết kế công trình.
Kỹ sư mô phỏng kết cấu: Dự báo, phân tích và tối ưu hóa thiết kế công trình bằng các thuật toán AI và phần mềm mô phỏng.
Chuyên gia GIS (Hệ thống thông tin địa lý): Ứng dụng GIS trong quy hoạch đô thị, hạ tầng giao thông.
Kỹ sư quản lý dự án bằng phần mềm: Sử dụng các công cụ quản lý dự án để tối ưu hóa tiến độ, ngân sách.
Làm việc tại các công ty công nghệ xây dựng, tư vấn thiết kế, tập đoàn bất động sản hoặc khởi nghiệp trong lĩnh vực phần mềm xây dựng.",,,
Có nên học ngành Tin học Xây dựng tại Đại học Bách Khoa Đà Nẵng,"Nếu bạn yêu thích cả công nghệ thông tin và xây dựng, muốn làm việc trong lĩnh vực ứng dụng phần mềm, trí tuệ nhân tạo và mô phỏng trong xây dựng, thì đây là một lựa chọn rất đáng cân nhắc.

DUT là một trong những trường đào tạo xây dựng hàng đầu miền Trung, có chương trình đào tạo bài bản và môi trường học tập tốt. Tuy nhiên, ngành Tin học Xây dựng vẫn còn khá mới ở Việt Nam, do đó bạn cần chủ động học thêm các công nghệ mới và mở rộng kiến thức để tăng cơ hội nghề nghiệp.",,,
Review ngành Quản lý Xây dựng Đô thị Thông minh tại Đại học Bách Khoa Đà Nẵng,"Ngành Quản lý Xây dựng Đô thị Thông minh là một lĩnh vực mới, kết hợp giữa kỹ thuật xây dựng, công nghệ thông tin, quản lý đô thị và phát triển bền vững. Đây là một ngành có tiềm năng phát triển lớn trong bối cảnh đô thị hóa nhanh và xu hướng áp dụng công nghệ thông minh vào quy hoạch, thiết kế và quản lý đô thị.

1. Chương trình đào tạo
Chương trình đào tạo của ngành này tại Đại học Bách Khoa Đà Nẵng (DUT) giúp sinh viên có kiến thức chuyên sâu về xây dựng, công nghệ số, quản lý đô thị và phát triển bền vững.

Một số môn học tiêu biểu:
Cơ sở ngành: Quy hoạch đô thị, kiến trúc công trình, kết cấu công trình, quản lý xây dựng.
Công nghệ số trong xây dựng: Ứng dụng BIM (Building Information Modeling), GIS (Hệ thống thông tin địa lý), IoT (Internet of Things) trong quản lý đô thị.
Hệ thống hạ tầng thông minh: Giao thông thông minh, năng lượng xanh, hệ thống cảm biến đô thị.
Quản lý và phát triển đô thị: Luật xây dựng, tài chính đô thị, kinh tế bất động sản, quản lý dự án.
Ứng dụng AI và dữ liệu lớn: Phân tích dữ liệu đô thị, trí tuệ nhân tạo trong quản lý giao thông, môi trường.
Ngoài lý thuyết, sinh viên còn có cơ hội tham gia các dự án thực tế, thực tập tại các công ty bất động sản, tư vấn thiết kế, và các cơ quan quy hoạch đô thị.

",,,
Cơ hội việc làm ngành Quản lý Xây dựng Đô thị Thông minh tại Đại học Bách Khoa Đà Nẵng,"Sau khi tốt nghiệp, sinh viên có thể làm việc trong nhiều lĩnh vực khác nhau liên quan đến xây dựng, quản lý đô thị và công nghệ thông minh.

Các vị trí việc làm phổ biến:
Kỹ sư quản lý đô thị: Làm việc tại các cơ quan quản lý đô thị, Sở Xây dựng, Sở Quy hoạch – Kiến trúc.
Chuyên gia BIM và GIS: Phát triển mô hình đô thị thông minh, phân tích dữ liệu không gian.
Kỹ sư giao thông thông minh: Ứng dụng công nghệ vào quản lý giao thông, hệ thống đèn tín hiệu, bãi đỗ xe thông minh.
Chuyên gia về năng lượng và môi trường đô thị: Triển khai các giải pháp tiết kiệm năng lượng, xây dựng công trình xanh.
Làm việc trong các công ty bất động sản, tập đoàn xây dựng, công ty công nghệ về đô thị thông minh.",,,
Review ngành Mô hình Thông tin & Trí tuệ Nhân tạo trong Xây dựng tại Đại học Bách Khoa Đà Nẵng,"Ngành Mô hình Thông tin & Trí tuệ Nhân tạo trong Xây dựng là sự kết hợp giữa công nghệ xây dựng truyền thống với các công nghệ hiện đại như BIM (Building Information Modeling), AI (Artificial Intelligence), Machine Learning, IoT và Big Data. Đây là một ngành có tiềm năng phát triển rất lớn trong bối cảnh chuyển đổi số và ứng dụng công nghệ vào xây dựng.

1. Chương trình đào tạo
Chương trình đào tạo của ngành này giúp sinh viên có kiến thức về:

Xây dựng và mô hình hóa công trình: Quy hoạch, thiết kế, quản lý và giám sát công trình.
Ứng dụng công nghệ số: Sử dụng BIM, AI và dữ liệu lớn trong phân tích, dự báo và tối ưu hóa quá trình xây dựng.
Tự động hóa trong xây dựng: Ứng dụng IoT, cảm biến thông minh, robot trong quản lý công trình.
Phát triển đô thị thông minh: Kết hợp dữ liệu xây dựng với trí tuệ nhân tạo để nâng cao hiệu quả và bền vững.
Một số môn học tiêu biểu:
Cơ sở ngành: Công nghệ xây dựng, kết cấu công trình, quản lý dự án.
Ứng dụng BIM: Mô hình thông tin công trình, triển khai thiết kế và quản lý dữ liệu công trình.
Trí tuệ nhân tạo và dữ liệu lớn: AI trong xây dựng, phân tích dữ liệu dự án, học máy cho mô phỏng và tối ưu hóa công trình.
Tự động hóa và IoT: Cảm biến công trình, giám sát công trình từ xa, quản lý tòa nhà thông minh.
Quản lý và tối ưu hóa công trình: Kết hợp dữ liệu thực tế với mô phỏng số để tối ưu tiến độ, chi phí, và chất lượng.
Ngoài việc học lý thuyết, sinh viên còn có cơ hội tham gia các dự án thực tế, thực tập tại các công ty xây dựng, công ty công nghệ và trung tâm nghiên cứu.

",,,
Cơ hội việc làm ngành Mô hình Thông tin & Trí tuệ Nhân tạo trong Xây dựng tại Đại học Bách Khoa Đà Nẵng,"Sau khi tốt nghiệp, sinh viên có thể làm việc trong nhiều lĩnh vực liên quan đến công nghệ xây dựng, dữ liệu và trí tuệ nhân tạo.

Các vị trí việc làm phổ biến:
Chuyên gia BIM: Làm việc tại các công ty thiết kế, xây dựng, quản lý dự án sử dụng BIM.
Kỹ sư AI trong xây dựng: Ứng dụng trí tuệ nhân tạo vào phân tích công trình, dự đoán rủi ro, tối ưu hóa tiến độ.
Chuyên gia dữ liệu xây dựng: Làm việc với dữ liệu lớn để tối ưu hóa thiết kế và vận hành công trình.
Kỹ sư giám sát thông minh: Ứng dụng IoT và cảm biến trong giám sát, bảo trì công trình.
Quản lý dự án số hóa: Áp dụng công nghệ để nâng cao hiệu quả quản lý dự án xây dựng.
Nghiên cứu và phát triển đô thị thông minh: Làm việc trong các viện nghiên cứu, tổ chức quy hoạch đô thị thông minh.
Với xu hướng chuyển đổi số trong ngành xây dựng, nhu cầu nhân lực có kiến thức cả về xây dựng và công nghệ đang tăng cao, giúp sinh viên có nhiều cơ hội việc làm hấp dẫn.",,,
Review ngành Kỹ thuật Xây dựng Công trình Thủy tại Đại học Bách Khoa Đà Nẵng,"Ngành Kỹ thuật Xây dựng Công trình Thủy là lĩnh vực chuyên sâu về thiết kế, xây dựng và quản lý các công trình liên quan đến nước như đập thủy điện, kênh mương, cảng biển, hệ thống thủy lợi, công trình bảo vệ bờ biển. Đây là ngành quan trọng trong việc phát triển hạ tầng thủy lợi, giao thông thủy và bảo vệ môi trường nước.

1. Chương trình đào tạo
Sinh viên ngành này sẽ được đào tạo kiến thức về kỹ thuật xây dựng kết hợp với thủy văn, thủy lực, cơ học đất, và quản lý tài nguyên nước.

Các nhóm kiến thức chính:
Cơ sở kỹ thuật xây dựng: Cơ học kết cấu, nền móng, vật liệu xây dựng, vẽ kỹ thuật.
Chuyên sâu về công trình thủy: Thiết kế đập, kênh, hồ chứa, công trình thoát nước, cảng biển.
Thủy lực và thủy văn: Ứng dụng trong thiết kế công trình ngăn lũ, cấp thoát nước, bảo vệ bờ biển.
Quản lý và khai thác tài nguyên nước: Điều tiết hồ chứa, công trình cấp nước sinh hoạt và nông nghiệp.
Ứng dụng công nghệ hiện đại: Mô phỏng dòng chảy, thiết kế công trình bằng phần mềm như HEC-RAS, AutoCAD Civil 3D, GIS.
Ngoài ra, sinh viên còn có các chương trình thực hành, thực tập tại các công trình thực tế để nâng cao kỹ năng.",,,
Cơ hội việc làm ngành Kỹ thuật Xây dựng Công trình Thủy tại Đại học Bách Khoa Đà Nẵng,"Sau khi tốt nghiệp, sinh viên có thể làm việc tại nhiều lĩnh vực liên quan đến xây dựng, thủy lợi, môi trường, giao thông thủy.

Các vị trí việc làm phổ biến:
Kỹ sư thiết kế công trình thủy: Làm việc tại các công ty tư vấn thiết kế công trình thủy lợi, thủy điện, cảng biển.
Kỹ sư thi công: Giám sát và thi công các công trình như đập nước, hệ thống kênh rạch, hệ thống cấp thoát nước.
Kỹ sư quản lý tài nguyên nước: Làm việc tại các sở ban ngành quản lý thủy lợi, môi trường, cấp nước đô thị.
Chuyên gia bảo vệ bờ biển và phòng chống thiên tai: Thiết kế và xây dựng các hệ thống bảo vệ chống xâm nhập mặn, xói lở.
Làm việc tại các doanh nghiệp thủy điện, dầu khí: Quản lý hạ tầng kỹ thuật cho các công trình trên biển và sông.
Với nhu cầu phát triển hạ tầng, thủy lợi và ứng phó biến đổi khí hậu, ngành này có triển vọng tốt và ổn định.",,,
Review ngành Kỹ thuật Xây dựng Công trình Giao thông tại Đại học Bách Khoa Đà Nẵng,"Ngành Kỹ thuật Xây dựng Công trình Giao thông đào tạo kỹ sư thiết kế, xây dựng, quản lý và bảo trì các công trình hạ tầng giao thông như đường bộ, cầu, hầm, đường sắt, sân bay, bến cảng. Đây là ngành đóng vai trò quan trọng trong phát triển cơ sở hạ tầng và kinh tế của đất nước.

1. Chương trình đào tạo
Sinh viên sẽ được đào tạo các kiến thức từ cơ bản đến chuyên sâu về thiết kế, thi công, quản lý công trình giao thông.

Các nhóm kiến thức chính:
Cơ sở kỹ thuật xây dựng: Cơ học kết cấu, vật liệu xây dựng, nền móng, vẽ kỹ thuật.
Chuyên ngành công trình giao thông:
Thiết kế cầu đường, đường cao tốc, hầm, bến cảng.
Kết cấu bê tông, thép trong công trình giao thông.
Động lực học công trình giao thông.
Địa kỹ thuật & nền móng: Kiến thức về đất, móng công trình, ổn định nền đường.
Quản lý và bảo trì công trình giao thông: Quản lý khai thác đường bộ, cầu cảng, sân bay.
Ứng dụng công nghệ hiện đại:
Sử dụng phần mềm mô phỏng và thiết kế như AutoCAD Civil 3D, SAP2000, Midas, Plaxis.
Công nghệ BIM trong xây dựng giao thông.
Sinh viên sẽ có nhiều cơ hội tham gia thực tập thực tế tại các công trình để rèn luyện kỹ năng.",,,
Cơ hội việc làm ngành Kỹ thuật Xây dựng Công trình Giao thông tại Đại học Bách Khoa Đà Nẵng,"Sau khi tốt nghiệp, sinh viên có thể làm việc tại các công ty thiết kế, thi công và quản lý công trình giao thông.

Các vị trí phổ biến:
Kỹ sư thiết kế công trình giao thông: Làm việc tại các công ty tư vấn thiết kế cầu đường, sân bay, cảng biển.
Kỹ sư thi công và giám sát: Trực tiếp tham gia xây dựng các dự án giao thông.
Kỹ sư quản lý và bảo trì công trình: Làm việc tại các sở giao thông, ban quản lý hạ tầng giao thông.
Chuyên viên quy hoạch giao thông: Phân tích, thiết kế hệ thống giao thông đô thị.
Làm việc tại các doanh nghiệp xây dựng lớn như: Vinaconex, Cienco, Tổng Công ty Xây dựng Công trình Giao thông (Cienco), Coteccons, Hòa Bình, Delta.
Ngành này có nhu cầu nhân lực cao, đặc biệt trong các dự án hạ tầng lớn như đường cao tốc, metro, sân bay.",,,
Review ngành Kỹ thuật Cơ sở Hạ tầng tại Đại học Bách Khoa Đà Nẵng,"Ngành Kỹ thuật Cơ sở Hạ tầng đào tạo kỹ sư chuyên thiết kế, xây dựng và quản lý các công trình hạ tầng kỹ thuật đô thị như đường sá, hệ thống cấp thoát nước, điện chiếu sáng, xử lý chất thải, hạ tầng viễn thông và công trình dân dụng khác. Đây là ngành đóng vai trò quan trọng trong việc phát triển bền vững và hiện đại hóa đô thị.

1. Chương trình đào tạo
Sinh viên sẽ được học các kiến thức nền tảng về xây dựng, kỹ thuật hạ tầng và quy hoạch đô thị.

Các nhóm kiến thức chính:
Cơ sở kỹ thuật xây dựng: Vật liệu xây dựng, cơ học đất, nền móng công trình.
Hệ thống giao thông đô thị: Quy hoạch, thiết kế và bảo trì đường bộ, cầu, giao thông thông minh.
Hệ thống cấp thoát nước và môi trường: Kỹ thuật xử lý nước thải, cấp nước đô thị, hệ thống thoát nước mưa.
Hệ thống điện, chiếu sáng và viễn thông: Thiết kế mạng lưới điện, đèn đường, viễn thông trong đô thị thông minh.
Ứng dụng công nghệ trong hạ tầng: BIM (Building Information Modeling), GIS (Hệ thống thông tin địa lý).
Sinh viên sẽ có các đợt thực tập tại các công ty xây dựng, quản lý đô thị để áp dụng kiến thức vào thực tế.",,,
Cơ hội việc làm ngành Kỹ thuật Cơ sở Hạ tầng tại Đại học Bách Khoa Đà Nẵng,"Sau khi tốt nghiệp, sinh viên có thể làm việc tại nhiều lĩnh vực khác nhau liên quan đến xây dựng và quản lý hạ tầng đô thị.

Các vị trí phổ biến:
Kỹ sư thiết kế hạ tầng: Thiết kế hệ thống giao thông, cấp thoát nước, điện chiếu sáng cho đô thị.
Kỹ sư thi công và giám sát: Giám sát thi công các công trình hạ tầng.
Chuyên viên quy hoạch và quản lý đô thị: Làm việc tại các sở xây dựng, quy hoạch đô thị, ban quản lý dự án.
Làm việc tại các công ty và tập đoàn lớn: VinGroup, Sun Group, Coteccons, Hòa Bình, Tổng Công ty Xây dựng Hà Nội.
Với sự phát triển của đô thị thông minh, kỹ sư cơ sở hạ tầng có thể tham gia vào các dự án quy hoạch và phát triển đô thị bền vững.",,,
Review Ngành Kinh tế Xây dựng tại Đại học Bách Khoa Đà Nẵng,"Ngành Kinh tế Xây dựng là sự kết hợp giữa kinh tế và kỹ thuật xây dựng, đào tạo kỹ sư có kiến thức về quản lý chi phí, lập dự toán, đấu thầu và quản lý tài chính trong các dự án xây dựng. Đây là ngành rất quan trọng trong lĩnh vực xây dựng, đảm bảo các công trình được thực hiện hiệu quả về kinh tế và tài chính.

1. Chương trình đào tạo
Sinh viên được trang bị kiến thức vừa mang tính kỹ thuật xây dựng, vừa mang tính kinh tế và quản lý dự án.

Các nhóm kiến thức chính:
Cơ sở kỹ thuật xây dựng: Vật liệu xây dựng, kết cấu công trình, nền móng.
Kinh tế và quản lý xây dựng: Lập dự toán, quản lý tài chính, quản lý rủi ro trong xây dựng.
Lập và thẩm định dự án đầu tư: Tính toán hiệu quả tài chính, phân tích chi phí - lợi ích.
Quản lý hợp đồng và đấu thầu: Quản lý hồ sơ mời thầu, đánh giá nhà thầu.
Ứng dụng công nghệ trong xây dựng: BIM (Building Information Modeling), phần mềm lập dự toán như AutoCAD, Revit, Excel, Primavera.
Ngoài ra, sinh viên sẽ có các đợt thực tập tại các công ty xây dựng lớn để áp dụng kiến thức vào thực tế.",,,
Cơ hội việc làm Ngành Kinh tế Xây dựng tại Đại học Bách Khoa Đà Nẵng,"Ngành Kinh tế Xây dựng có nhu cầu nhân lực cao do sự phát triển mạnh của ngành xây dựng và bất động sản.

Các vị trí phổ biến:
Kỹ sư kinh tế xây dựng: Phụ trách tính toán chi phí, dự toán, kiểm soát tài chính cho các dự án xây dựng.
Chuyên viên quản lý dự án: Quản lý tiến độ, tài chính và nguồn vốn dự án.
Chuyên viên thẩm định đầu tư: Làm việc tại ngân hàng, công ty tài chính trong lĩnh vực thẩm định dự án.
Nhà thầu, chuyên viên đấu thầu: Tham gia đấu thầu công trình xây dựng, quản lý hợp đồng.
Làm việc tại các tập đoàn xây dựng lớn: Coteccons, Hòa Bình, VinGroup, Sun Group, FECON.
Ngoài ra, sinh viên có thể khởi nghiệp trong lĩnh vực tư vấn và quản lý xây dựng, hoặc làm việc tại các công ty bất động sản.",,,
Sự khác biệt giữa ngành Kinh tế Xây dựng và ngành Kinh tế,"1. Mục tiêu đào tạo
Kinh tế Xây dựng: Đào tạo kỹ sư có kiến thức về quản lý tài chính, lập dự toán, đấu thầu, quản lý dự án và đầu tư trong lĩnh vực xây dựng.
Kinh tế: Đào tạo cử nhân kinh tế có kiến thức chung về tài chính, quản lý doanh nghiệp, kinh tế vi mô, kinh tế vĩ mô, thương mại, ngân hàng mà không chuyên sâu vào một ngành cụ thể.
2. Nội dung chương trình học
Kinh tế Xây dựng
 Kết hợp cả kỹ thuật và kinh tế.
 Học các môn về kỹ thuật xây dựng, vật liệu, kết cấu công trình, nền móng.
 Chuyên sâu về lập dự toán công trình, quản lý chi phí, đầu tư, đấu thầu, thẩm định dự án xây dựng.
 Sử dụng các phần mềm chuyên ngành như AutoCAD, Revit, Primavera, Excel dự toán.
 Học về quản lý hợp đồng, tài chính và pháp lý trong xây dựng.

Kinh tế
 Chuyên về quản lý kinh tế, tài chính, ngân hàng, kinh tế quốc tế, thương mại, kế toán, quản trị doanh nghiệp.
 Học về kinh tế vi mô, vĩ mô, thị trường tài chính, marketing, quản lý doanh nghiệp.
 Có thể làm trong nhiều lĩnh vực như tài chính ngân hàng, kế toán kiểm toán, quản trị doanh nghiệp, logistics.
 Không có các môn liên quan đến kỹ thuật xây dựng.",,,
Ngành Tự Động Hóa Là Gì?,"Ngành Công nghệ Kỹ thuật Điều khiển và Tự động hóa (CNKT Điều khiển và Tự động hóa) là lĩnh vực nghiên cứu, thiết kế và vận hành các hệ thống máy móc và dây chuyền sản xuất tự động. Ngành này đặc biệt quan trọng trong các lĩnh vực công nghiệp như xi măng, sắt thép, và nước giải khát, nơi mà các quy trình sản xuất chủ yếu được thực hiện bởi máy móc và robot, giúp tăng năng suất và giảm chi phí lao động.",,,
Liệu Tự Động Hóa Có Thể Thay Thế Hoàn Toàn Con Người Trong Tương Lai?,"Sự phát triển nhanh chóng của công nghệ tự động hóa và trí tuệ nhân tạo đang thay đổi cách thức sản xuất. Các robot và máy học (learning machines) ngày càng được sử dụng rộng rãi trong các lĩnh vực như xây dựng, thương mại điện tử, và khai thác mỏ. Tuy nhiên, việc thay thế con người hoàn toàn không phải là điều dễ dàng.

Những Công Việc Lặp Lại: Robot có thể thay thế con người trong các công việc lặp đi lặp lại và tốn thời gian.
Công Việc Đòi Hỏi Kỹ Năng Cao: Những công việc cần tư duy, sáng tạo và khả năng tương tác với con người vẫn cần đến sự can thiệp của con người. Do đó, sự đào tạo bài bản cho nhân lực là rất quan trọng để tối ưu hóa công nghệ tự động hóa.",,,
Học Ngành CNKT Điều Khiển Tự Động Hóa Ra Làm Nghề Gì?,"Sinh viên tốt nghiệp ngành này có nhiều cơ hội việc làm như:

Lập trình ứng dụng: Lập trình cho hệ vi xử lý CNC, PLC.
Kỹ sư vận hành bảo dưỡng: Sửa chữa thiết bị và hệ thống tự động.
Kỹ sư thiết kế hệ thống tự động.
Tư vấn viên: Cung cấp giải pháp trong lĩnh vực tự động hóa.
Giảng viên: Giảng dạy tại các trường đại học hoặc cao đẳng.",,,
Các Trường Đào Tạo Ngành CNKT Điều Khiển Tự Động Hóa,"Một số trường đại học tại Việt Nam đào tạo ngành này bao gồm:

Đại học Công nghiệp Hà Nội
Đại học Mỏ địa chất
Đại học Điện lực
Đại học Bách khoa Đà Nẵng
Đại học Sư phạm Kỹ thuật TP.HCM
Đại học Cần Thơ",,,
Phương Thức Xét Tuyển Vào Ngành CNKT Điều Khiển Tự Động Hóa,"Các phương thức xét tuyển bao gồm:

Xét kết quả học tập 3 năm (5 học kỳ): Tổng điểm TBC lớp 10 + TBC lớp 11 + TB HK1 lớp 12 ≥ 18.0
Xét kết quả học tập 3 học kỳ: Điểm TB HK1 lớp 11 + TB HK2 lớp 11 + TB HK1 lớp 12 ≥ 18.0
Xét kết quả học tập kỳ 1 lớp 12: Tổng điểm TB học kỳ 1 của 3 môn ≥ 18.0
Xét kết quả học tập cả năm lớp 12: TBC cả năm lớp 12 ≥ 6.0",,,
Ngành Xây Dựng,"Ngành xây dựng, mặc dù không phải lúc nào cũng nằm trong top các ngành ""hot,"" nhưng luôn được coi là xương sống của nền kinh tế. Ngành này không chỉ đóng góp 15-20% GDP mà còn tạo ra hệ thống tài sản cố định cho nền kinh tế quốc dân. Các đề án xây dựng đô thị, thành phố thông minh và các dự án vật liệu xanh đang đánh dấu bước chuyển mình sang xu hướng ""thông minh hóa,"" tạo động lực lớn cho ngành này phát triển.",,,
Cơ Hội Việc Làm Cho Kỹ Sư Xây Dựng,"Nhu cầu về kỹ sư xây dựng chất lượng cao ngày càng gia tăng. Các doanh nghiệp không ngừng tìm kiếm nhân lực có chuyên môn để thực hiện các dự án hiện đại, sẵn sàng trả mức lương từ 30-40 triệu đồng/tháng. Học ngành Công nghệ Kỹ thuật Xây dựng tại các trường đại học sẽ giúp bạn tận dụng những tiềm năng này.",,,
Khoa học dữ liệu là gì?,"Khoa học dữ liệu (DS - Data Science) là ngành học kết hợp các kỹ năng toán học, thống kê và học máy để phân tích, nghiên cứu dữ liệu nhằm mô phỏng tình huống đã, đang xảy ra và dự đoán các sự kiện trong tương lai sau đó đưa ra các phương án, chiến lược hành động, thường phục vụ trong các lĩnh vực marketing, quảng cáo, nghiên cứu và ứng dụng công cụ tìm kiếm…",,,
Trí tuệ nhân tạo là gì?,"Trí tuệ nhân tạo (AI - Artificial Intelligence) là ngành thông qua việc sử dụng các thuật toán máy tính, kỹ thuật và công nghệ liên quan để tạo ra các sản phẩm mô phỏng hành động, tư duy và trí thông minh của con người, thường được ứng dụng trong các lĩnh vực sản xuất, tự động hóa, y tế, giao thông, logistics, robotics...",,,
Cơ hội việc làm ngành DS và AI,"Ngày nay, rất nhiều ngành nghề chú trọng đầu tư về Khoa học dữ liệu và Trí tuệ nhân tạo, nhất là các công ty về công nghệ, giải trí, thương mại điện tử. Ngoài ra, các ngành giáo dục, logistics, tài chính, sức khỏe, các công ty có tầm nhìn chiến lược… cũng nắm bắt xu hướng, ứng dụng DS và AI vào quy trình hoạt động.

Ở các nước phát triển như Mỹ, Trung Quốc, Nhật Bản, Hàn Quốc… cuộc chiến “săn lùng” nhân lực chất lượng được ví như công cuộc đãi vàng. Những tập đoàn lớn về công nghệ sẵn sàng chi trả mức lương cực kỳ cao để thu hút người tài. Như vậy, trở thành một kỹ sư DS và AI giỏi không chỉ giải quyết vấn đề của thị trường trong nước mà còn là “bài giải” cho bài toán “khát” nhân lực trên toàn thế giới.",,,
Sinh viên ngành DS và AI học gì?,"Chương trình đào tạo ngành Khoa học dữ liệu và Trí tuệ nhân tạo vừa có những kiến thức cơ bản như tin học, giải tích, thống kê, ngoại ngữ... vừa bao gồm các khối kiến thức chuyên môn như công nghệ thông tin, kỹ thuật máy tính, phân tích và xử lý dữ liệu, mạng máy tính và truyền thông…

Sinh viên ngành DS và AI sẽ được học về các module: học máy (machine learning), học sâu (deep learning), lập trình và thiết kế giao diện web, dữ liệu lớn (big data), lập trình di động (blockchain), xử lý ngôn ngữ tự nhiên (natural language processing), thị giác máy tính, hệ chuyên gia (expert systems)…

Ngoài ra, xuyên suốt chương trình học sẽ là các đồ án nghiên cứu, dự án thực tế và 2 kỳ làm việc tại các doanh nghiệp để sinh viên vừa có nền tảng kiến thức vững vàng vừa nâng cao kỹ năng chuyên môn và tích lũy được nhiều kinh nghiệm phong phú phục vụ cho quá trình làm việc sau này.",,,
Điều kiện để đăng ký xét tuyển ngành Khoa học dữ liệu và Trí tuệ nhân tạo:,"Năm 2024, trường Đại học bách khoa dự kiến xét tuyển ngành Khoa học dữ liệu và Trí tuệ nhân tạo với các phương thức:

-Xét tuyển riêng của trường

- Xét điểm thi TN THPT

- Xét tuyển thẳng theo Quy chế của Bộ Giáo dục và Đào tạo",,,
Ngành Công Nghệ Ô Tô Là Gì?,"Ngành công nghệ ô tô là một lĩnh vực học tập kết hợp nhiều kiến thức từ các ngành khác nhau như cơ khí, điện tử, chế tạo máy và tự động hóa. Chương trình học không chỉ giúp sinh viên nắm vững lý thuyết mà còn trang bị các kỹ năng thực hành cần thiết để vận hành, bảo trì và phát triển các hệ thống ô tô.",,,
Ngành Kỹ Thuật Ô Tô Có Dễ Xin Việc Không?,"Mặc dù nhu cầu về nguồn nhân lực trong ngành công nghệ ô tô đang tăng cao, việc có dễ xin việc hay không phụ thuộc vào năng lực và kinh nghiệm của từng cá nhân. Nếu bạn trang bị cho mình kiến thức và kỹ năng phù hợp, cơ hội việc làm sẽ rất lớn, đặc biệt khi sản lượng ô tô sản xuất hàng năm gia tăng và nhiều thương hiệu ô tô lớn đã có mặt tại Việt Nam.",,,
Cơ Hội Việc Làm Ngành Công Nghệ Ô Tô,"Ngành Công nghệ Ô tô đang phát triển mạnh mẽ tại Việt Nam và trên thế giới nhờ sự bùng nổ của các công nghệ mới như xe điện, xe tự hành, AI trong ô tô và xu hướng xanh hóa ngành công nghiệp ô tô. Sinh viên tốt nghiệp ngành này có nhiều cơ hội việc làm ở cả trong nước lẫn quốc tế.

1. Những Vị Trí Việc Làm Phổ Biến
Sau khi tốt nghiệp ngành Công nghệ Ô tô, bạn có thể làm việc trong các lĩnh vực sau:

Kỹ sư thiết kế và phát triển ô tô: Làm việc tại các công ty sản xuất, nghiên cứu ô tô như VinFast, Toyota, Honda, Hyundai.
Kỹ sư bảo trì và sửa chữa ô tô: Làm việc tại các trung tâm dịch vụ bảo dưỡng, xưởng sửa chữa của các hãng xe lớn.
Chuyên gia về hệ thống điện - điện tử ô tô: Phát triển các hệ thống cảm biến, phần mềm điều khiển ô tô thông minh.
Kỹ sư sản xuất và lắp ráp ô tô: Làm việc tại các nhà máy lắp ráp ô tô, trực tiếp tham gia dây chuyền sản xuất.
Chuyên viên kiểm định, đánh giá chất lượng xe: Làm việc trong các cơ quan kiểm định chất lượng ô tô, đảm bảo các tiêu chuẩn về an toàn và môi trường.
Giảng viên, nghiên cứu viên về Công nghệ Ô tô: Công tác tại các trường đại học, viện nghiên cứu trong lĩnh vực kỹ thuật ô tô.
2. Các Công Ty Tuyển Dụng Hàng Đầu
Ngành Công nghệ Ô tô tại Việt Nam thu hút sự đầu tư mạnh mẽ của nhiều tập đoàn trong nước và quốc tế như:

Doanh nghiệp ô tô trong nước: VinFast, Trường Hải (THACO), Thành Công Motor.
Doanh nghiệp ô tô nước ngoài tại Việt Nam: Toyota, Honda, Ford, Hyundai, Mercedes-Benz, Nissan, Mitsubishi.
Công ty phụ trợ ngành ô tô: Bosch, Denso, Continental, Hyundai Kefico.
Các trung tâm bảo dưỡng, sửa chữa: Toyota Bến Thành, Honda Ôtô Việt Nam, các hệ thống garage ô tô lớn.
3. Xu Hướng Phát Triển Và Cơ Hội Trong Tương Lai
Xu hướng xe điện: VinFast và nhiều hãng xe nước ngoài đang đầu tư mạnh vào thị trường xe điện, mở ra cơ hội việc làm trong sản xuất, bảo trì, phát triển công nghệ xe điện.
Trí tuệ nhân tạo (AI) trong ô tô: Hệ thống lái tự động, nhận diện hành vi lái xe đang được phát triển mạnh mẽ. Các kỹ sư có nền tảng AI, IoT, phần mềm điều khiển sẽ có lợi thế lớn.
Kỹ thuật xe thông minh: Các công nghệ như kết nối Internet trên ô tô, hệ thống cảnh báo va chạm, điều khiển bằng giọng nói đang trở thành xu hướng, tạo ra nhu cầu cao về nhân lực có chuyên môn sâu.
4. Mức Lương Và Cơ Hội Việc Làm Ở Nước Ngoài
Sinh viên mới ra trường: 10 - 15 triệu đồng/tháng tại Việt Nam.
Kỹ sư có kinh nghiệm (trên 3 năm): 20 - 40 triệu đồng/tháng, đặc biệt nếu có chuyên môn về điện - điện tử ô tô, AI, xe điện.
Làm việc tại nước ngoài: Các quốc gia như Nhật Bản, Đức, Mỹ, Hàn Quốc có nhu cầu cao về nhân lực ngành ô tô, với mức lương từ 2.500 - 5.000 USD/tháng tùy theo trình độ và kinh nghiệm.",,,
Đại học Bách Khoa xét tuyển ngành công nghệ kỹ thuật ô tô,"Trường Đại học Bách khoa – Đại học Đà Nẵng đã mở ngành Kỹ thuật Ô tô (mã ngành: 7520130) từ năm 2021, đáp ứng nhu cầu ngày càng cao về nguồn nhân lực chất lượng trong lĩnh vực công nghệ ô tô.

1. Phương thức xét tuyển:

Năm 2021: Nhà trường tuyển sinh 60 chỉ tiêu cho ngành Kỹ thuật Ô tô, xét tuyển dựa trên kết quả kỳ thi tốt nghiệp Trung học Phổ thông (THPT). 

Năm 2023: Trường áp dụng phương thức tuyển sinh riêng, bao gồm xét tuyển thẳng theo quy định của Bộ Giáo dục và Đào tạo, xét tuyển theo kết quả học tập THPT (học bạ), và xét tuyển dựa trên kết quả các kỳ thi đánh giá năng lực do Đại học Quốc gia TP.HCM và Đại học Bách khoa Hà Nội tổ chức. 

2. Tổ hợp môn xét tuyển:

Các tổ hợp môn xét tuyển cho ngành Kỹ thuật Ô tô thường bao gồm:
A00: Toán, Vật lý, Hóa học
A01: Toán, Vật lý, Tiếng Anh
3. Điểm chuẩn tham khảo:

Năm 2021, điểm chuẩn cho ngành Kỹ thuật Ô tô là 25.00 điểm, với điều kiện điểm Toán và Vật lý đều từ 8 trở lên, và thí sinh đặt nguyện vọng 1. 

4. Thông tin tuyển sinh năm 2025:

Trường Đại học Bách khoa – Đại học Đà Nẵng dự kiến tiếp tục tuyển sinh ngành Kỹ thuật Ô tô trong năm 2025. Thí sinh quan tâm nên theo dõi trang thông tin tuyển sinh chính thức của trường để cập nhật chi tiết về phương thức xét tuyển, chỉ tiêu và các yêu cầu cụ thể. 

5. Liên hệ tư vấn tuyển sinh:

Để biết thêm thông tin chi tiết và được tư vấn cụ thể, thí sinh có thể liên hệ:
Địa chỉ: 54 Nguyễn Lương Bằng, Quận Liên Chiểu, Thành phố Đà Nẵng
Số điện thoại: 0888 477 377; 0888 377 177; 0888 577 277; 0236 36 20 999",,,
Sơ Lược Về Nhóm Ngành Công Nghệ - Kỹ Thuật,"Nhóm ngành Công nghệ - Kỹ thuật hiện đang trở thành một trong những lĩnh vực học tập “hot” tại Việt Nam. Với sự phát triển mạnh mẽ của công nghệ và xu hướng công nghiệp hóa, nhu cầu nhân lực trong nhóm ngành này ngày càng cao, đặc biệt trong các lĩnh vực như công nghệ kỹ thuật ô tô, điện - điện tử, tự động hóa, xây dựng và nông nghiệp công nghệ cao.

Tại Đại học Bách Khoa, sinh viên sẽ được trang bị kiến thức từ cơ bản đến nâng cao, với một chương trình học chú trọng thực hành và trải nghiệm thực tế.",,,
Các Ngành Học Trong Nhóm Công Nghệ - Kỹ Thuật Tại Đại Học bách Khoa đà nẵng,"Trường Đại học Bách khoa – Đại học Đà Nẵng cung cấp đa dạng các ngành học thuộc nhóm Công nghệ - Kỹ thuật, đáp ứng nhu cầu đào tạo nguồn nhân lực chất lượng cao cho xã hội. Dưới đây là danh sách các ngành đào tạo trong lĩnh vực này:

1. Công nghệ Thông tin:

Công nghệ Thông tin (Đặc thù – Hợp tác Doanh nghiệp): Chương trình hợp tác với doanh nghiệp, chú trọng thực hành và ứng dụng.
Công nghệ Thông tin (Ngoại ngữ Nhật): Tập trung đào tạo tiếng Nhật chuyên ngành, mở rộng cơ hội làm việc tại các công ty Nhật Bản.
Công nghệ Thông tin, chuyên ngành Khoa học Dữ liệu và Trí tuệ Nhân tạo: Đào tạo chuyên sâu về phân tích dữ liệu và AI.
2. Kỹ thuật Máy tính:

Kỹ thuật Máy tính: Tập trung vào thiết kế, phát triển phần cứng và phần mềm máy tính.
3. Công nghệ Sinh học:

Công nghệ Sinh học: Nghiên cứu và ứng dụng công nghệ trong lĩnh vực sinh học.
Công nghệ Sinh học, chuyên ngành Công nghệ Sinh học Y Dược: Tập trung vào ứng dụng sinh học trong y học và dược phẩm.
4. Công nghệ Thực phẩm:

Công nghệ Thực phẩm: Đào tạo về quy trình sản xuất, kiểm soát chất lượng thực phẩm.
5. Kỹ thuật Hóa học:

Kỹ thuật Hóa học: Nghiên cứu và phát triển các quy trình hóa học trong công nghiệp.
6. Kỹ thuật Cơ khí:

Kỹ thuật Cơ khí, chuyên ngành Cơ khí Động lực: Tập trung vào thiết kế, chế tạo và bảo trì các hệ thống cơ khí động lực.
Công nghệ Chế tạo Máy: Đào tạo về công nghệ sản xuất và gia công cơ khí.
7. Kỹ thuật Cơ điện tử:

Kỹ thuật Cơ điện tử: Kết hợp giữa cơ khí, điện tử và tin học trong thiết kế và chế tạo.
8. Kỹ thuật Nhiệt:

Kỹ thuật Nhiệt: Nghiên cứu về nhiệt động lực học và ứng dụng trong công nghiệp.
9. Kỹ thuật Tàu thủy:

Kỹ thuật Tàu thủy: Thiết kế, đóng mới và bảo dưỡng tàu thủy.
10. Kỹ thuật Điện:

Kỹ thuật Điện: Tập trung vào hệ thống điện và ứng dụng trong công nghiệp.
11. Kỹ thuật Điện tử - Viễn thông:

Kỹ thuật Điện tử - Viễn thông: Nghiên cứu về thiết bị điện tử và hệ thống viễn thông.
12. Kỹ thuật Điều khiển và Tự động hóa:

Kỹ thuật Điều khiển và Tự động hóa: Thiết kế và vận hành các hệ thống tự động trong công nghiệp.
13. Kỹ thuật Môi trường:

Kỹ thuật Môi trường: Giải quyết các vấn đề về môi trường và phát triển bền vững.
14. Quản lý Công nghiệp:

Quản lý Công nghiệp: Kết hợp giữa kỹ thuật và quản lý trong sản xuất và dịch vụ.
15. Công nghệ Dầu khí và Khai thác Dầu:

Công nghệ Dầu khí và Khai thác Dầu: Nghiên cứu và ứng dụng công nghệ trong khai thác và chế biến dầu khí.
16. Kỹ thuật Hệ thống Công nghiệp:

Kỹ thuật Hệ thống Công nghiệp: Tối ưu hóa các hệ thống sản xuất và dịch vụ.
17. Kỹ thuật Cơ khí Hàng không:

Kỹ thuật Cơ khí, chuyên ngành Cơ khí Hàng không: Tập trung vào thiết kế và bảo dưỡng các thiết bị hàng không.
18. Kỹ thuật Ô tô:

Kỹ thuật Ô tô: Đào tạo về thiết kế, chế tạo và bảo dưỡng ô tô.
19. Điện tử Viễn thông (Chương trình Tiên tiến Việt – Mỹ):

Điện tử Viễn thông (Chương trình Tiên tiến Việt – Mỹ): Chương trình hợp tác quốc tế, giảng dạy bằng tiếng Anh.
20. Hệ thống Nhúng và IoT (Chương trình Tiên tiến Việt – Mỹ):

Hệ thống Nhúng và IoT (Chương trình Tiên tiến Việt – Mỹ): Tập trung vào thiết kế và phát triển các hệ thống nhúng và Internet vạn vật.
21. Chương trình Đào tạo Kỹ sư Chất lượng cao (PFIEV):

Kỹ thuật Cơ khí (Chuyên ngành Sản xuất Tự động): Đào tạo chuyên sâu về tự động hóa trong sản xuất.
Kỹ thuật Điện (Chuyên ngành Tin học Công nghiệp): Kết hợp giữa điện và công nghệ thông tin trong công nghiệp.
Công nghệ Thông tin (Chuyên ngành Công nghệ Phần mềm): Tập trung vào phát triển phần mềm và ứng dụng.",,,
Năng Lực Chuẩn Đầu Ra Của Sinh Viên đối với nhóm ngành kĩ thuật,"Sinh viên tốt nghiệp nhóm ngành kỹ thuật từ các trường đại học, đặc biệt là các trường kỹ thuật hàng đầu như Đại học Bách khoa Đà Nẵng, được trang bị những năng lực chuẩn đầu ra quan trọng. Dưới đây là các nhóm năng lực cốt lõi mà một kỹ sư sau khi tốt nghiệp cần đạt được:

1. Kiến Thức Chuyên Môn
Kiến thức nền tảng về kỹ thuật: Hiểu biết sâu về toán học, vật lý và các nguyên lý kỹ thuật.
 Kiến thức chuyên sâu theo ngành: Có khả năng vận dụng kiến thức chuyên ngành vào thiết kế, chế tạo, vận hành và bảo trì các hệ thống kỹ thuật.
 Ứng dụng công nghệ mới: Biết cách sử dụng các phần mềm, công nghệ và công cụ tiên tiến trong ngành như CAD/CAM, IoT, AI, tự động hóa...
 Kiến thức liên ngành: Hiểu và có khả năng kết hợp nhiều lĩnh vực như cơ khí, điện tử, công nghệ thông tin, điều khiển tự động, vật liệu mới...

2. Kỹ Năng Chuyên Môn
 Thiết kế và phân tích kỹ thuật: Có khả năng tính toán, mô phỏng và tối ưu hóa hệ thống kỹ thuật.
 Vận hành và bảo trì hệ thống: Thành thạo trong vận hành, bảo dưỡng và khắc phục sự cố kỹ thuật.
 Kỹ năng thực hành: Thành thạo sử dụng máy móc, công cụ, phần mềm chuyên ngành.
 Đổi mới và sáng tạo: Có tư duy phát triển sản phẩm mới, cải tiến hệ thống hiện có.

3. Kỹ Năng Mềm & Quản Lý
 Làm việc nhóm & lãnh đạo: Biết cách phối hợp với đồng nghiệp, quản lý nhóm và điều phối công việc hiệu quả.
 Tư duy phản biện & giải quyết vấn đề: Có khả năng đánh giá, phân tích tình huống và đưa ra giải pháp kỹ thuật tối ưu.
 Giao tiếp & trình bày: Kỹ năng viết báo cáo kỹ thuật, thuyết trình, trình bày dự án.
 Kỹ năng quản lý dự án: Biết cách lập kế hoạch, triển khai và đánh giá dự án kỹ thuật.

4. Kỹ Năng Công Nghệ & Ngoại Ngữ
 Sử dụng công nghệ thông tin: Thành thạo các phần mềm mô phỏng, lập trình, quản lý dữ liệu.
 Ngoại ngữ: Đạt trình độ tiếng Anh tối thiểu B1 hoặc tương đương (có thể giao tiếp, đọc hiểu tài liệu chuyên ngành, viết báo cáo).
 Ứng dụng trí tuệ nhân tạo (AI) và dữ liệu lớn (Big Data): Hiểu cách AI, dữ liệu lớn hỗ trợ ngành kỹ thuật.

5. Phẩm Chất Nghề Nghiệp
 Đạo đức nghề nghiệp: Có tinh thần trách nhiệm, tuân thủ quy chuẩn kỹ thuật và đạo đức nghề nghiệp.
 Tính kỷ luật & chuyên nghiệp: Làm việc có nguyên tắc, chính xác, đảm bảo an toàn lao động.
 Khả năng tự học & phát triển bản thân: Luôn sẵn sàng học hỏi, cập nhật công nghệ mới.

6. Năng Lực Khởi Nghiệp & Đổi Mới
 Tư duy sáng tạo & khởi nghiệp: Có khả năng phát triển sản phẩm mới, khởi nghiệp trong lĩnh vực kỹ thuật.
 Thích nghi với công nghiệp 4.0: Đáp ứng yêu cầu của nền sản xuất thông minh, tích hợp công nghệ số.

",,,
Cơ Hội Việc Làm Sau Tốt Nghiệp đối với nhóm ngành kỹ thuật,"Nhóm ngành kỹ thuật luôn có nhu cầu tuyển dụng cao, đặc biệt trong bối cảnh công nghiệp 4.0 và sự phát triển của công nghệ. Sinh viên tốt nghiệp các ngành kỹ thuật có thể làm việc trong nhiều lĩnh vực đa dạng, từ sản xuất, xây dựng, năng lượng, công nghệ thông tin đến ô tô, hàng không, tự động hóa…

1. Các Lĩnh Vực Nghề Nghiệp Chính
1.1. Sản Xuất & Chế Tạo
Cơ khí - Chế tạo máy: Thiết kế, gia công, vận hành hệ thống sản xuất.
Công nghệ ô tô: Lắp ráp, kiểm định, bảo trì ô tô, phát triển xe điện.
Điện - Điện tử: Thiết kế mạch, phát triển thiết bị điện tử, hệ thống truyền tải điện.
1.2. Tự Động Hóa & Robot
Lập trình PLC, SCADA, điều khiển hệ thống sản xuất tự động.
Phát triển robot công nghiệp, trí tuệ nhân tạo trong sản xuất.
1.3. Công Nghệ Thông Tin & Kỹ Thuật Số
Lập trình phần mềm nhúng, phát triển vi mạch, thiết bị IoT.
Trí tuệ nhân tạo (AI), khoa học dữ liệu, mô phỏng kỹ thuật.
1.4. Xây Dựng & Cơ Sở Hạ Tầng
Kết cấu công trình dân dụng, giao thông, thủy lợi.
Quản lý dự án, phát triển đô thị thông minh.
1.5. Năng Lượng & Môi Trường
Điện gió, điện mặt trời, năng lượng tái tạo.
Xử lý nước thải, kiểm soát ô nhiễm, quản lý tài nguyên.
1.6. Hàng Không - Tàu Biển
Kỹ sư bảo dưỡng máy bay, phát triển vật liệu hàng không.
Thiết kế, đóng tàu, công nghệ hàng hải.
2. Các Vị Trí Việc Làm Cụ Thể
Kỹ sư thiết kế: Thiết kế sản phẩm, hệ thống kỹ thuật.
Kỹ sư sản xuất: Quản lý dây chuyền sản xuất, tối ưu hóa quy trình.
Kỹ sư bảo trì: Kiểm tra, sửa chữa, bảo trì thiết bị, máy móc.
Chuyên gia nghiên cứu & phát triển (R&D): Phát triển sản phẩm, cải tiến công nghệ.
Chuyên viên kiểm định chất lượng (QA/QC): Đảm bảo sản phẩm đạt tiêu chuẩn kỹ thuật.
Quản lý dự án kỹ thuật: Giám sát, điều phối dự án xây dựng, sản xuất.
3. Mức Lương & Cơ Hội Thăng Tiến
Sinh viên mới ra trường: 10 - 15 triệu/tháng (tuỳ ngành, vị trí).
Kỹ sư có kinh nghiệm: 20 - 40 triệu/tháng hoặc hơn (đặc biệt ở các công ty nước ngoài).
Cơ hội thăng tiến: Trưởng nhóm, quản lý kỹ thuật, giám đốc nhà máy, chuyên gia tư vấn.
4. Cơ Hội Làm Việc Ở Nước Ngoài
Kỹ sư có thể làm việc tại Nhật Bản, Hàn Quốc, Đức, Mỹ…
Chương trình xuất khẩu lao động kỹ thuật, thực tập sinh hưởng lương.
Làm việc từ xa với các công ty quốc tế trong lĩnh vực phần mềm nhúng, IoT.
5. Xu Hướng Nghề Nghiệp Trong Tương Lai
Kỹ thuật số hóa, trí tuệ nhân tạo trong công nghiệp.
Ứng dụng IoT, dữ liệu lớn trong tự động hóa.
Năng lượng xanh, vật liệu bền vững.
Chế tạo ô tô điện, công nghệ hàng không vũ trụ.",,,
Top 10 ngành nghề có cơ hội việc làm cao trong 5-10 năm tới,"Bài viết này cung cấp thông tin chi tiết về Top 10 ngành nghề có cơ hội việc làm cao trong 5-10 năm tới, giúp các thí sinh đang chuẩn bị cho kỳ thi THPT và chọn ngành học tương lai có cái nhìn rõ ràng hơn về xu hướng việc làm.

1. Chuyên viên quản trị hệ thống thương mại điện tử
Thương mại điện tử đang bùng nổ với sự phát triển của công nghệ, tạo điều kiện cho việc giao dịch dễ dàng hơn giữa doanh nghiệp và khách hàng. Ngành này đang cần nguồn nhân lực dồi dào để quản lý và phát triển hệ thống.

2. Công nghệ thông tin
Ngành CNTT là một trong những lĩnh vực hot nhất, cung cấp đa dạng cơ hội việc làm từ phát triển phần mềm đến an ninh mạng. Theo thống kê, nhu cầu nhân lực trong lĩnh vực này tăng mạnh trong khi nguồn cung còn hạn chế.

3. Nhân viên kinh doanh
Với yêu cầu không quá khắt khe nhưng tiềm năng thu nhập cao, nghề nhân viên kinh doanh thu hút nhiều bạn trẻ. Ngành này đang có nhu cầu tuyển dụng lớn trên toàn quốc.

4. Phiên dịch viên
Khi nền kinh tế mở cửa và thu hút đầu tư nước ngoài, nhu cầu phiên dịch viên ngày càng tăng, đặc biệt là cho các ngôn ngữ như Anh, Nhật, và Hàn.

5. Kỹ sư công nghệ ô tô
Ngành công nghiệp ô tô đang trên đà phát triển mạnh mẽ tại Việt Nam, tạo cơ hội việc làm phong phú cho các kỹ sư trong lĩnh vực này.

6. Dược
Nhu cầu về dược sĩ luôn cao trong các bệnh viện và công ty dược phẩm, đặc biệt khi các công ty nước ngoài mở rộng thị trường tại Việt Nam.

7. Hướng dẫn viên du lịch
Ngành du lịch tiếp tục phát triển mạnh, đòi hỏi đội ngũ hướng dẫn viên chuyên nghiệp để phục vụ khách hàng và quảng bá văn hóa địa phương.

8. Kỹ sư xây dựng công trình
Với sự đầu tư mạnh mẽ vào cơ sở hạ tầng, ngành xây dựng đang cần nguồn nhân lực kỹ sư cao cấp để thực hiện các dự án lớn.

9. Marketing - truyền thông
Ngành Marketing đang tăng trưởng nhanh chóng với nhu cầu tuyển dụng cao, đặc biệt trong bối cảnh các doanh nghiệp cần tăng cường sự hiện diện thương hiệu.

10. Khoa học dữ liệu
Ngành Khoa học dữ liệu đang trở thành một trong những lĩnh vực có thu nhập cao nhất, với nhu cầu về chuyên gia có khả năng phân tích và xử lý dữ liệu lớn.

Kết luận
Với những thông tin trên, các bạn sinh viên có thể chọn cho mình một ngành học phù hợp, không chỉ với sở thích cá nhân mà còn với nhu cầu của thị trường lao động trong tương lai. Việc nắm bắt xu hướng ngành nghề sẽ giúp bạn có định hướng nghề nghiệp đúng đắn hơn.",,,
Đăng Ký Học Tại Đại Học Bách Khoa ,"Để đăng ký học tại Trường Đại học Bách khoa – Đại học Đà Nẵng cho năm học 2025, bạn cần thực hiện các bước sau:

1. Tìm hiểu Thông tin Tuyển sinh 2025:

Truy cập trang web chính thức của trường để cập nhật thông tin mới nhất về đề án tuyển sinh, các ngành đào tạo, chỉ tiêu tuyển sinh và phương thức xét tuyển. 
2. Tham gia Kỳ thi và Xét tuyển:

Đăng ký và tham dự Kỳ thi Tốt nghiệp Trung học Phổ thông (THPT) Quốc gia năm 2025.
Đối với ngành Kiến trúc, bạn cần dự thi môn năng khiếu Vẽ Mỹ thuật do Hội đồng Thi năng khiếu Vẽ Mỹ thuật của trường tổ chức, với yêu cầu điểm thi đạt từ 5,00 trở lên. 
3. Đăng ký Xét tuyển:

Sau khi có kết quả thi, bạn cần đăng ký xét tuyển vào trường theo hướng dẫn cụ thể sẽ được công bố trên trang tuyển sinh của trường.
4. Liên hệ Tư vấn Tuyển sinh:

Nếu cần hỗ trợ hoặc có thắc mắc, bạn có thể liên hệ trực tiếp với Ban Tư vấn Tuyển sinh của trường qua các kênh sau:
Địa chỉ: 54 Nguyễn Lương Bằng, Quận Liên Chiểu, Thành phố Đà Nẵng
Điện thoại: 0888 477 377; 0888 377 177; 0888 577 277; 0236 36 20 999
Email: tuyensinhbkdn@dut.udn.vn
Lưu ý rằng thông tin chi tiết về tuyển sinh năm 2025 sẽ được cập nhật trên trang web chính thức của trường. Bạn nên thường xuyên theo dõi để nắm bắt kịp thời các thông tin quan trọng.",,,
Cho em hỏi cơ sở học tập và thực tập ở trường như thế nào khi em vào nhập học ạ?,"Cơ sở học tập và thực tập tại Trường Đại học Bách khoa – Đại học Đà Nẵng được đầu tư khá hiện đại, đáp ứng tốt nhu cầu học tập và nghiên cứu của sinh viên. Khi nhập học, bạn sẽ được tiếp cận với các điều kiện học tập và thực hành như sau:

1. Cơ sở học tập
Giảng đường: Các giảng đường rộng rãi, được trang bị đầy đủ máy chiếu, hệ thống âm thanh và điều hòa (ở một số khu).
Thư viện: Thư viện trung tâm của trường có không gian tự học lớn, cung cấp hàng nghìn đầu sách, giáo trình, tài liệu nghiên cứu chuyên sâu, cùng với hệ thống tra cứu trực tuyến.
Phòng thí nghiệm và thực hành:
Sinh viên các ngành kỹ thuật sẽ có nhiều giờ thực hành tại các phòng thí nghiệm chuyên sâu như phòng thí nghiệm điện – điện tử, cơ khí, xây dựng, công nghệ thông tin, tự động hóa, kỹ thuật môi trường…
Một số ngành có xưởng thực hành riêng, chẳng hạn như cơ khí chế tạo, ô tô, xây dựng, công nghệ vật liệu...
Các phòng máy tính được trang bị đầy đủ phần mềm phục vụ cho sinh viên IT, khoa học dữ liệu, trí tuệ nhân tạo…
Hệ thống ký túc xá: Sinh viên có thể đăng ký ở tại ký túc xá ngay trong khuôn viên trường với đầy đủ tiện nghi cơ bản.
2. Cơ hội thực tập và liên kết doanh nghiệp
Thực tập tại doanh nghiệp: Trường có liên kết với nhiều doanh nghiệp, tập đoàn lớn trong và ngoài nước, giúp sinh viên có cơ hội thực tập thực tế ngay từ năm 3 hoặc năm 4.
Các chương trình học bổng, trao đổi: Một số ngành có chương trình hợp tác với các trường quốc tế, tạo điều kiện cho sinh viên học tập và thực tập tại nước ngoài.
Cơ hội thực tập có lương: Một số doanh nghiệp lớn như FPT, Bosch, Hyundai, VNPT, Viettel, Thaco, Daikin, Suntory PepsiCo… có chương trình Internship có lương dành cho sinh viên năm cuối.
3. Hoạt động hỗ trợ sinh viên
Các trung tâm hỗ trợ: Trường có Trung tâm Hỗ trợ sinh viên và Quan hệ doanh nghiệp, giúp sinh viên tìm kiếm việc làm, thực tập, hỗ trợ khởi nghiệp.
CLB học thuật và nghiên cứu: Nhiều câu lạc bộ chuyên môn, nhóm nghiên cứu giúp sinh viên nâng cao kỹ năng thực hành và nghiên cứu.
Hoạt động ngoại khóa: Các hoạt động thể thao, sự kiện, hội thảo giúp sinh viên phát triển kỹ năng mềm bên cạnh học tập chuyên môn.",,,
Vị trí trường nằm ở đâu,"Trường Đại học Bách khoa – Đại học Đà Nẵng nằm tại:

Địa chỉ: 54 Nguyễn Lương Bằng, quận Liên Chiểu, TP. Đà Nẵng

Vị trí cụ thể
Trường nằm ở phía Tây Bắc thành phố Đà Nẵng, cách trung tâm thành phố khoảng 10 km.
Gần các tuyến đường lớn như Tôn Đức Thắng, Nguyễn Tất Thành, thuận tiện cho việc di chuyển.
Nằm trong khu vực có nhiều trường đại học khác thuộc Đại học Đà Nẵng, như Đại học Sư phạm, Đại học Sư phạm Kỹ thuật.
Cơ sở hạ tầng xung quanh
Gần KCN Hòa Khánh, nơi có nhiều doanh nghiệp, công ty lớn, tạo điều kiện thực tập cho sinh viên.
Gần bãi biển Nguyễn Tất Thành, thuận lợi cho các hoạt động ngoại khóa.
Có nhiều khu trọ, quán ăn, dịch vụ phục vụ sinh viên với chi phí hợp lý.
Bạn có thể dễ dàng đến trường bằng xe máy, xe buýt hoặc taxi từ trung tâm thành phố.",,,
Cơ Hội Việc Làm Tại Nhật Bản Của Sinh Viên Trường Đại Học Bách Khoa – ĐH Đà Nẵng,"Sinh viên Đại học Bách khoa Đà Nẵng có nhiều cơ hội làm việc tại Nhật Bản nhờ vào chương trình đào tạo chất lượng, các hợp tác quốc tế, cũng như nhu cầu tuyển dụng kỹ sư từ các doanh nghiệp Nhật.

1. Chương Trình Hợp Tác Với Doanh Nghiệp Nhật Bản
Chương trình đào tạo chuẩn Nhật Bản: Một số ngành như Cơ điện tử, Kỹ thuật ô tô, Công nghệ thông tin, Hệ thống nhúng & IoT có liên kết với doanh nghiệp Nhật, giúp sinh viên được đào tạo theo chuẩn Nhật.
Hợp tác với các tập đoàn lớn: Các công ty như Toyota, Honda, Panasonic, Hitachi, Mitsubishi thường xuyên tuyển dụng sinh viên Bách Khoa Đà Nẵng.
Chương trình thực tập có lương tại Nhật: Một số doanh nghiệp có chương trình thực tập từ 6 tháng đến 1 năm, giúp sinh viên trải nghiệm môi trường làm việc thực tế tại Nhật.
2. Ngành Học Có Nhiều Cơ Hội Việc Làm Tại Nhật
Các ngành có nhiều cơ hội làm việc tại Nhật gồm:

Công nghệ thông tin, Khoa học dữ liệu, Trí tuệ nhân tạo (do nhu cầu tuyển dụng kỹ sư IT cao)
Cơ khí, Điện - Điện tử, Cơ điện tử (phù hợp với ngành công nghiệp sản xuất của Nhật)
Kỹ thuật ô tô (Nhật có nhiều tập đoàn lớn trong lĩnh vực này)
Hệ thống nhúng & IoT (Nhật rất mạnh về công nghệ nhúng và tự động hóa)
3. Các Con Đường Làm Việc Tại Nhật
Xuất khẩu lao động diện kỹ sư: Sinh viên tốt nghiệp có thể xin việc qua các chương trình tuyển dụng kỹ sư từ Nhật.
Du học - làm việc: Nhiều sinh viên chọn đi Nhật học thạc sĩ rồi ở lại làm việc.
Làm việc tại công ty Nhật ở Việt Nam: Sau vài năm kinh nghiệm, có cơ hội được cử đi Nhật làm việc.
4. Điều Kiện Để Làm Việc Tại Nhật
Trình độ chuyên môn vững: Sinh viên cần có nền tảng kiến thức tốt và thực hành kỹ năng theo tiêu chuẩn Nhật Bản.
Tiếng Nhật từ N3 trở lên: Đa số công ty yêu cầu trình độ tiếng Nhật tối thiểu N3, một số ngành IT có thể chỉ cần N4 + tiếng Anh tốt.
Tinh thần kỷ luật, thái độ làm việc chuyên nghiệp: Nhật rất chú trọng thái độ làm việc, kỷ luật và tinh thần trách nhiệm.
5. Hỗ Trợ Từ Nhà Trường
Trung tâm Hợp tác Doanh nghiệp & Việc làm hỗ trợ giới thiệu việc làm tại Nhật.
Các chương trình học tiếng Nhật miễn phí hoặc học phí ưu đãi dành cho sinh viên.
Hợp tác với các công ty phái cử uy tín để đảm bảo sinh viên có thể làm việc tại Nhật với điều kiện tốt.",,,
khả năng cạnh tranh khi xin việc của sinh viên trường đại học bách khoa so với các trường khác,"Chào em, Cảm ơn em đã quan tâm đến thông tin tuyển sinh đại học 2019 của trường Đại học Đông Á 

Hiện nay, các nhà tuyển dụng quan tâm đầu tiên là năng lực chuyên môn và các kỹ năng nghề nghiệp của SV. Do đó yếu tố cá nhân là quyết định tất cả! Đại học công hay tư thầy nghĩ cũng không quá quan trọng nữa rồi. Quan trọng ở chương trình đào tạo của trường và khả năng của em.

ĐH Đông Á luôn tạo mọi điều kiện cho các em học tập để đầu ra các em gần với các tiêu chí tuyển dụng nhất : năng lực, kỹ năng mềm, thông thạo tin học, giao tiếp tiếng Anh và kinh nghiệm thực tập 3 học kì. Do đó em hoàn toàn có thể tự tin để phóng vấn em nhé!

Ngoài ra nhà trường có quan hệ rất tốt với các doanh nghiệp khu vực miền Trung, là đối tác cungcấp nguồn nhân lực cho nhiều công ty khác nhau trong địa bàn TP.Đà Nẵng và các tỉnh lân cận. Do đó tỷ lệ sinh viên ĐH Đông Á tốt nghiệp hàng năm tìm được việc làm phù hợp luôn đạt trên 80%.

Yên tâm và cố gắng học tốt em nhé!",,,
cho em hỏi nhà trường có trung tâm hỗ trợ giới thiệu việc làm cho SV không ạ?,"ĐH Bách Khoa có Trung tâm Quan hệ hợp tác doanh nghiệp sẽ hỗ trợ giới thiệu việc làm cho em nếu em có nhu cầu. Hàng tháng, ĐH Bách Khoa đều tổ chức các buổi hội thảo, tọa đàm về kỹ năng xin việc và phỏng vấn cũng như giới thiệu việc làm đến với các bạn sinh viên trong trường.

Ngoài ra nhà trường có quan hệ rất tốt với các doanh nghiệp khu vực miền Trung, là đối tác cung cấp nguồn nhân lực cho nhiều công ty khác nhau trong địa bàn TP.Đà Nẵng và các tỉnh lân cận. Do đó tỷ lệ sinh viên ĐH Bách Khoa tốt nghiệp hàng năm tìm được việc làm phù hợp luôn đạt trên 80%.",,,
mình ra trường tìm việc làm có dễ không ạ?,"1. Cơ Hội Việc Làm Chung Cho Sinh Viên Bách Khoa Đà Nẵng
Tỷ lệ có việc làm cao: Theo thống kê, 95% sinh viên có việc làm trong vòng 6 tháng sau khi tốt nghiệp, đặc biệt với các ngành kỹ thuật như Cơ khí, CNTT, Điện – Điện tử.
Mạng lưới doanh nghiệp rộng: Trường hợp tác với nhiều tập đoàn lớn như FPT, Samsung, Intel, Bosch, Honda, Viettel, Toyota…
Cơ hội việc làm ở miền Trung khá ổn định: Đặc biệt tại Đà Nẵng, sinh viên có thể làm việc tại khu công nghiệp Hòa Khánh, KCN Đà Nẵng, Khu CNC Đà Nẵng hoặc các công ty phần mềm.
Có thể làm việc tại các thành phố lớn như Hà Nội, TP.HCM: Nếu bạn sẵn sàng di chuyển, cơ hội sẽ rộng mở hơn với mức lương cao hơn.
Lưu ý:

Các ngành như Công nghệ thông tin, Kỹ thuật phần mềm, Điện – Điện tử thường dễ xin việc hơn.
Một số ngành như Kỹ thuật môi trường, Vật liệu xây dựng có thể khó tìm việc hơn nếu không có kinh nghiệm thực tập tốt.
2.Mức Lương Sinh Viên Bách Khoa Đà Nẵng Khi Ra Trường
Mức lương tùy thuộc vào ngành học, kỹ năng và kinh nghiệm thực tế:

CNTT, Khoa học dữ liệu: 12 – 25 triệu/tháng
Cơ khí, Điện – Điện tử, Tự động hóa: 10 – 18 triệu/tháng
Xây dựng, Giao thông, Kinh tế xây dựng: 9 – 16 triệu/tháng
Môi trường, Vật liệu xây dựng: 8 – 14 triệu/tháng
Kinh tế kỹ thuật, Quản lý công nghiệp: 9 – 18 triệu/tháng
Lưu ý:

Mức lương có thể cao hơn nếu bạn làm tại TP.HCM hoặc Hà Nội.
Nếu có chứng chỉ ngoại ngữ (IELTS, TOEIC) hoặc kinh nghiệm thực tập, bạn sẽ dễ thương lượng mức lương cao hơn.",,,
vừa có chương trình học chất lượng cao như vậy thì có lẽ học phí sẽ cao lắm đúng không ạ?,"Chương trình Chất lượng cao tại Trường Đại học Bách khoa Đà Nẵng (DUT) được thiết kế nhằm cung cấp môi trường học tập tiên tiến, với đội ngũ giảng viên giàu kinh nghiệm và cơ sở vật chất hiện đại. Mức học phí cho chương trình này có sự điều chỉnh theo từng năm học. Dưới đây là thông tin chi tiết:

Học phí chương trình Chất lượng cao theo các năm học:

Năm học 2020 – 2021: 30.000.000 VNĐ/năm
Năm học 2021 – 2022: 32.000.000 VNĐ/năm
Năm học 2022 – 2023: 34.000.000 VNĐ/năm
Năm học 2023 – 2024: 36.000.000 VNĐ/năm
Năm học 2024 – 2025: 35.000.000 VNĐ/năm
Lưu ý rằng mức học phí có thể thay đổi tùy theo chính sách của nhà trường và từng năm học cụ thể. Để có thông tin chính xác và cập nhật nhất, bạn nên tham khảo trực tiếp từ trang web chính thức của Trường Đại học Bách khoa Đà Nẵng hoặc liên hệ với phòng Đào tạo của trường.",,,
sau khi tốt nghiệp ra trường em sẽ nhận được các loại bằng cấp gì ạ?,"Sau khi tốt nghiệp ra trường, em sẽ được nhận các bằng cấp (thuộc hệ thống văn bằng quốc gia) như sau:
- Bằng Cử nhân/ Kỹ sư.
- Chứng chỉ tiếng Anh TOEIC ≥ 450 điểm hoặc tương đương (B1).
- Chứng chỉ Kỹ thuật viên tin học văn phòng.
- Chứng chỉ về Giáo dục thể chất và Giáo dục quốc phòng.
- Chứng nhận sản phẩm Nghiên cứu khoa học.
- Chứng nhận kỹ năng làm việc chuyên nghiệp.
- Chứng nhận của nhà trường tham gia tích cực 1 trong các hoạt động cộng đồng: nhân đạo, môi trường, giúp đỡ người mù, thanh niên tình nguyện,…",,,
Chương trình đào tạo của Đại học Bách khoa Đà Nẵng có gì nổi bật so với các trường khác?,"Đại học Bách khoa Đà Nẵng (DUT) là một trong những trường kỹ thuật hàng đầu Việt Nam và khu vực miền Trung. Chương trình đào tạo tại DUT có nhiều điểm nổi bật so với các trường khác, đặc biệt là trong nhóm ngành công nghệ - kỹ thuật.

1. Chương trình đào tạo tiên tiến và thực tiễn
Chương trình được xây dựng theo chuẩn CDIO (Conceive – Design – Implement – Operate) nhằm trang bị kiến thức vững chắc về lý thuyết lẫn thực hành.
Một số ngành có chương trình đào tạo tích hợp với các trường đại học nước ngoài, như Mỹ, Nhật Bản, Hàn Quốc, giúp sinh viên tiếp cận với giáo trình tiên tiến.
Có các chương trình đào tạo Chất lượng cao (CLC), Tiên tiến (Advanced Program), Việt - Nhật, Việt - Pháp, giúp sinh viên có lợi thế về ngoại ngữ và kỹ năng chuyên môn.
2. Cơ sở vật chất hiện đại
DUT sở hữu hệ thống phòng thí nghiệm, xưởng thực hành hiện đại, được tài trợ bởi các tổ chức quốc tế và doanh nghiệp lớn.
Các ngành như Kỹ thuật Cơ điện tử, Công nghệ Thông tin, Kỹ thuật Ô tô, Điện - Điện tử… có phòng nghiên cứu và phòng lab tiên tiến, phục vụ tốt cho việc học tập và nghiên cứu khoa học.
3. Cơ hội thực tập, hợp tác doanh nghiệp
DUT có quan hệ hợp tác chặt chẽ với các doanh nghiệp lớn như FPT, Viettel, Bosch, Toshiba, Samsung, Honda… Sinh viên có cơ hội thực tập ngay từ năm 3, nhiều chương trình Internship có lương.
Một số ngành như Công nghệ Thông tin, Kỹ thuật Cơ điện tử, Công nghệ Ô tô có tỷ lệ sinh viên được doanh nghiệp tuyển dụng ngay khi còn đang học rất cao.
4. Định hướng nghiên cứu và đổi mới sáng tạo
Sinh viên có nhiều cơ hội tham gia nghiên cứu khoa học, thực hiện đề tài với các giảng viên, hoặc đăng ký chương trình khởi nghiệp sáng tạo ngay từ khi còn học đại học.
Các cuộc thi công nghệ như Robocon, AI Challenge, Smart City Hackathon, BK Maker thường xuyên được tổ chức.
5. Cơ hội du học và trao đổi sinh viên
Trường có nhiều chương trình liên kết đào tạo với các trường đại học lớn tại Nhật Bản, Mỹ, Pháp, Đức, Hàn Quốc.
Sinh viên có thể tham gia các chương trình trao đổi ngắn hạn hoặc nhận học bổng du học dài hạn sau khi tốt nghiệp.
6. Chất lượng đầu ra và cơ hội việc làm
Theo thống kê, hơn 95% sinh viên DUT có việc làm trong vòng 6 tháng sau khi tốt nghiệp, đặc biệt là nhóm ngành Công nghệ thông tin, Cơ điện tử, Tự động hóa.
Sinh viên DUT được đánh giá cao về tư duy logic, khả năng làm việc nhóm, thích ứng nhanh với công việc thực tế.",,,
Chương trình thực tập của Đại học Bách khoa Đà Nẵng có gì khác so với các trường khác?,"Chương trình thực tập tại Đại học Bách khoa Đà Nẵng (DUT) có nhiều điểm khác biệt và lợi thế so với các trường đại học khác, đặc biệt là với các ngành thuộc khối kỹ thuật - công nghệ. Dưới đây là những điểm nổi bật:

1. Thời gian thực tập dài và gắn liền với thực tế
Sinh viên DUT có cơ hội thực tập từ năm 3 hoặc năm 4, giúp tích lũy kinh nghiệm sớm.
Một số ngành yêu cầu thực tập bắt buộc từ 3-6 tháng tại doanh nghiệp, đảm bảo sinh viên không chỉ học lý thuyết mà còn áp dụng thực tế.
Các chương trình như Internship có lương, Thực tập doanh nghiệp (OJT - On-the-Job Training) được triển khai rộng rãi.
2. Mạng lưới doanh nghiệp đối tác rộng lớn
DUT có quan hệ hợp tác với nhiều doanh nghiệp lớn trong nước và quốc tế như Bosch, Samsung, Toshiba, Intel, FPT, Viettel, Honda, Toyota, VNG…
Các doanh nghiệp thường xuyên đến trường tổ chức Job Fair, Career Day, Tech Talk, giúp sinh viên tìm được nơi thực tập phù hợp.
3. Cơ hội thực tập tại nước ngoài
Sinh viên có thể tham gia chương trình thực tập quốc tế tại Nhật Bản, Hàn Quốc, Đức, Mỹ…
Một số ngành như Cơ điện tử, Tự động hóa, Công nghệ thông tin có chương trình thực tập tại các công ty công nghệ lớn ở nước ngoài.
4. Hỗ trợ thực tập và cơ hội làm việc ngay sau thực tập
DUT có trung tâm hỗ trợ sinh viên và quan hệ doanh nghiệp giúp sinh viên tìm kiếm cơ hội thực tập đúng chuyên ngành.
Nhiều sinh viên sau khi thực tập được giữ lại làm việc chính thức ngay sau khi tốt nghiệp.
Một số doanh nghiệp thậm chí “đặt gạch” tuyển dụng sinh viên từ khi còn đang thực tập.
5. Thực tập theo hướng nghiên cứu và khởi nghiệp
Ngoài thực tập tại doanh nghiệp, sinh viên có thể thực tập tại phòng thí nghiệm, trung tâm nghiên cứu của trường.
Những sinh viên có định hướng nghiên cứu có thể tham gia vào các dự án R&D, startup công nghệ hoặc nhận tài trợ nghiên cứu từ doanh nghiệp.",,,
Chuẩn đầu ra của Đại học Bách khoa Đà Nẵng,"Chuẩn đầu ra của Đại học Bách khoa – Đại học Đà Nẵng (DUT) được xây dựng theo hướng đảm bảo sinh viên có kiến thức vững chắc, kỹ năng thực hành tốt, khả năng thích nghi cao với thị trường lao động trong nước và quốc tế.

1. Kiến thức chuyên môn
Sinh viên tốt nghiệp có nền tảng kiến thức chuyên sâu về ngành học và khả năng áp dụng thực tế.
Được đào tạo theo chuẩn CDIO, ABET (tùy ngành), giúp chương trình tiệm cận với các trường đại học quốc tế.
Các ngành công nghệ, kỹ thuật có nội dung cập nhật theo xu hướng công nghệ 4.0, trí tuệ nhân tạo, dữ liệu lớn…
Một số ngành có chương trình chất lượng cao (CLC), tiên tiến bằng tiếng Anh hoặc tiếng Nhật, giúp tăng khả năng hội nhập.
2. Kỹ năng nghề nghiệp và thực hành
Thực hành nhiều: DUT chú trọng thực hành tại phòng thí nghiệm, nhà máy, công ty đối tác.
Sinh viên có cơ hội thực tập tại doanh nghiệp từ sớm, rèn luyện kỹ năng làm việc thực tế.
Thành thạo các công cụ, phần mềm chuyên ngành như AutoCAD, MATLAB, SolidWorks, Ansys, Python, Java, SQL (tùy theo ngành học).
3. Kỹ năng mềm và làm việc nhóm
Sinh viên được đào tạo kỹ năng làm việc nhóm, quản lý dự án, giải quyết vấn đề thực tế.
Rèn luyện kỹ năng thuyết trình, tư duy phản biện, giao tiếp chuyên nghiệp.
Có khả năng tự học, nghiên cứu để thích nghi với công việc sau này.
4. Ngoại ngữ và tin học
Ngoại ngữ:
Chương trình đại trà: Sinh viên cần đạt chuẩn đầu ra tiếng Anh tối thiểu B1 (theo CEFR) hoặc TOEIC 500+.
Chương trình chất lượng cao: Chuẩn tiếng Anh cao hơn (IELTS 5.5+ hoặc TOEIC 650+).
Một số ngành CLC tiếng Nhật yêu cầu N3 trở lên.
Tin học: Đáp ứng yêu cầu về kỹ năng sử dụng công nghệ thông tin theo chuẩn quốc tế, thành thạo MS Office, phần mềm ngành nghề.
5. Đạo đức và trách nhiệm xã hội
Sinh viên được rèn luyện tinh thần trách nhiệm, đạo đức nghề nghiệp, ý thức bảo vệ môi trường, làm việc an toàn.
Biết cách ứng dụng công nghệ vào phát triển bền vững, đổi mới sáng tạo.
6. Cơ hội việc làm và khả năng khởi nghiệp
Tỷ lệ sinh viên có việc làm sau 6 tháng tốt nghiệp đạt trên 90%.
Sinh viên có thể làm việc tại doanh nghiệp trong và ngoài nước, tập đoàn công nghệ, công ty startup.
Một số sinh viên có năng lực có thể theo hướng nghiên cứu, giảng dạy, khởi nghiệp công nghệ.",,,
Chương trình Đào tạo của Đại học Bách khoa – Đại học Đà Nẵng,"Chương trình đào tạo của Đại học Bách khoa – Đại học Đà Nẵng (DUT) được thiết kế nhằm trang bị cho sinh viên kiến thức chuyên môn vững vàng, kỹ năng thực hành thực tế và khả năng hội nhập quốc tế. Trường áp dụng mô hình đào tạo theo chuẩn CDIO, AUN-QA, ABET (tùy ngành) để đảm bảo chất lượng giáo dục đạt chuẩn quốc tế.

1. Các Hệ Đào Tạo
1.1. Chương trình đại trà
Chương trình tiêu chuẩn dành cho đa số sinh viên.
Đào tạo lý thuyết kết hợp thực hành, thực tập doanh nghiệp.
Chuẩn đầu ra về chuyên môn, kỹ năng mềm, ngoại ngữ và tin học.
1.2. Chương trình Chất lượng cao (CLC)
Giảng dạy một phần bằng tiếng Anh, một số ngành có tiếng Nhật.
Cơ sở vật chất hiện đại, sĩ số lớp ít hơn, môi trường học tập tốt hơn.
Sinh viên có cơ hội thực tập và làm việc tại các công ty quốc tế.
1.3. Chương trình Tiên tiến (Advanced Program)
Giảng dạy hoàn toàn bằng tiếng Anh theo mô hình các trường đại học Mỹ.
Hợp tác với các trường quốc tế để đào tạo, trao đổi sinh viên.
Tập trung vào nghiên cứu, ứng dụng công nghệ tiên tiến.
1.4. Chương trình đào tạo kỹ sư tài năng
Đào tạo chuyên sâu, định hướng nghiên cứu hoặc phát triển công nghệ.
Chỉ dành cho những sinh viên xuất sắc trong từng ngành học.
1.5. Đào tạo liên kết quốc tế
Hợp tác với các trường đại học tại Nhật Bản, Hàn Quốc, Mỹ, Châu Âu để trao đổi sinh viên, học chuyển tiếp.
Một số chương trình cho phép học 2 năm tại DUT và 2 năm tại đối tác quốc tế.
2. Các Nhóm Ngành Đào Tạo
2.1. Nhóm ngành Kỹ thuật – Công nghệ
Gồm các ngành chủ lực như:

Kỹ thuật Cơ khí, Cơ điện tử, Ô tô
Kỹ thuật Điện, Điện tử - Viễn thông, Điều khiển và Tự động hóa
Kỹ thuật Xây dựng, Kinh tế Xây dựng, Công trình Thủy, Giao thông
Khoa học Máy tính, Kỹ thuật Phần mềm, Trí tuệ Nhân tạo
Kỹ thuật Môi trường, Công nghệ Thực phẩm, Vật liệu
2.2. Nhóm ngành Khoa học – Công nghệ thông tin
Khoa học Dữ liệu & AI, An toàn thông tin, IoT
Hệ thống thông tin, Tin học Xây dựng
Toán ứng dụng, Kỹ thuật Y sinh
2.3. Nhóm ngành Quản lý – Kinh tế Kỹ thuật
Quản lý Công nghiệp, Logistics, Quản lý Xây dựng
Kinh tế Xây dựng, Quản lý Đô thị Thông minh
3. Đặc Điểm Nổi Bật Của Chương Trình Đào Tạo
3.1. Chương trình hiện đại, cập nhật xu hướng mới
Chương trình được xây dựng dựa trên các mô hình đào tạo tiên tiến như CDIO, ABET, AUN-QA.
Nội dung giảng dạy liên tục cập nhật theo các xu hướng công nghệ mới: AI, IoT, Big Data, Công nghiệp 4.0.
3.2. Học đi đôi với thực hành, thực tập doanh nghiệp
Thực hành nhiều tại phòng thí nghiệm, xưởng thực hành hiện đại.
Thực tập tại các công ty, tập đoàn lớn trong và ngoài nước ngay từ năm 3, năm 4.
Một số ngành có chương trình thực tập hưởng lương tại Nhật Bản, Hàn Quốc, Đức.
3.3. Đào tạo kỹ năng mềm và ngoại ngữ
Ngoài chuyên môn, sinh viên còn được đào tạo kỹ năng làm việc nhóm, giao tiếp, quản lý dự án.
Ngoại ngữ là yêu cầu bắt buộc:
Chương trình đại trà: TOEIC 500+ hoặc B1 (CEFR).
Chương trình CLC: TOEIC 650+ hoặc IELTS 5.5+.
Một số ngành tiếng Nhật yêu cầu N3 trở lên.
3.4. Liên kết doanh nghiệp – Cơ hội việc làm cao
DUT có quan hệ hợp tác với nhiều doanh nghiệp lớn như Intel, Samsung, Bosch, Mitsubishi, VinFast, FPT, VNPT…
Tỷ lệ sinh viên có việc làm sau 6 tháng ra trường trên 90%, nhiều ngành đạt 100%.
Sinh viên có thể chọn hướng nghiên cứu, khởi nghiệp, hoặc làm việc tại doanh nghiệp nước ngoài.",,,
"Trường mình có ký túc xá không ạ? Giá phòng bao nhiêu một tháng, 1 phòng bao nhiêu người ạ?","Ký túc xá Trường Đại học Bách khoa – Đại học Đà Nẵng

Trường Đại học Bách khoa – Đại học Đà Nẵng (DUT) cung cấp ký túc xá (KTX) cho sinh viên với các thông tin cơ bản như sau:

1. Vị trí và cơ sở vật chất:

Vị trí: KTX nằm trong khuôn viên trường tại số 54 Nguyễn Lương Bằng, phường Hòa Khánh, quận Liên Chiểu, thành phố Đà Nẵng.
Cơ sở vật chất: Phòng ở được trang bị giường ngủ và quạt tường. KTX còn có các tiện ích như nhà ăn, siêu thị mini, phòng tập thể hình và dịch vụ internet.
2. Số lượng người/phòng:

Phòng ở KTX thường được thiết kế cho 6 sinh viên/phòng.
3. Chi phí:

Phí lưu trú tại KTX được quy định bởi thành phố Đà Nẵng. Theo thông tin từ Ký túc xá phía Tây Đà Nẵng, mức phí là 85.000 đồng/người/tháng cho phòng 6 người. 

4. Thủ tục đăng ký:

Sinh viên có nhu cầu ở KTX cần liên hệ trực tiếp với Ban quản lý KTX để được hướng dẫn chi tiết về thủ tục và hồ sơ đăng ký.
5. Liên hệ:

Số điện thoại: 0236 3736936 hoặc 0913 402 314.
Lưu ý: Thông tin về chi phí và số lượng người/phòng có thể thay đổi theo từng năm học. Để có thông tin cập nhật nhất, bạn nên liên hệ trực tiếp với Ban quản lý KTX hoặc truy cập trang web chính thức của trường.


",,,
Trường mình có chính sách học bổng cho SV trong quá trình học không ạ?,"Trường Đại học Bách khoa – Đại học Đà Nẵng có nhiều chính sách học bổng dành cho sinh viên trong quá trình học tập. Dưới đây là các loại học bổng phổ biến:

1. Học bổng khuyến khích học tập
Dành cho sinh viên có kết quả học tập và rèn luyện xuất sắc trong từng học kỳ.
Mức học bổng chia thành các loại: Xuất sắc, Giỏi và Khá.
Giá trị học bổng có thể dao động từ 50% đến 100% học phí theo từng mức.
2. Học bổng tài trợ từ doanh nghiệp và tổ chức
Trường có hợp tác với nhiều doanh nghiệp lớn như Samsung, LG, FPT, VNPT, VinGroup, Sun Group… để cấp học bổng cho sinh viên xuất sắc hoặc có hoàn cảnh khó khăn.
Mức học bổng tùy theo từng doanh nghiệp tài trợ, có thể từ 5 triệu đến 50 triệu đồng mỗi suất.
3. Học bổng hỗ trợ sinh viên có hoàn cảnh khó khăn
Hỗ trợ cho sinh viên thuộc diện hộ nghèo, cận nghèo hoặc có hoàn cảnh khó khăn nhưng vẫn đạt kết quả học tập tốt.
Học bổng có thể bao gồm miễn giảm học phí hoặc hỗ trợ tài chính từ 3 triệu đến 10 triệu đồng/năm.
4. Học bổng trao đổi sinh viên quốc tế
Sinh viên có cơ hội nhận học bổng tham gia các chương trình trao đổi tại các trường đại học đối tác ở Nhật Bản, Hàn Quốc, Châu Âu…
Học bổng có thể bao gồm toàn bộ hoặc một phần chi phí học tập, sinh hoạt phí và vé máy bay.
5. Học bổng dành cho sinh viên nghiên cứu khoa học
Dành cho sinh viên tham gia các đề tài nghiên cứu khoa học, đạt giải trong các cuộc thi học thuật, sáng tạo.
Giá trị học bổng có thể từ 3 triệu đến 20 triệu đồng tùy theo thành tích.
Cách thức đăng ký
Sinh viên có thể theo dõi thông báo từ phòng Công tác Sinh viên hoặc website của trường để biết thông tin chi tiết về từng loại học bổng.
Hồ sơ đăng ký thường bao gồm: Đơn xin học bổng, bảng điểm, giấy xác nhận hoàn cảnh (nếu có), thư giới thiệu (nếu yêu cầu).",,,
Chính sách học bổng dành cho tân sinh viên tại Trường Đại học Bách khoa – Đại học Đà Nẵng,"Trường Đại học Bách khoa – Đại học Đà Nẵng có nhiều chính sách học bổng dành cho tân sinh viên nhằm khuyến khích và hỗ trợ các bạn ngay từ khi nhập học. Dưới đây là các loại học bổng phổ biến:

1. Học bổng tuyển sinh dành cho thủ khoa, á khoa
Dành cho những thí sinh có điểm thi đầu vào cao nhất trong từng ngành.
Giá trị học bổng có thể lên đến 100% học phí năm đầu tiên hoặc hỗ trợ tài chính từ 10 - 20 triệu đồng.
2. Học bổng khuyến khích học tập đầu vào
Dành cho các tân sinh viên có thành tích học tập xuất sắc tại bậc THPT hoặc đạt điểm xét tuyển cao.
Mức học bổng có thể từ 5 - 15 triệu đồng, tùy theo từng ngành và chính sách của từng năm.
3. Học bổng dành cho học sinh giỏi cấp quốc gia/quốc tế
Sinh viên đạt giải trong các kỳ thi học sinh giỏi cấp quốc gia, quốc tế sẽ được xem xét cấp học bổng.
Mức học bổng có thể từ 50% - 100% học phí hoặc hỗ trợ sinh hoạt phí hàng tháng.
4. Học bổng dành cho sinh viên có hoàn cảnh khó khăn
Hỗ trợ tân sinh viên thuộc diện hộ nghèo, cận nghèo hoặc có hoàn cảnh đặc biệt khó khăn nhưng vẫn đạt kết quả đầu vào tốt.
Học bổng có thể bao gồm miễn/giảm học phí năm đầu hoặc hỗ trợ tài chính từ 3 - 10 triệu đồng.
5. Học bổng từ doanh nghiệp và tổ chức tài trợ
Nhiều doanh nghiệp lớn như Samsung, FPT, VNPT, LG, VinGroup, Sun Group… có các suất học bổng dành cho tân sinh viên xuất sắc hoặc có tiềm năng.
Giá trị học bổng có thể dao động từ 10 - 50 triệu đồng tùy theo từng chương trình tài trợ.
Cách thức đăng ký học bổng
Sau khi nhập học, tân sinh viên có thể theo dõi thông báo từ phòng Công tác Sinh viên hoặc website của trường để biết thông tin chi tiết về từng loại học bổng.
Hồ sơ đăng ký thường bao gồm: Đơn xin học bổng, bảng điểm, giấy chứng nhận thành tích (nếu có), giấy xác nhận hoàn cảnh (nếu cần).",,,
Học phí Trường Đại học Bách khoa – Đại học Đà Nẵng,"1. Học phí hệ Đại học Chính quy
Đối với các chương trình đào tạo tiêu chuẩn (đại trà), học phí dao động khoảng 5 - 8 triệu đồng/học kỳ, tương đương 10 - 16 triệu đồng/năm.
Học phí có thể tăng nhẹ theo quy định của Nhà nước, nhưng thường không vượt quá 10% mỗi năm.
2. Học phí Chương trình Chất lượng cao (CLC)
Học phí chương trình Chất lượng cao cao hơn chương trình đại trà, dao động khoảng 30 - 35 triệu đồng/năm.
Học phí có thể tăng theo từng năm nhưng thường được công bố rõ ràng trước khi áp dụng.
3. Học phí Chương trình Tiên tiến
Học phí khoảng 35 - 40 triệu đồng/năm, áp dụng cho các chương trình đào tạo bằng tiếng Anh.
Chương trình này có sự hợp tác với các trường quốc tế, vì vậy học phí sẽ cao hơn so với chương trình đại trà.
4. Học phí các chương trình liên kết quốc tế
Tùy theo chương trình và đối tác liên kết, học phí có thể từ 40 - 80 triệu đồng/năm hoặc cao hơn, đặc biệt là các chương trình chuyển tiếp du học.
5. Học phí có tăng qua các năm không?
Học phí có thể tăng theo lộ trình của Bộ Giáo dục & Đào tạo và quy định của trường, nhưng mức tăng thường không quá 10% mỗi năm đối với hệ đại trà.
Đối với chương trình Chất lượng cao và Tiên tiến, mức tăng có thể linh hoạt tùy vào chi phí đào tạo thực tế.
Chính sách hỗ trợ học phí và học bổng
Trường có nhiều chương trình học bổng dành cho sinh viên có thành tích xuất sắc hoặc có hoàn cảnh khó khăn.
Sinh viên có thể đăng ký vay vốn học tập theo chính sách của Nhà nước nếu gặp khó khăn về tài chính.",,,
hồ sơ nhập học gồm những gì? Thời gian nhập học khi nào ạ?,"Trường Đại học Bách khoa – Đại học Đà Nẵng (DUT) yêu cầu tân sinh viên chuẩn bị hồ sơ nhập học và tuân thủ thời gian nhập học theo quy định. Dưới đây là thông tin chi tiết:

1. Hồ sơ nhập học: Tân sinh viên cần chuẩn bị các giấy tờ sau:

Giấy báo trúng tuyển: Bản chính hoặc bản sao có công chứng.
Học bạ THPT: Bản sao có công chứng.
Giấy chứng nhận tốt nghiệp tạm thời (đối với thí sinh tốt nghiệp năm 2025) hoặc Bằng tốt nghiệp THPT: Bản sao có công chứng.
Giấy khai sinh: Bản sao có công chứng.
Chứng minh nhân dân/Căn cước công dân: Bản sao có công chứng.
Giấy chứng nhận đăng ký nghĩa vụ quân sự (đối với nam): Bản sao có công chứng.
Giấy chứng nhận kết quả thi THPT Quốc gia: Bản chính.
Ảnh thẻ: 4 ảnh cỡ 3x4 cm.
Các giấy tờ xác nhận đối tượng ưu tiên (nếu có): Bản sao có công chứng.
Lưu ý: Các giấy tờ cần được sắp xếp theo thứ tự trên và đựng trong túi hồ sơ. Thông tin chi tiết có thể thay đổi theo từng năm, do đó, tân sinh viên nên kiểm tra thông báo chính thức từ nhà trường.

2. Thời gian nhập học: Thời gian nhập học thường được tổ chức vào cuối tháng 8 hoặc đầu tháng 9 hàng năm. Cụ thể, trong năm 2024, thời gian nhập học diễn ra từ 7h30 đến 16h30, ngày 25/8/2024 đến ngày 26/8/2024. 

Lưu ý: Thời gian nhập học có thể thay đổi theo từng năm. Tân sinh viên nên theo dõi thông báo chính thức từ nhà trường để cập nhật thông tin mới nhất.

3. Địa điểm nhập học: Khu A, Trường Đại học Bách khoa – Đại học Đà Nẵng, số 54 Nguyễn Lương Bằng, quận Liên Chiểu, thành phố Đà Nẵng.

4. Liên hệ: Phòng Công tác Sinh viên, Trường Đại học Bách khoa – Đại học Đà Nẵng.

Địa chỉ: 54 Nguyễn Lương Bằng, quận Liên Chiểu, Đà Nẵng.
Điện thoại: 0236 3736 936 hoặc 0913 402 314.
Để đảm bảo quá trình nhập học diễn ra thuận lợi, tân sinh viên nên chuẩn bị đầy đủ hồ sơ và theo dõi các thông báo chính thức từ nhà trường.",,,
Thông tin liên hệ  Khoa Công nghệ Nhiệt - Điện lạnh,"Zalo: https://zalo.me/g/vlehff515
Fanpage: https://www.facebook.com/KhoaCNNhietDienLanhDHBachKhoaDaNang",,,
Thông tin liên hệ Khoa Công Nghệ Thông Tin,"Zalo: https://zalo.me/g/zxynwq010
Fanpage: https://www.facebook.com/dut.itf",,,
Thông tin liên hệ Khoa Cơ khí,"Zalo ngành Công nghệ chế tạo máy: https://zalo.me/g/ppmvpo556
Zalo ngành Kỹ thuật Cơ điện tử: https://zalo.me/g/jzosgm485
Zalo ngành Kỹ thuật Cơ khí, chuyên ngành Cơ khí hàng không: https://zalo.me/g/mozrvt314
Fanpage: https://www.facebook.com/cokhi.dut.udn.vn",,,
Thông tin liên hệ  Khoa Cơ khí Giao thông,"Zalo: https://zalo.me/g/zxelel057
Fanpage: https://www.facebook.com/khoacokhigiaothong",,,
Thông tin liên hệ  Khoa Điện,"Zalo: https://zalo.me/g/vrcicq102
Fanpage: https://www.facebook.com/khoadienDUT",,,
Thông tin liên hệ  Khoa Điện tử - Viễn thông,"Zalo: https://zalo.me/g/hqwxpg064
Fanpage: https://www.facebook.com/khoadtvt.bkdn",,,
Thông tin liên hệ Khoa Hóa,"Zalo: https://zalo.me/g/xzmfby403
Fanpage: https://www.facebook.com/tuyensinhkhoahoa",,,
Thông tin liên hệ Khoa Khoa học Công nghệ Tiên tiến,"Zalo: https://zalo.me/g/mzidpl268
Fanpage: https://www.facebook.com/fast.dhbk.dhdn",,,
Thông tin liên hệ Khoa Kiến trúc,"Zalo: https://zalo.me/g/mgqwag275
Fanpage: https://www.facebook.com/kientrucbk",,,
Thông tin liên hệ Khoa Môi trường,"Zalo: https://zalo.me/g/rntijl641
Fanpage: https://www.facebook.com/profile.php?id=100071930620455",,,
Thông tin liên hệ Khoa Quản lý Dự án,"Zalo: https://zalo.me/g/ghgboy860
Fanpage: https://www.facebook.com/fpm.udn.vn",,,
Thông tin liên hệ Khoa Xây dựng Cầu – Đường,"Zalo: https://zalo.me/g/jnbqle703
Fanpage: https://www.facebook.com/cauduongbkdn",,,
Thông tin liên hệ Khoa Xây dựng Dân dụng và Công nghiệp,"Zalo: https://zalo.me/g/kxasrx358
Fanpage: https://www.facebook.com/xaydungbkdn",,,
"Thông tin liên hệ Khoa Xây dựng Công trình Thuỷ
","Zalo ngành Đô thị thông minh: https://zalo.me/g/tayyyk507
Zalo ngành Tin học xây dựng: https://zalo.me/g/bvuzzj908
Zalo ngành Công trình thủy: https://zalo.me/g/nydzzv160
Fanpage: https://www.facebook.com/wrefdn",,,
Quy định mới của Trường về đào tạo đối với hệ tín chỉ được áp dụng từ khi nào?,Quy định đào tạo đại học hệ chính quy theo hệ thống tín chỉ tại Trường ban hành kèm theo Quyết định số: 268 /QĐ-ĐHBK ngày 07 tháng 07 năm 2016 của Hiệu trưởng. Quy định này có hiệu lực từ ngày 07 tháng 07 năm 2016. Quy định này thay thế Quy định ban hành kèm theo Quyết định số 564/ĐHBK-ĐT ngày 17 tháng 5 năm 2013 của Hiệu trưởng trường Đại học Bách Khoa - ĐHĐN.,,,
Chương trình đào tạo là gì?,"Chương trình đào tạo thể hiện trình độ đào tạo; đối tượng đào tạo, điều kiện nhập học và điều kiện tốt nghiệp; mục tiêu đào tạo, chuẩn kiến thức, kỹ năng của người học khi tốt nghiệp; khối lượng kiến thức lý thuyết, thực hành, thực tập; kế hoạch đào tạo theo thời gian thiết kế; phương pháp và hình thức đào tạo; cách thức đánh giá kết quả học tập; các điều kiện thực hiện chương trình.

Chương trình đào tạo được cấu trúc từ các học phần thuộc hai khối kiến thức: giáo dục đại cương và giáo dục chuyên nghiệp.

Có thể xem các khung CTĐT tại menu [Chương trình đào tạo] của website “Hệ thống thông tin sinh viên” hoặc mở trực tiếp: http://daotao.dut.udn.vn/sv/G_CTDTao.aspx.",,,
Học phần là gì?,"Học phần là khối lượng kiến thức tương đối trọn vẹn, thuận tiện cho sinh viên tích lũy trong quá trình học tập. Kiến thức trong mỗi học phần được thiết kế kiểu mô đun theo từng môn học hoặc được kết cấu dưới dạng tổ hợp từ nhiều môn học thành một môn học mới. Mỗi học phần được ký hiệu bằng một mã riêng do Trường qui định.",,,
Có những loại học phần nào?,"- Học phần bắt buộc: là học phần chứa đựng những nội dung chính yếu của mỗi chương trình và bắt buộc mỗi sinh viên phải tích luỹ;

- Học phần tự chọn bắt buộc: là học phần chứa đựng những mảng nội dung chính yếu của ngành hay nhóm ngành đào tạo, mà sinh viên bắt buộc phải chọn một số lượng xác định trong số nhiều học phần tương đương được quy định cho ngành đó;

- Học phần tự chọn tự do: là học phần sinh viên có thể tự do đăng ký học hay không tùy theo nguyện vọng.

- Học phần thay thế: Học phần thay thế được sử dụng thay thế cho một học phần có trong chương trình đào tạo khoá trước nhưng khoá sau không còn tổ chức giảng dạy nữa, hoặc là một học phần tự chọn thay cho một học phần tự chọn khác mà sinh viên học nhưng không đạt (điểm F).

Học phần thay thế còn áp dụng cho những trường hợp: cùng một học phần nhưng số tín chỉ của học phần khoá sau khác với khoá trước.

- Học phần tương đương: Học phần tương đương là một hay một nhóm học phần thuộc chương trình đào tạo của một khóa, ngành khác đang tổ chức đào tạo tại Trường hoặc trường khác, được phép tích lũy để thay cho một hay một nhóm học phần trong chương trình đào tạo của ngành đào tạo.

 ",,,
Có bao nhiêu mức độ ràng buộc giữa 2 học phần A và B nào đó của chương trình đào tạo?,"Xét 2 học phần bất kỳ A và B trong một chương trình đào tạo thì có thể có 4 mức độ ràng buộc như sau:

- “Tiên quyết”, là mức độ ràng buộc cao nhất. Nếu học phần A là học phần tiên quyết của học phần B thì sinh viên phải học và đạt (tích lũy) học phần A rồi mới đăng ký được học phần B.

- “Học trước”, là mức độ ràng buộc thấp hơn so với “tiên quyết”. Nếu học phần A là học phần trước của học phần B thì sinh viên phải học học phần A ở học kỳ trước, rồi mới có thể đăng ký được học phần B.

- “Song hành”, là mức độ ràng buộc thấp hơn so với “học trước”. Nếu học phần B là học phần song hành với học phần A thì cho phép sinh viên: đăng ký học phần B cùng với học phần A trong cùng một học kỳ hoặc đăng ký học phần B sau khi đã học học phần A.

- Không có ràng buộc nào giữa 2 học phần A và B.",,,
Thông tin về sự ràng buộc giữa các học phần trong chương trình đào tạo được cung cấp ở đâu?,Thông tin về sự ràng buộc giữa các học phần trong chương trình đào tạo được cung cấp ở website “hệ thống thông tin sinh viên” (http://daotao.dut.udn.vn/sv). Sinh viên đăng nhập rồi xem ở mục [Cá nhân] / [Chương trình đào tạo] để biết thông tin về sự ràng buộc giữa các học phần trong chương trình đào tạo ngành mình học.,,,
Tín chỉ là gì?,"Tín chỉ là đơn vị dùng để đo lường khối lượng học tập. Một tín chỉ được quy định bằng 15 tiết học lý thuyết, 30 tiết thực hành, thí nghiệm hoặc thảo luận, bằng 60 giờ thực tập tại cơ sở hoặc bằng 45 giờ làm tiểu luận, bài tập lớn, đồ án hoặc khoá luận tốt nghiệp.

Để tiếp thu được một tín chỉ sinh viên phải dành ít nhất 30 giờ chuẩn bị ngoài giờ lên lớp.",,,
Kết quả học tập của sinh viên được đánh giá như thế nào?,"Kết quả học tập của sinh viên được đánh giá sau từng học kỳ và cuối khóa qua các tiêu chí sau:

a.      Khối lượng học tập đăng ký: là số tín chỉ của các học phần mà sinh viên đăng ký học trong mỗi học kỳ, gồm cả học phần học lần đầu và học từ lần thứ 2 trở đi;

b.      Khối lượng kiến thức tích lũy: là tổng số tín chỉ của các học phần đã tích lũy được (có điểm chữ là A+, A, B+, B, C+, C, D+ hoặc D) tính từ đầu khóa học;

c.      Điểm trung bình chung học kỳ: là điểm trung bình có trọng số của các học phần mà sinh viên đăng ký học trong học kỳ đó, gồm cả học phần học lần đầu và học từ lần thứ 2 trở đi. Nếu có học phần học nhiều lần thì lấy điểm cao nhất trong các lần học để tính. Trọng số của các học phần là số tín chỉ tương ứng của các học phần đó;

d.      Điểm trung bình chung tích lũy: là điểm trung bình của các học phần mà sinh viên đã tích luỹ được (có điểm chữ là A+, A, B+, B, C+, C, D+ hoặc D), tính từ đầu khóa học cho tới thời điểm được xem xét. Trọng số của các học phần là số tín chỉ tương ứng của các học phần đó.",,,
Mỗi năm học có mấy học kỳ & có bắt buộc phải học tất cả các học kỳ hay không?,"Một năm học có hai học kỳ chính và một học kỳ phụ (kỳ hè). Học kỳ chính là học kỳ bắt buộc phải học. Học kỳ hè không bắt buộc phải học. Trong học kỳ hè sinh viên học các học phần học chậm tiến độ ở học kỳ chính, hoặc học lại các học phần chưa đạt, hoặc để cải thiện điểm, hoặc học vượt các học phần có ở các học kỳ sau nếu trong kỳ hè có lớp.

Kế hoạch đào tạo từng học kỳ thể hiện trong chương trình đào tạo của ngành và được công bố ở website của Trường. Sự thay đổi về chương trình đào tạo, kế hoạch đào tạo được cập nhật ở website đào tạo của Nhà trường.",,,
Thời gian tối đa để sinh viên hoàn thành khóa học là bao lâu?,"Thời gian tối đa hoàn thành chương trình gồm: thời gian thiết kế cho chương trình và thời gian gia hạn cho phép.

-         Từ trước đến khóa 2014: Ngành Kinh tế xây dựng, Quản lý công nghiệp, Sư phạm kỹ thuật có thời gian thiết kế là 4,5 năm (9 học kỳ chính) và thời gian gia hạn là 4 học kỳ chính. Các ngành khác có thời gian thiết kế là 5 năm (10 học kỳ chính) và thời gian gia hạn là 6 học kỳ chính.

-         Từ khóa 2015 về sau: Chương trình đào tạo tất cả các ngành có thời gian thiết kế là 4,5 năm (9 học kỳ chính) và thời gian gia hạn là 4 học kỳ chính.

Thời gian sinh viên ngừng học do bị ốm, do được điều động vào lực lượng vũ trang thì không tính vào thời gian tối đa được phép học nói trên. Đối tượng được hưởng chính sách ưu tiên theo quy định tại Quy chế tuyển sinh đại học, cao đẳng hệ chính quy không bị hạn chế về thời gian tối đa để hoàn thành chương trình, tuy nhiên nếu kết quả học tập quá kém thì vẫn có thể bị buộc thôi học.",,,
Lớp sinh viên là gì?,"Khi nhập học sinh viên cùng ngành được xếp vào một lớp cụ thể theo ngành học gọi là “lớp sinh viên”. Lớp sinh viên duy trì trong cả khoá học, có ký hiệu lớp, có hệ thống cán bộ lớp, cán bộ Đoàn, Hội sinh viên và Giảng viên chủ nhiệm/ cố vấn học tập. Sinh viên đã học hết thời gian thiết kế của khóa học thì sinh hoạt với sinh viên ở lớp sinh viên cùng ngành ở khóa sau.",,,
học bạ THPT với giấy chứng nhận TN mình công chứng ở đâu ạ?,"Em có thể phôtô học bạ và giấy chứng nhận tốt nghiệp đến trường THPT em đã học (nơi cấp) hoặc đến Phường/Xã (Bộ phận Tư pháp), các văn phòng công chứng để chứng thực em nhé!",,,
Lớp học phần là gì?,"Lớp học phần được tổ chức theo từng học phần dựa vào kết quả đăng ký học tập của sinh viên ở từng học kỳ. Mỗi lớp học phần có mã số riêng, có thời khoá biểu và giảng viên phụ trách. Trong một năm học, mỗi học phần có ít nhất một lớp học phần.",,,
Mã lớp học phần được quy ước như thế nào?,"Quy ước mã lớp học phần: là dãy ký tự gồm: (a) 7 ký tự số chỉ mã học phần, (b) tiếp đến là 4 ký tự số chỉ mã học kỳ, (c) tiếp đến là 2 ký tự thể hiện rằng lớp này được mở theo kế hoạch cho khóa nào, (d) tiếp đến là 2 ký tự số thể hiện lớp này mở cho sinh viên ngành nào, (e) tiếp đến có thể là 1 ký tự chữ thể hiện lớp học phần nhóm con.

Nếu lớp mở theo kế hoạch cho 1 khóa thì (c) là 2 ký tự số. Các lớp học phần này gọi là lớp mở chính khóa.

Nếu lớp mở chung cho sinh viên các khóa thì (c) là 2 ký tự chữ, ví dụ xx hoặc xy và (d) là 2 ký tự số bắt đầu bằng 9, ví dụ 91, 92,...",,,
Thẻ sinh viên là gì?,"Thẻ sinh viên là thẻ bằng nhựa, có kích thước theo tiêu chuẩn về thẻ để sinh viên sử dụng trong các giao dịch liên quan. Thẻ sinh viên của Trường được tích hợp với thẻ đa năng của ngân hàng Đông Á và gọi là thẻ sinh viên liên kết. Sinh viên dùng thẻ này để chứng minh nhân thân khi giao tiếp trong Trường cũng như dùng để thực hiện các giao dịch tài chính với ngân hàng Đông Á thông qua máy ATM, cũng như các ngân hàng khác. Sinh viên được chuyên viên ngân hàng hướng dẫn, tư vấn trong việc kê khai hồ sơ làm thẻ khi mới nhập học, được miễn phí khi làm thẻ lần đầu và phải đóng lệ phí ở các lần làm lại thẻ nếu bị mất, hỏng, hết hạn. Sinh viên mới nhập học được tổ chức làm thẻ tập trung theo đơn vị lớp sinh hoạt.",,,
"Nếu không làm thẻ tập trung theo lớp, bị mất hoặc hỏng thẻ thì cần phải làm gì?","Sinh viên không có thẻ sẽ không được dự thi, bị từ chối giải quyết các công việc (trừ việc liên hệ làm thẻ sinh viên).

Sinh viên phải nhanh chóng và tự liên hệ ngân hàng Đông Á để làm thẻ nếu không làm thẻ theo đợt chung với lớp khi mới nhập học, nếu thẻ bị mất hoặc hỏng.",,,
cô cho em hỏi hồ sơ xét tuyển gồm những thủ tục nào?,"Hồ sơ xét tuyển đại học bao gồm:
1. Đối với thí sinh xét tuyển theo học bạ THPT
- Đơn đăng ký xét tuyển (theo mẫu của nhà trường), 
- Học bạ THPT/THPT(GDTX) (bản sao có chứng thực);
- Bằng tốt nghiệp THPT/THPT(GDTX)(bản sao có chứng thực) hoặc chứng nhận tạm thời tốt nghiệp THPT
- Lệ phí xét tuyển: 30.000 đồng.

2. Đối với thí sinh xét tuyển theo kết quả thi THPT QG
- Giấy chứng nhận kết quả thi THPT Quốc gia (bản sao có chứng thực);
- Giấy chứng nhận tạm thời tốt nghiệp THPT  (bản sao có chứng thực);
- Lệ phí xét tuyển: 30.000 đồng.",,,
Tài khoản của sinh viên để truy cập website thông tin sinh viên là gì?,"Website thông tin sinh viên của Trường là http://daotao.dut.udn.vn/sv Mỗi sinh viên có một tài khoản tại website này. Để đăng nhập sinh viên phải nhập số thẻ sinh viên của mình và mật khẩu. Ban đầu, mật khẩu được đặt là ngày tháng năm sinh của sinh viên. Sau khi đăng nhập, sinh viên đổi mật khẩu và tự quản lý.",,,
Nếu quên mật khẩu đăng nhập website thông tin sinh viên thì phải làm gì?,"Khi quên mật khẩu, sinh viên phải trực tiếp liên hệ chuyên viên phụ trách của Phòng Đào tạo tại bàn tiếp sinh viên ở phòng A108 để đề nghị khởi tạo lại mật khẩu.

Với mục đích hạn chế tình trạng sinh viên quên mật khẩu, website thông tin sinh viên yêu cầu sinh viên phải thay đổi mật khẩu nếu ngày đặt mật khẩu quá 90 ngày. Nếu không đặt lại thì không thể thực hiện bất cứ chức năng nào của website.

 

",,,
Trường cấp email cho sinh viên để làm gì?,"Trường quy định sinh viên phải dùng email do Trường cấp riêng cho từng sinh viên (có dạng thức MSSV@sv.dut.edu.vn, ví dụ 101120001@sv.dut.edu.vn) để thuận tiện và chính xác trong việc giao dịch và xử lý thông tin. Các loại email khác không được chấp thuận.",,,
Nếu quên mật khẩu email do Trường cấp thì sinh viên phải làm gì?,"Khi quên mật khẩu email, sinh viên phải trực tiếp liên hệ chuyên viên phụ trách của Phòng Đào tạo tại bàn tiếp sinh viên ở phòng A108 để đề nghị khởi tạo lại mật khẩu.",,,
Sinh viên cần xem thông tin ở đâu?,"Sinh viên cần phải xem thông tin chính thống do Trường ban hành ở các tài liệu do Trường phát hành, tại website của Trường. Thông tin ở website có tính cập nhật hơn. Nếu sử dụng thông tin truyền miệng thì có thể sẽ phải chịu những hậu quả đáng tiếc do thông tin đó không chính xác.",,,
Sinh viên có được chuyển ngành học hay không?,"Sinh viên không được chuyển ngành học, trừ các trường hợp sinh viên thuộc chương trình tiên tiến, chương trình chất lượng cao bị buộc thôi học chương trình này và được chuyển sang chương trình khác, theo quy định.",,,
Những công việc chính sinh viên mới vào trường cần chú ý và thực hiện là gì?,"Sinh viên mới nhập học cần thực hiện các công việc sau đây: làm thủ tục nhập học (có hướng dẫn chi tiết về thủ tục nhập học theo từng năm học), nắm bắt kế hoạch để thực hiện: dự kiểm tra phân loại trình độ ngoại ngữ đầu vào, sinh hoạt chính trị đầu khóa học, học các lớp học phần ở học kỳ 1 và học Giáo dục quốc phòng - an ninh.",,,
"Nếu đã học Giáo dục quốc phòng an ninh, có được phép miễn học không?",Nếu sinh viên đã học Giáo dục quốc phòng - an ninh theo chương trình đại học tại các cơ sở giáo dục hợp pháp và được cấp chứng chỉ thì sinh viên được miễn học.,,,
Nếu bị ốm nên không thể học GDQP-AN ở học kỳ 1 thì làm sao có thể học?,Nếu không học GDQP-AN theo kế hoạch do Trường sắp xếp ở học kỳ 1 thì sinh viên phải tự liên hệ với Trung tâm Giáo dục QP-AN của trường Quân sự QK5 hoặc các cơ sở khác hợp pháp để học ở các học kỳ hè. Sinh viên liên hệ Phòng Đào tạo của Trường để xin cấp Giấy giới thiệu đến học.,,,
Lớp học phần trong mỗi học kỳ được mở theo nguyên tắc nào?,"Trong các học kỳ chính: Trường mở lớp theo quan điểm: (a) mở đủ lớp để đáp ứng nhu cầu học của sinh viên theo kế hoạch đào tạo được thiết kế của tất cả các ngành/ khóa; (b) và mở thêm lớp để giải quyết nhu cầu học cho sinh viên cần học những học phần mà bản thân học chậm, phải học lại hoặc học cải thiện, sinh viên cần học vượt. Khi vẫn còn sinh viên có nhu cầu học nhưng không thể học do xung đột kế hoạch/ thời khóa biểu thì Trường sẽ mở lớp bổ sung nếu Trường vẫn còn năng lực đào tạo;

Trong học kỳ hè: Trường mở lớp theo quan điểm: khi điều kiện cơ sở vật chất và nhân lực cho phép thì mở lớp để đáp ứng nhu cầu học của sinh viên cần học những học phần mà bản thân học chậm, phải học lại hoặc học cải thiện, sinh viên cần học vượt.",,,
Lớp học phần và đăng ký học cho học kỳ chính được tổ chức như thế nào?,"Đối với học kỳ chính, đăng ký học diễn ra trước khi học kỳ bắt đầu và được phân lịch cho sinh viên từng khóa, được chia thành 4 đợt như sau:

-      Đầu tiên là đăng ký các lớp học phần ghép thành nhóm cơ bản, gọi tắt là “đăng ký theo nhóm”. “Đăng ký theo nhóm” là những sinh viên chưa học hết thời gian thiết kế của chương trình đào tạo đăng ký các lớp học phần mở cho ngành & khóa của mình. Nếu có nhiều sinh viên hơn số lượng tối đa của phòng học thì sẽ có hơn 1 nhóm cơ bản và sinh viên có quyền chọn 1 trong số các nhóm cơ bản. Đợt “đăng ký theo nhóm” dành sự ưu tiên cao nhất cho sinh viên đúng ngành/ khóa theo lịch đăng ký: đảm bảo tuyệt đối sinh viên đúng ngành/khóa “có chỗ” trong các lớp được mở. Có thể xảy ra tình trạng có sinh viên không thể học được tất cả các học phần thuộc nhóm cơ bản, nếu như sinh viên chưa đủ điều kiện học do thiếu học phần ràng buộc nó.

-      Tiếp theo là đăng ký các lớp học phần mở cho các ngành cùng khóa, gọi tắt là “đăng ký theo khóa”. “Đăng ký theo khóa” là sinh viên chưa học hết thời gian thiết kế của chương trình đào tạo đăng ký các lớp học phần mở cho ngành khác nhưng cùng với khóa của mình, nếu lớp đó còn chỗ.

-      Tiếp đến là đăng ký các lớp học phần có ở các ngành/ khóa khác, gọi tắt là “đăng ký toàn trường”. “Đăng ký toàn trường” là sinh viên đăng ký vào bất kỳ lớp nào mà sinh viên cần học, nếu lớp đó còn chỗ. “Hiệu chỉnh đăng ký” thực chất là đợt kéo dài của “Đăng ký toàn trường”.

-      Sau cùng là “hiệu chỉnh đăng ký”: sinh viên đăng ký thêm, đổi sang lớp khác, bỏ bớt lớp đã đăng ký. Đợt này thực hiện trước khi học kỳ mới bắt đầu 1 tuần.

Khi sinh viên đăng ký học, hệ thống sẽ kiểm soát không cho trùng kế hoạch học tập/ thời khóa biểu, không cho vượt quá số tín chỉ quy định, xác định học phần học lần đầu hay học lần thứ 2 trở đi, xác định học phí và điều kiện ràng buộc giữa các học phần.

Ngoài các lớp mở theo kế hoạch, tùy điều kiện cụ thể mà trong học kỳ chính Trường còn có thể mở lớp bổ sung.",,,
Tại sao có lớp học phần mở bổ sung?,"Lớp mở bổ sung hay còn gọi là lớp mở tăng cường: là các lớp được mở sau khi đã bắt đầu học kỳ chính, để giải quyết nhu cầu học lại/ cải thiện/ học vượt cho sinh viên không thể học theo các lớp đã mở theo kế hoạch vì bị trùng thời khóa biểu. Lớp mở bổ sung có thời gian học khoảng 8-10 tuần, có thể có số sinh viên ít hơn nhiều so với lớp mở chính khóa và có “mức học phí thỏa thuận” - cao hơn mức bình thường, và được Trường công bố trước khi tổ chức đăng ký. Sinh viên tự nguyện đăng ký các lớp này và sau khi hết thời gian đăng ký thì sinh viên không được hủy đối với lớp mở bổ sung.",,,
Lớp học phần và đăng ký học cho học kỳ hè được tổ chức như thế nào?,"Đối với học kỳ hè, lớp học phần được mở chung cho sinh viên tất cả các khóa cần học lại, cải thiện, học chậm, học vượt. Đăng ký học cho kỳ hè được chia thành 2 đợt và được phân lịch như sau:

-      Đợt đầu tiên là ưu tiên cho sinh viên đăng ký học lại: Sinh viên chỉ có thể đăng ký học nếu đã học nhưng chưa đạt;

-      2 đợt sau là đợt “đăng ký toàn trường”. Sau đợt “đăng ký toàn trường” lần thứ nhất là thời gian đóng học phí lần thứ nhất. Sinh viên nào không đóng học phí trong đợt này thì bị xóa đăng ký. Sau đó đến đợt “đăng ký toàn trường” thứ 2. Khi kết thúc, sinh viên có tên trong danh sách lớp phải đi học và phải đóng học phí, không được phép hủy.

 ",,,
Thầy/Cô có thể tư vấn giúp em thông tin về ngành Kỹ thuật xây dựng được không ạ?,"Trường ĐH Đông Á cung cấp chương trình đào tạo ngành Kỹ thuật xây dựng với chất lượng cao, giúp sinh viên phát triển kỹ năng và kiến thức cần thiết trong lĩnh vực xây dựng. Dưới đây là những thông tin cơ bản về ngành:

Chương trình đào tạo: Ngành Kỹ thuật xây dựng đào tạo sinh viên về thiết kế, thi công, và quản lý dự án xây dựng. Sinh viên sẽ được học về các nguyên tắc kỹ thuật, vật liệu xây dựng và các công nghệ mới trong ngành.

Cơ hội thực hành, thực tập: Sinh viên sẽ có cơ hội thực hành tại các công trình xây dựng và tham gia vào các dự án thực tế, bao gồm:

Thực tập tại các công ty xây dựng.
Tham gia thiết kế và giám sát thi công các dự án.
Học hỏi từ các kỹ sư chuyên nghiệp qua các buổi hội thảo.
Nghề nghiệp tương lai: Sau khi tốt nghiệp, sinh viên có thể làm việc ở các vị trí như:

Kỹ sư xây dựng.
Quản lý dự án xây dựng.
Kỹ sư thiết kế kết cấu.
Cơ hội việc làm: Sinh viên tốt nghiệp ngành Kỹ thuật xây dựng tại ĐH Đông Á có thể tìm được việc làm tại các công ty xây dựng, tổ chức tư vấn thiết kế và các cơ quan chính phủ, với tiềm năng phát triển nghề nghiệp lớn.",,,
Những trường hợp nào được đăng ký muộn?,"Đăng ký muộn là đăng ký vào lớp học phần khi đã đến hoặc đã qua thời gian bắt đầu học theo kế hoạch. Trong thời gian “rút học phần” sinh viên có thể tự đăng ký muộn (qua mạng) vào một số lớp học phần nếu lớp được cho phép đăng ký thêm.

Ngoài ra, sinh viên học học kỳ đầu tiên ở chương trình thứ hai, sinh viên tạm ngừng học do ốm hoặc được điều động vào lực lượng vũ trang mới quay lại học tập, sinh viên bị ốm đau hoặc gia đình có biến cố trong thời gian đăng ký học nếu có đơn và minh chứng thì sẽ được phòng Đào tạo đăng ký muộn cho học kỳ chính nhưng không muộn quá 2 tuần kể từ đầu học kỳ.

 ",,,
Vì sao Trường không chấp nhận sinh viên nộp đơn xin mở lớp hoặc đơn đăng ký học?,"Đối với từng học phần, Trường hoàn toàn biết chính xác nhu cầu học của sinh viên. Quan điểm của Trường là chủ động mở lớp để giúp cho sinh viên nhanh chóng hoàn thành khóa học và hoàn thành có chất lượng. Do đó, khi còn có điều kiện về nhân lực, cơ sở vật chất và đủ số sinh viên tối thiểu để hình thành lớp thì Trường sẽ mở lớp. Việc mở lớp, đăng ký học sẽ thực hiện hoàn toàn bằng công cụ quản lý và mỗi sinh viên phải trực tiếp thực hiện. Những trường hợp sinh viên quên đăng ký, viết đơn xin mở lớp sẽ không được chấp nhận.",,,
Rút học phần là gì?,"Rút học phần đã đăng ký là: trong thời gian quy định (trong vòng 2 ngày đầu của tuần thứ 3 kể từ đầu học kỳ chính hoặc 2 ngày đầu của tuần thứ 2 của kỳ hè), thông qua mạng Internet sinh viên thực hiện bỏ một hoặc nhiều lớp học phần đã đăng ký, do bản thân bị quá sức học hoặc không đủ năng lực tài chính. Trong khoảng thời gian rút học phần, ngoài những sinh viên rút học phần thì cũng có thể có sinh viên đăng ký thêm các lớp khác. Tuy nhiên, có những lớp học phần chỉ cho rút mà không cho đăng ký thêm. Việc rút học phần phải đảm bảo quy định về số tín chỉ tối thiểu đăng ký học.

Sau thời gian “rút học phần”, Nhà trường thu học phí. Đến đây thì sinh viên không được rút học phần nữa. Sinh viên không chú ý đến quy định, hướng dẫn của Nhà trường dẫn đến tình trạng bị trùng lớp học ở kỳ sau hoặc thực tập thì có thể được giải quyết hủy lớp đã đăng ký nhưng phải đóng học phí.",,,
Xin hủy học phần là gì?,"Xin hủy học phần là sinh viên xin hủy kết quả học của:

a.      Học phần đã đăng ký và đang học nếu sinh viên bị ốm, tai nạn;

b.      Học phần tự chọn đã học ở học kỳ trước thời điểm xin hủy cách ít nhất một học kỳ, nếu học thừa số tín chỉ tự chọn so với yêu cầu;

c.      Học phần học cải thiện ở học kỳ làm Đồ án tốt nghiệp hoặc sau khi làm Đồ án tốt nghiệp;

Ngoài các trường hợp trên thì không được phép hủy và điểm của học phần phải dùng để tính kết quả học tập trong học kỳ.

Khi xin hủy học phần, sinh viên không được hoàn lại học phí, trừ trường hợp (a); không được xét lại điểm trung bình học bổng ở học kỳ có học phần xin hủy đối với trường hợp (b), không được xét học bổng đối với trường hợp (c).

 ",,,
Học lại một học phần là gì?,"Học lại một học phần là học học phần đó lần thứ 2 trở đi, để tích lũy hoặc đạt điểm tích lũy cao hơn.

Nếu có học phần có sự thay đổi số tín chỉ ở phiên bản trước và sau thì nếu sinh viên đã học phiên bản trước rồi lại đăng ký phiên bản sau thì cũng được xem là học lại.",,,
"Khi bị ốm hoặc tai nạn, sinh viên hoặc thân nhân phải làm gì?","Khi bình thường, sinh viên phải báo cho thân nhân của mình biết để thực hiện trong trường hợp mình bị ốm hoặc tai nạn. Nếu sinh viên bị ốm hoặc tai nạn trong thời gian học của học kỳ nhưng vắng không quá 20% thời gian học thì cần phải xin phép giảng viên phụ trách các lớp học phần. Nếu sinh viên bị ốm phải vắng thi giữa kỳ hoặc cuối kỳ, thì phải có đơn xin phép hoãn thi nộp cho Phòng Đào tạo trong vòng một tuần kể từ ngày ốm, kèm theo xác nhận cơ quan y tế trường hoặc bệnh viện. Nếu sinh viên bị ốm dài ngày trong thời gian học của học kỳ mà vắng quá 20% thời gian học thì cần phải xin nghỉ học tạm thời kèm theo giấy xác nhận của bệnh viện từ cấp quận/ huyện trở lên.",,,
Khối lượng học tập tối thiểu trong mỗi học kỳ là bao nhiêu?,"Đối với mỗi học kỳ chính, khối lượng học tập tối thiểu sinh viên phải đăng ký học là:

a.      14 tín chỉ, kể cả học phần học lần đầu và học lần thứ 2 trở đi, đối với sinh viên được xếp hạng học lực bình thường. Đối với học kỳ cuối khóa học trở đi và những sinh viên học vượt ở kỳ trước nhưng kỳ này không có lớp học phần cần học thì có thể chấp nhận ít hơn 14 tín chỉ;

b.      10 tín chỉ, kể cả học phần học lần đầu và học lần thứ 2 trở đi, trừ các học kỳ từ học kỳ cuối khóa học trở đi, đối với sinh viên đang trong thời gian bị xếp hạng học lực yếu;

Sinh viên có học phần cần phải học nhưng không chịu đăng ký đủ số tín chỉ tối thiểu thì sau thời gian đăng ký, sinh viên sẽ bị hủy tất cả đăng ký và buộc ngừng học tạm thời trong học kỳ đó.

Đối với học kỳ hè: Không quy định khối lượng học tập tối thiểu.",,,
Khối lượng học tập tối đa trong một học kỳ là bao nhiêu? Sinh viên cần chú ý gì nếu đăng ký nhiều tín chỉ?,"Không quy định khối lượng học tập tối đa trong mỗi học kỳ. Tuy vậy, sinh viên cần phải lượng sức mình, nếu đăng ký quá nhiều mà học không nổi thì điểm trung bình chung học kỳ sẽ thấp.",,,
"Khi cần nghỉ học tạm thời, cần phải làm gì?","Khi muốn nghỉ học tạm thời và bảo lưu kết quả đã học, sinh viên phải lập đơn từ website “Hệ thống thông tin sinh viên” rồi nộp đơn tại phòng Đào tạo. Các trường hợp nghỉ học tạm thời:

-       Được điều động vào các lực lượng vũ trang;

-       Bị ốm hoặc tai nạn buộc phải điều trị trong thời gian dài (phải có giấy xác nhận của bệnh viện từ cấp quận/ huyện trở lên);

-       Vì nhu cầu cá nhân. Trường hợp này sinh viên phải học ít nhất một học kỳ ở trường, không rơi vào các trường hợp bị buộc thôi học, đạt điểm trung bình chung tích lũy không dưới 2,00, phải có đơn xin nghỉ học tạm thời nộp cho Phòng Đào tạo trong vòng 4 tuần đầu của học kỳ chính. Thời gian nghỉ học tạm thời vì nhu cầu cá nhân phải tính vào thời gian học chính thức của khóa học.

Hiệu trưởng quyết định những trường hợp đặc biệt cụ thể (gia đình có tang, hỏa hoạn, thiên tai...).

Sinh viên nghỉ học tạm thời khi muốn trở lại học tiếp tại trường phải nộp đơn xin trở lại học tập cho Phòng Đào tạo trước khi bắt đầu học kỳ mới ít nhất một tuần.",,,
Xếp hạng năm đào tạo là gì?,"Xếp hạng năm đào tạo là sự đánh giá tiến độ học tập của sinh viên, căn cứ vào số tín chỉ tích lũy được so với số tín chỉ trung bình cần tích lũy trong mỗi năm tương ứng với chương trình đào tạo. Sau mỗi học kỳ, căn cứ vào khối lượng kiến thức tích lũy được, sinh viên được xếp hạng năm đào tạo như sau:

Số tín chỉ tích lũy

Năm 1 Dưới 32

Năm 2 32 đến 63,5

Năm 3 64 đến 95,5

Năm 4 96 đến 127,5

 Năm 5 Từ 128 trở lên
",,,
Xếp hạng học lực là gì?,"Sau mỗi học kỳ, căn cứ vào khối lượng học tập, điểm trung bình chung và điểm trung bình chung tích luỹ, sinh viên được xếp hạng học lực như sau:

a) Hạng bình thường: Nếu điểm trung bình chung học kỳ đạt từ 2,00 trở lên và điểm trung bình chung tích lũy đạt từ 2,00 trở lên.

b) Hạng yếu: Nếu điểm trung bình chung học kỳ dưới 2,00 hoặc điểm trung bình chung tích lũy dưới 2,00.",,,
Khi nào và những lớp học phần nào bị hủy?,"Lớp học phần bắt buộc được mở theo đúng kế hoạch thiết kế thì không bị hủy, trừ trường hợp giảng viên bị ốm hoặc tai nạn. Các lớp học phần tự chọn thì có thể bị hủy nếu số lượng sinh viên đăng ký quá ít. Kết thúc thời  hạn quy định đăng ký học phần trên Internet, Phòng Đào tạo sẽ hủy các lớp học phần tự chọn không đủ số lượng sinh viên đăng ký. Sinh viên đã đăng ký vào các lớp học phần bị hủy sẽ được Phòng Đào tạo chuyển sang các lớp học phần khác còn chỗ nếu không bị xung đột thời khóa biểu.",,,
Cảnh báo kết quả học tập là gì?,"Cuối mỗi học kỳ, sinh viên học yếu kém sẽ bị cảnh báo kết quả học tập hoặc bị buộc thôi học. Cảnh báo kết quả học tập để sinh viên có kết quả học tập kém biết và lập phương án học tập thích hợp để có thể tốt nghiệp trong thời hạn tối đa được phép theo học chương trình. Cuối mỗi học kỳ, sinh viên bị cảnh báo kết quả học tập nếu rơi vào ít nhất một trong hai trường hợp sau:

a) Có điểm trung bình chung tích lũy dưới ngưỡng quy định, là: 1,20; 1,40; 1,60 và 1,80 tương ứng với sinh viên có hạng năm đào tạo là: năm 1; năm 2; năm 3 và từ năm 4 trở lên. Ngưỡng điểm trung bình chung tích lũy quy định đối với sinh viên liên thông là 1,80;

b) Có điểm trung bình chung học kỳ dưới ngưỡng quy định, là: 0,80 đối với học kỳ đầu của khóa học; 1,00 đối với học kỳ thứ 2 trở đi. Ngưỡng điểm trung bình chung học kỳ quy định đối với sinh viên liên thông là 1,00;",,,
Những trường hợp nào thì sinh viên bị buộc thôi học?,"Cuối mỗi học kỳ, sinh viên bị buộc thôi học nếu rơi vào ít nhất một trong các trường hợp sau:

a) Không đăng ký tín chỉ nào trong học kỳ mặc dù có lớp học phần cần học;

b) Điểm học phần theo thang 10 của tất cả các học phần trong học kỳ là 0;

c) Sinh viên đã bị cảnh báo kết quả học tập ở học kỳ đầu tiên của khóa học, đến học kỳ thứ 2 có điểm trung bình chung học kỳ dưới 1,00 hoặc có điểm trung bình chung tích lũy dưới 1,20;

d) Sinh viên đã bị cảnh báo 2 lần, sau đó có điểm trung bình chung học kỳ dưới 1,00 hoặc có điểm trung bình chung tích lũy dưới ngưỡng quy định ở Điểm a Khoản 2 Điều này;

e) Sinh viên liên thông đã bị cảnh báo một lần, sau đó có điểm trung bình chung học kỳ dưới 1,00 hoặc có điểm trung bình chung tích lũy dưới ngưỡng quy định;

g) Vượt quá thời gian tối đa được phép học tại Trường quy định;

h) Bị kỷ luật lần thứ hai vì lý do đi thi hộ hoặc nhờ người thi hộ hoặc bị kỷ luật ở mức xóa tên khỏi danh sách sinh viên của Trường;

Sinh viên rơi vào một trong các trường hợp nêu ở Điểm b, Điểm d nói trên và chỉ còn thiếu không quá 14 tín chỉ (kể cả đồ án tốt nghiệp) trong tổng số tín chỉ yêu cầu của chương trình đào tạo thì được cho phép thêm một lần cảnh báo kết quả học tập nhưng không được quá 2 lần liên tiếp và tổng số lần cảnh báo kết quả học tập không quá 3.

Sinh viên liên thông rơi vào một trong các trường hợp nêu ở Điểm b, Điểm e và chỉ còn thiếu không quá 14 tín chỉ (kể cả đồ án tốt nghiệp) trong tổng số tín chỉ yêu cầu của chương trình đào tạo thì được cho phép thêm một lần cảnh báo kết quả học tập nhưng tổng số lần cảnh báo kết quả học tập không quá 2.",,,
"Sau khi bị buộc thôi học, sinh viên phải làm gì?","Sau khi có quyết định buộc thôi học, trong vòng 30 ngày Trường thông báo về địa phương nơi sinh viên có hộ khẩu thường trú. Sinh viên có nhiệm vụ làm thủ tục trả tài liệu, thanh toán nợ học phí hoặc nhận lại học phí đã đóng cho kỳ sau, rút hồ sơ đã nộp khi nhập học và nhận bảng điểm, quyết định thôi học.

Sinh viên bị buộc thôi học do học kém có quyền làm đơn xin chuyển xuống học cùng ngành ở bậc học cao đẳng ở những trường cao đẳng có đào tạo hoặc chuyển sang học hệ vừa làm vừa học cùng ngành tại trường Đại học Bách Khoa, nếu có ngành tương ứng ở đào tạo hệ vừa làm vừa học. Sinh viên bị buộc thôi học do kỷ luật hoặc do không còn đủ thời gian học thì không được phép chuyển xuống học bậc cao đẳng và cũng không được chuyển sang hệ vừa làm vừa học.

Trường Đại học Bách Khoa có quyền từ chối nhận sinh viên học ở hệ vừa làm vừa học. Các trường cao đẳng có quyền từ chối nhận sinh viên học ở bậc cao đẳng.",,,
Học cùng lúc 2 chương trình là gì?,"Học cùng lúc 2 chương trình là học thêm chương trình đào tạo của ngành thứ 2, khi đang còn học chương trình đào tạo ngành thứ nhất, để có được thêm bằng tốt nghiệp của ngành thứ hai.",,,
"Khi học chương trình 2, cần phải học thêm những gì?","Khi học cùng lúc 2 chương trình, sinh viên không nhất thiết phải học lại các học phần có ở cả 2 chương trình và đã tích lũy được ở chương trình 1. Sinh viên có thể xem để biết sơ bộ thông tin về các học phần thuộc chương trình 2 bằng cách thực hiện ở phần [Công cụ] / [Chương trình 2] ở website hệ thống thông tin sinh viên.",,,
Điều kiện để học cùng lúc 2 chương trình là gì?,"Học cùng lúc hai chương trình dành cho sinh viên có đủ điều kiện theo quy định và có nhu cầu đăng ký học thêm một chương trình thứ hai để khi tốt nghiệp được cấp hai văn bằng.

Điều kiện để học cùng lúc hai chương trình:

-         Ngành đào tạo chính ở chương trình thứ hai phải khác ngành đào tạo chính ở chương trình thứ nhất;

-         Sinh viên học ít nhất một học kỳ ở chương trình thứ nhất, phải có điểm trung bình chung tích lũy từ 2,00 trở lên và điểm trung bình chung học kỳ từ 2,00 trở lên;

-         Trong quá trình học cùng lúc hai chương trình, đối với mỗi chương trình nếu sinh viên có điểm trung bình chung học kỳ dưới 2,00 hoặc điểm trung bình chung tích lũy dưới 2,00 thì bị buộc thôi học chương trình thứ hai ở học kỳ tiếp theo.

-         Sau khi được Trường cho phép học chương trình thứ hai, nếu sinh viên đăng ký không đủ ít nhất 3 tín chỉ của chương trình thứ hai thì bị buộc thôi học chương trình thứ hai ở học kỳ tiếp theo.
",,,
Thủ tục xin học chương trình 2 tại trường Đại học Bách Khoa như thế nào?,"Sinh viên đang học tại Trường, nếu muốn học thêm chương trình thứ 2 tại Trường thì cần thực hiện như sau:

-         Sinh viên làm đơn và nộp cho Phòng Đào tạo theo thời hạn quy định:

+      Sinh viên nộp đơn ở tuần 44 của năm học trước để xin học CT2 bắt đầu từ học kỳ 1 của năm học kế tiếp. Phòng Đào tạo thông báo kết quả cho sinh viên vào tuần thứ nhất của năm học.

+      Sinh viên nộp đơn ở tuần 17 để xin học CT2 bắt đầu từ học kỳ 2 của năm học. Phòng Đào tạo thông báo kết quả cho sinh viên vào tuần 20 của năm học.

-         Sau khi có Quyết định của Hiệu trưởng, đối với học kỳ đầu tiên học CT2, Phòng Đào tạo hỗ trợ đăng ký học cho sinh viên. Đối với các học kỳ sau đó, sinh viên tự đăng ký học các học phần chương trình hai như sinh viên bình thường ở CT2.

 ",,,
Thời gian tối đa được phép học ở chương trình thứ hai là bao lâu?,"Đối với sinh viên học cùng lúc hai chương trình, thời gian tối đa được phép học ở chương trình thứ hai cũng chính là thời hạn tối đa được phép học ở chương trình thứ nhất.",,,
Đánh giá kết quả học tập và xét học vụ đối với sinh viên học cùng lúc 2 chương trình như thế nào?,"Khi đánh giá kết quả học tập trong mỗi học kỳ đối với sinh viên học cùng lúc 2 chương trình thì:

-         Những học phần nào có ở cả 2 chương trình thì chỉ lấy để tính điểm trung bình chung học kỳ, điểm trung bình chung học bổng cho chương trình thứ nhất;

-         Không xét học bổng chương trình 2 cho sinh viên học cùng lúc 2 chương trình;

-         Sinh viên học yếu ở chương trình 1 hoặc chương trình 2 thì bị dừng học chương trình 2 ở học kỳ kế tiếp;",,,
"Nếu muốn học chương trình thứ 2 ở trường khác thuộc Đại học Đà Nẵng thì cần điều kiện gì, thủ tục như thế nào?","Sinh viên học chương trình thứ nhất tại trường Đại học Bách khoa, nếu muốn học chương trình 2 tại trường khác thuộc Đại học Đà Nẵng thì thực hiện tương tự như học cùng lúc 2 chương trình tại Trường Đại học Bách khoa, chỉ khác ở chỗ mốc thời gian thực hiện các công việc có thể thay đổi tùy vào trường mà sinh viên học chương trình 2. Sinh viên cần xem thủ tục xin học chương trình 2 tại trường mà sinh viên dự định xin học chương trình 2.",,,
Xét công nhận tốt nghiệp chương trình 2 như thế nào?,"Sau khi sinh viên hoàn thành chương trình thứ nhất, được công nhận tốt nghiệp chương trình thứ nhất, tích lũy đủ các học phần thuộc chương trình 2, có đủ chứng chỉ yêu cầu thì sinh viên được xét công nhận tốt nghiệp chương trình thứ hai và được cấp bằng của ngành thứ hai.",,,
Học bằng 2 là gì?,"Học bằng 2 tại trường Đại học Bách khoa là sau khi đã tốt nghiệp ngành thứ nhất tại trường Đại học Bách khoa, sinh viên đăng ký học ngành khác tại trường ĐHBK. Nếu hoàn thành các yêu cầu của chương trình đào tạo của ngành thứ hai này thì sinh viên được cấp bằng tốt nghiệp của ngành thứ hai.

Nếu bằng thứ nhất là bằng chính quy thì sinh viên có thể học ngành thứ 2 hệ chính quy hoặc hệ vừa làm vừa học. Nếu bằng thứ nhất là bằng vừa làm vừa học thì sinh viên chỉ có thể học ngành thứ 2 hệ vừa làm vừa học.",,,
"Khi học bằng 2, cần phải học những gì?","Khi học bằng 2, sinh viên được xét miễn thi, miễn học một số học phần mà sinh viên đã học ở ngành thứ nhất. Kết quả xét miễn được công bố cho sinh viên biết cùng với quyết định cho phép học bằng 2.",,,
Sự khác và giống nhau giữa học bằng 2 và học cùng lúc 2 chương trình là gì?,"Khác nhau
Học bằng 2

- Phải tốt nghiệp ngành thứ nhất mới được đăng ký học ngành 2;

- Không thể thay đổi đánh giá kết quả học tập, xếp hạng tốt nghiệp của ngành thứ 1;

- Nếu học yếu nhưng chưa đến mức bị buộc thôi học thì vẫn tiếp tục được học;

- Sinh viên được ghép với 1 lớp sinh hoạt nào đó để sinh hoạt lớp;

- Bằng 2 có thể là chính quy hoặc vừa làm vừa học;
Học cùng lúc hai chương trình

- Khi đang học ngành thứ nhất đã có thể đăng ký học ngành thứ 2;

- Đối với học phần chung ở 2 ngành, nếu có điểm tích lũy cao hơn thì điểm tích lũy có tác dụng cho cả 2 ngành;

- Nếu học yếu kém ở 1 trong 2 ngành thì phải dừng học ngành 2;

- Sinh viên sinh hoạt lớp với lớp sinh hoạt của khóa nhập học của mình;

- Hiện nay, học CT2 ở Trường đều là học chính quy;

Giống nhau

- Học tại trường Đại học Bách Khoa;

- Được lấy kết quả học của học phần có ở cả 2 ngành để dùng chung;

- Không được xét miễn giảm học phí đối với ngành 2, chương trình 2;

",,,
Thủ tục xin học bằng 2 tại trường Đại học Bách Khoa như thế nào?,"Sinh viên đã tốt nghiệp ngành thứ nhất tại Trường, nếu muốn học thêm ngành thứ 2 thì cần thực hiện như sau:

-         Lập hồ sơ gồm: đơn xin học bằng 2 (viết hoặc đánh máy theo mẫu), bản sao công chứng bảng điểm và bằng tốt nghiệp ngành thứ nhất;

-         Trình nộp hồ sơ cho Phòng Đào tạo trong khoảng thời gian quy định để nhà trường xét và ra quyết định cho phép học;

Sinh viên xin học từ học kỳ 1 của năm học: cần làm đơn và nộp từ ngày 15/06 đến 30/06 hàng năm. Từ 15/08 đến 20/08 hàng năm, Phòng Đào tạo phát Quyết định cho những sinh viên đủ điều kiện học.

Sinh viên xin học từ học kỳ 2 của năm học: cần làm đơn và nộp từ ngày 01/12 đến 10/12 hàng năm. Từ 20/12 đến 25/12, Phòng Đào tạo phát Quyết định cho những sinh viên đủ điều kiện học.

Sau khi có quyết định, sinh viên được cấp mã số sinh viên, khởi tạo tài khoản đăng ký học và đăng ký các học phần cần học. Ở học kỳ đầu tiên, Phòng Đào tạo hỗ trợ sinh viên đăng ký học.",,,
Xét công nhận tốt nghiệp bằng 2 như thế nào?,"Sau khi sinh viên hoàn thành chương trình: tích lũy đủ các học phần được yêu cầu học, có đủ chứng chỉ yêu cầu thì sinh viên được xét công nhận tốt nghiệp và được cấp bằng của ngành thứ hai.

Các học phần được miễn sẽ được ghi trong bảng điểm nhưng không tính vào điểm trung bình chung tích lũy đối với ngành thứ 2.

Sinh viên học bằng 2 hệ gì (chính quy hay vừa làm vừa học) thì Trường cấp bằng theo hệ ấy.",,,
Nếu muốn chuyển trường thì cần phải có điều kiện gì?,"Sinh viên được xét chuyển trường nếu có đủ các điều kiện sau:

-         Trong thời gian học tập, nếu gia đình sinh viên chuyển nơi cư trú, chuyển nơi công tác hoặc sinh viên có hoàn cảnh khó khăn, cần thiết phải chuyển đến trường gần nơi cư trú của gia đình để có điều kiện học tập;

-         Xin chuyển đến trường có cùng ngành hoặc thuộc cùng nhóm ngành với ngành đào tạo mà sinh viên đang học;

-         Được sự đồng ý của Hiệu trưởng trường Đại học Bách khoa và trường xin chuyển đến.",,,
Những trường hợp nào không được phép chuyển trường?,"Sinh viên không được phép chuyển trường, nếu:

-         Không trúng tuyển vào trường hoặc có kết quả thi tuyển sinh thấp hơn điểm trúng tuyển của trường xin chuyển đến, nếu hai trường cùng tuyển sinh theo đề chung của Bộ Giáo dục Đào tạo;

-         Hộ khẩu thường trú của sinh viên nằm ngoài vùng tuyển của trường xin chuyển đến;

-         Đang học năm thứ nhất và năm cuối khoá;

-         Đang trong thời gian chịu mức kỷ luật từ cảnh cáo toàn trường trở lên.

 ",,,
Thủ tục chuyển từ trường ĐH Bách khoa đến học ở trường khác như thế nào?,"Để chuyển từ trường Đại học Bách khoa đến học ở trường khác, cần thực hiện các bước sau đây:

-         Đề nghị phòng Đào tạo trường ĐHBK cấp bảng điểm;

-         Lập đơn xin chuyển trường (Đơn được lập trực tiếp từ website);

-         Trình nộp đơn và bảng điểm cho trường muốn xin chuyển đến để xin ý kiến của Hiệu trưởng trường muốn chuyển đến;

-         Sau khi có ý kiến đồng ý của Hiệu trưởng trường muốn chuyển đến, trình nộp đơn tại phòng Đào tạo - Trường ĐHBK;

-         Sau khi có ý kiến đồng ý của Hiệu trưởng trường ĐHBK và quyết định cho phép chuyển trường của Đại học Đà Nẵng, sinh viên làm thủ tục thanh toán nợ và rút hồ sơ;

-         Sinh viên trình nộp hồ sơ cho trường mới để học tại trường mới.

 ",,,
"Để dự kiểm tra, thi thì sinh viên cần phải thực hiện như thế nào?","Để dự các kỳ kiểm tra, thi thì sinh viên cần phải:

-         Nắm rõ lịch dự kiểm tra, lịch thi. Nếu trễ giờ thi, kiểm tra hoặc quên thì sinh viên không được đổi ca thi. Những trường hợp ốm đau hoặc phục vụ công tác chung của Trường, khoa thì sinh viên được chuyển nhóm thi (có kèm theo đơn hoặc đề nghị của khoa);

-         Khi đến dự kiểm tra/ thi, sinh viên phải có tác phong nghiêm túc và trình cho cán bộ coi thi giấy tờ nhân thân hợp lệ: thẻ sinh viên còn hiệu lực và không bị mờ hoặc gãy, phải nhìn rõ được ảnh và số thẻ. Nếu sinh viên bị mất thẻ và đang trong tiến trình làm lại thẻ nhưng có muốn dự kỳ kiểm tra/ thi thì sinh viên phải làm đơn để được Phòng Đào tạo cấp Giấy chứng nhận sinh viên (tạm thay cho thẻ sinh viên).

-         Ngoài quy định chung, sinh viên cần tuân thủ quy định của một số kỳ thi/ học phần đặc thù.",,,
"Nếu bị ốm, tai nạn không thể dự thi hoặc phải vắng thi do thực hiện công việc chung của Khoa/ Trường thì phải làm gì?","Nếu bị ốm, tai nạn không thể dự thi thì sinh viên phải có “Đơn xin hoãn thi” kèm theo minh chứng (xác nhận cơ quan y tế trường hoặc bệnh viện) và gửi cho Phòng Đào tạo để xin hoãn thi. Đơn được lập trực tiếp từ website hoặc viết vào mẫu có sẵn. Nếu hoãn thi do ốm, tai nạn thì thời hạn nộp đơn không chậm quá 1 tuần so với ngày thi.

Các trường hợp hoãn thi để thực hiện công tác của Khoa / Trường thì cần có tờ trình của Khoa đề nghị cho sinh viên hoãn thi để gửi Phòng Đào tạo.

Sinh viên hoặc thân nhân sinh viên phải lưu giữ đơn xin hoãn thi đã được Phòng Đào tạo duyệt và trong vòng 2 học kỳ chính sinh viên phải làm đơn thi bổ sung các học phần đã xin hoãn thi.

Các học phần hoãn thi sẽ có điểm I và không dùng để đánh giá điểm trung bình chung học kỳ trong học kỳ sinh viên hoãn thi.

 ",,,
Sinh viên vi phạm quy chế trong khi thi học phần thì bị xử lý như thế nào?,"Nếu vi phạm quy chế khi dự kiểm tra/ thi học phần thì sinh viên bị xử lý kỷ luật với từng học phần đã vi phạm, trừ các hành vi nặng tới mức kỷ luật từ đình chỉ học tập trở lên.",,,
"Hình thức vi phạm nào trong thi cử thì bị kỷ luật đình chỉ, buộc thôi học hoặc có các hình thức kỷ luật nặng hơn?","Sinh viên đi thi hộ hoặc nhờ người khác thi hộ sẽ bị kỷ luật đình chỉ học tập một năm nếu vi phạm lần thứ nhất và bị buộc thôi học nếu tái phạm.

Sinh viên có các hành vi sửa, làm sai lệch thông tin trên các loại giấy tờ do các cơ quan, tổ chức phát hành (như chứng minh nhân dân, giấy phép lái xe, thẻ sinh viên,....) thì bị buộc thôi học, bị gửi sang cơ quan Công an xử lý truy tố.",,,
Nếu không đồng ý với kết quả đánh giá học phần thì cần phải làm gì?,"Đầu học kỳ, giảng viên phụ trách lớp học phần công bố hình thức kiểm tra đánh giá kết quả học tập cho sinh viên biết.

Giảng viên công bố kết quả đánh giá bài tập, kiểm tra giữa kỳ khi lớp chưa kết thúc. Nếu không đồng ý với kết quả đánh giá bài tập, giữa kỳ thì sinh viên phản hồi trực tiếp với giảng viên hoặc Trưởng khoa (thông qua giáo vụ khoa đối với các lớp học phần chuyên ngành do giảng viên của Trường đảm nhiệm, hoặc Phòng Đào tạo đối với các học phần thuộc khối kiến thức đại cương).

Nếu không đồng ý với kết quả đánh giá cuối kỳ thì sinh viên làm thủ tục phúc khảo.

Nếu không đồng ý với kết quả chấm Đồ án tốt nghiệp thì sinh viên cần phản hồi trực tiếp với Chủ tịch Hội đồng chấm Đồ án tốt nghiệp hoặc Phòng Đào tạo.

Sau mỗi học kỳ, khi kết thúc thời gian phúc khảo thì sinh viên không được khiếu nại về kết quả đánh giá ở học kỳ, trừ các trường hợp đã có khiếu nại nhưng chưa giải quyết xong.",,,
Nếu nghi ngờ hoặc biết chắc chắn rằng điểm đánh giá của mình đã bị nhập sai thì sinh viên cần làm gì?,"Điểm ở website để công bố cho sinh viên biết là do:

-         Hoặc giáo vụ phòng Đào tạo và giáo vụ khoa nhập theo 2 kênh độc lập và có đối chiếu, so khớp với nhau. Sinh viên có thể thấy được kết quả so khớp;

-         Hoặc do giảng viên trực tiếp nhập.

Nếu sinh viên cần bảng điểm sớm (chẳng hạn để nộp hồ sơ xin học bổng) mà thấy  điểm không đúng với kết quả chấm đã công bố tại lớp, ví dụ như đồ án môn học, và điểm chưa được so khớp thì mà sinh viên cần phản hồi bằng email hoặc phản hồi trực tiếp với chuyên viên của Phòng Đào tạo phụ trách về điểm.

Nếu thấy điểm chưa được so khớp nhưng mình chưa cần đến bảng điểm thì không cần phản hồi với Phòng Đào tạo, trong quá trình tác nghiệp chuyên viên của phòng Đào tạo sẽ phát hiện và khắc phục các trường hợp nhập bị lệch điểm.",,,
Nếu trùng lịch thi thì phải làm gì?,"Nếu trùng lịch thi của các lớp học phần trong cùng một nhóm cơ bản thì sinh viên cần phản ánh với Phòng Đào tạo.

Nếu trùng lịch thi với lớp mở cho khóa trước (do sinh viên học vượt) hoặc khóa sau (do sinh viên học lại) thì sinh viên cần phải làm đơn xin chuyển nhóm thi trước ngày thi ít nhất 1 tuần.",,,
Điều kiện để sinh viên được công nhận tốt nghiệp?,"Điều kiện để được Trường xét và công nhận tốt nghiệp:

-         Cho đến thời điểm xét tốt nghiệp không bị truy cứu trách nhiệm hình sự hoặc không đang trong thời gian bị kỷ luật ở mức đình chỉ học tập;

-         Tích lũy đủ số học phần và khối lượng của chương trình đào tạo;

-         Điểm trung bình chung tích lũy của toàn khóa học đạt từ 2,00 trở lên;

-         Thỏa mãn một số yêu cầu về kết quả học tập đối với nhóm học phần thuộc ngành đào tạo chính do Hiệu trưởng quy định;

-         Có chứng chỉ giáo dục quốc phòng và giáo dục thể chất;

-         Đạt chuẩn ngoại ngữ đầu ra theo quy định của nhà trường.

Những sinh viên học vượt và có đủ điều kiện tốt nghiệp sớm so với thời gian thiết kế của khoá học thì phải làm đơn xin công nhận tốt nghiệp.",,,
"Mỗi năm học có mấy đợt xét công nhận tốt nghiệp, mấy lần tổ chức lễ trao bằng cho sinh viên?","Trong mỗi năm học, có 5 đợt xét công nhận tốt nghiệp: cuối học kỳ 1, cuối học kỳ 2, cuối học kỳ hè, giữa học kỳ 1, giữa học kỳ 2. Trường sẽ có thông báo kế hoạch chi tiết 30 ngày trước ngày tổ chức lễ.",,,
"Nếu không thể về Trường để nhận bằng tốt nghiệp, sinh viên cần phải làm gì?","Sinh viên phải hoàn thành thủ tục thanh toán ra trường thì mới được nhận bằng. Nếu muốn nhận bằng tốt nghiệp trong buổi lễ trao bằng thì sinh viên phải thực hiện theo đúng quy định tại thông báo của Trường về việc tổ chức lễ trao bằng.

Nếu không thể về Trường để nhận bằng tốt nghiệp thì sinh viên có thể ủy quyền cho người khác đến nhận bằng.",,,
Nếu cung cấp thông tin sai cho Trường dẫn đến thông tin ghi trên bằng tốt nghiệp bị sai thì có hậu quả thế nào?,"Trường tổ chức cho sinh viên cung cấp thông tin nhân thân cho Trường, thông qua hệ thống thông tin sinh viên. Trước khi sử dụng thông tin để in bằng, Trường in thông tin mà sinh viên đã cung cấp và yêu cầu sinh viên kiểm tra, ký xác nhận. Do đó sinh viên phải chịu trách nhiệm về tính chính xác của thông tin đã cung cấp.",,,
Nếu có sự thay đổi thông tin cá nhân so với giấy khai sinh thì sinh viên phải làm gì?,Nếu có sự thay đổi thông tin bản thân mình mà thông tin này dùng để ghi trên bằng tốt nghiệp thì sinh viên cần phải nộp cho Trường bản sao công chứng các giấy tờ điều chỉnh thông tin của cơ quan tư pháp đã thực hiện điều chỉnh đó.,,,
Hồ sơ Trường cấp cho mỗi sinh viên khi tốt nghiệp gồm có những gì?,"Mỗi sinh viên tốt nghiệp được Trường cấp bằng tốt nghiệp và bảng điểm tốt nghiệp. Thông tin ghi trên bằng tốt nghiệp theo quy định hiện hành của Nhà nước. Thông tin trên bảng điểm gồm: họ tên sinh viên, ngày tháng năm sinh, nơi sinh, lớp, khóa tuyển sinh, bậc đào tạo, hệ đào tạo, ngành, chuyên ngành, kết quả học tập và rèn luyện đạo đức, các hình thức khen thưởng và kỷ luật đối với sinh viên trong quá trình học tại Trường, điểm trung bình chung học tập toàn khóa, điểm trung bình chung rèn luyện toàn khóa, điểm các học phần thuộc chương trình đào tạo sinh viên đã học. Điểm của mỗi học phần được ghi theo thang điểm 10, thang điểm 4 và điểm chữ. Nếu có học phần nào sinh viên học nhiều lần thì sẽ ghi thêm điểm thấp nhất trong các lần học.",,,
Giấy chứng nhận tốt nghiệp dùng để làm gì?,"Trong khi chờ đợi Trường hoàn thành thủ tục và phát hành bằng tốt nghiệp cho sinh viên đã được Hội đồng xét công nhận tốt nghiệp xét duyệt công nhận, Trường cấp Giấy chứng nhận tốt nghiệp để sinh viên sử dụng tạm thời làm hồ sơ xin việc. Giấy chứng nhận tốt nghiệp có thời hạn.

 ",,,
Phải trực tiếp đến nhận Giấy chứng nhận tốt nghiệp hay có thể nhận bằng hình thức khác?,Phòng Đào tạo phát Giấy chứng nhận tốt nghiệp cho sinh viên trực tiếp đến nhận tại Phòng Đào tạo (theo lịch thông báo) hoặc gửi bằng dịch vụ bưu điện đến địa chỉ mà sinh viên đăng ký.,,,
Nếu đã hoàn thành tất cả các học phần của chương trình đào tạo và đủ điểm tích lũy nhưng còn thiếu chứng chỉ quy định thì sinh viên có được chứng nhận gì không?,"Nếu đã hoàn thành tất cả các học phần của chương trình đào tạo và đủ điểm tích lũy nhưng còn thiếu chứng chỉ yêu cầu (đạt chuẩn đầu ra về ngoại ngữ, giáo dục thể chất và/ hoặc giáo dục quốc phòng) thì Trường không cấp chứng nhận. Sinh viên phải khẩn trương hoàn thành đủ các chứng chỉ yêu cầu để được công nhận tốt nghiệp.",,,
Khi cần thực hiện những công việc yêu cầu phải có đơn thì lấy mẫu đơn ở đâu?,"Sau khi đăng nhập vào website, sinh viên thực hiện chức năng [Lập đơn] để lập loại đơn tương ứng với công việc yêu cầu phải có đơn. Trừ trường hợp đơn xin ngưng học tạm thời do ốm/ tai nạn thì được dùng mẫu đơn có sẵn, còn lại tất cả các loại đơn phải lập trực tiếp từ website.",,,
Trường có quy định số tín chỉ tối đa được phép đăng ký học trong mỗi học kỳ không?,Trường chỉ hạn chế số tín chỉ tối đa được phép đăng ký học trong mỗi học kỳ đối với sinh viên không đạt “chuẩn tiếng Anh sau mỗi năm học” theo Quy định tại Quyết định số 389/QĐ-ĐHBK (đối với sinh viên chương trình đại trà) và Quyết định số 421/QĐ-ĐHBK (đối với sinh viên chương trình chất lượng cao).,,,
Có được phép học nếu trùng kế hoạch học/ thời khóa biểu hay không?,"Hiện nay Trường chỉ cho phép trùng thời khóa biểu giữa đồ án môn học với lớp học phần khác. Trong tương lai, không cho phép sinh viên đăng ký học nếu trùng kế hoạch học/ thời khóa biểu, kể cả đồ án môn học.",,,
Nếu khối lượng học tập trong học kỳ chính dưới mức quy định thì sẽ bị xử lý thế nào?,"Sau khi kết thúc đăng ký các lớp học phần mở bổ sung trong học kỳ chính, Phòng Đào tạo sẽ kiểm tra dữ liệu đăng ký học của sinh viên. Nếu khối lượng học tập trong học kỳ chính dưới mức quy định thì:

-         Sinh viên học vượt ở kỳ trước nên đến kỳ này không phải đăng ký học hoặc ngành/ khóa học của sinh viên không có đủ số tín chỉ để đăng ký thì không bị sao cả;

-         Sinh viên không chịu đăng ký đủ số tín chỉ quy định thì sẽ bị buộc ngừng học tạm thời trong học kỳ đó.",,,
Sinh viên diện nào thì bị hạ bậc xếp hạng tốt nghiệp?,"Theo mức điểm trung bình chung tích lũy toàn khóa, có 4 bậc xếp hạng tốt nghiệp: Xuất sắc, Giỏi, Khá, Trung bình. Tuy nhiên, nếu số tín chỉ mà sinh viên học từ lần thứ 2 trở đi vượt quá 5% tổng số tín chỉ của chương trình đào tạo hoặc bị kỷ luật cảnh cáo thì mặc dù điểm trung bình chung tích lũy thuộc loại Xuất sắc hoặc Giỏi, sinh viên sẽ bị hạ một bậc xếp hạng tốt nghiệp tương ứng thành loại Giỏi hoặc Khá.",,,
Điều kiện để làm Đồ án tốt nghiệp là gì?,"Sinh viên được làm đồ án tốt nghiệp khi có đủ các điều kiện sau đây:

-         Đã học tất cả các học phần (trừ Đồ án tốt nghiệp) của chương trình đào tạo, còn thiếu không quá 4 tín chỉ và đạt học phần tiên quyết của đồ án tốt nghiệp. Các học phần tiên quyết của đồ án tốt nghiệp phụ thuộc ngành đào tạo và được công bố trong website thông tin sinh viên;

-         Điểm trung bình chung tích luỹ không dưới 1,90 theo thang điểm 4.",,,
"Nếu đủ điều kiện làm Đồ án tốt nghiệp, sinh viên có cần phải đăng ký đồ án hay không?","Đầu mỗi học kỳ, Phòng Đào tạo xét và công bố danh sách sinh viên đủ điều kiện nhận Đồ án tốt nghiệp và đăng ký ĐATN cho sinh viên thuộc các lớp đúng và trễ tiến độ so với tiến độ thiết kế của chương trình. Sinh viên học vượt và có đủ điều kiện nhận ĐATN sớm hơn so với tiến độ thiết kế thì cần phải làm đơn xin nhận ĐATN. Sinh viên chưa muốn làm ĐATN thì phải tự hủy đăng ký trong thời gian Nhà trường cho phép.

Tất cả sinh viên được Phòng Đào tạo đăng ký ĐATN phải đóng học phí trong thời gian quy định của Trường. Các trường hợp không đóng sẽ bị đình chỉ làm ĐATN.",,,
Khi nào sinh viên được thực tập tốt nghiệp?,"Thực tập tốt nghiệp là một học phần mà sinh viên muốn đăng ký học phải thỏa mãn các điều kiện đã được quy định trong chương trình đào tạo của ngành. Khi thực tập tốt nghiệp, sinh viên không được phép học các học phần khác, trừ đồ án môn học. Thời gian Thực tập tốt nghiệp được bố trí chen ở khoảng gần cuối học kỳ 1 và đầu học kỳ 2 mỗi năm học. Tùy theo tình hình thực tế của từng ngành/ khóa, Trường có thể tổ chức thêm 1 đợt thực tập tốt nghiệp trong học kỳ hè.",,,
Nguyên tắc chung sinh viên cần thực hiện để giải quyết một công việc là gì?,"Khi cần giải quyết một công việc gì liên quan đến bản thân mình, sinh viên phải thực hiện theo nguyên tắc sau đây:

-         Tìm hiểu và nắm rõ về công việc cần giải quyết, thông qua các tài liệu do Trường ban hành và công bố tại website. Các thông tin cần phải nắm rõ tối thiểu gồm: các bước tiến hành, loại đơn/biểu mẫu cần sử dụng, nơi nhận/trả hồ sơ, thời gian dự kiến trả hồ sơ;

-         Chuẩn bị đúng và đủ hồ sơ;

-         Đến liên hệ đúng nơi nhận hồ sơ và đúng thời gian quy định nhận hồ sơ để giải quyết công việc;

-         Có tác phong nghiêm túc, trình thẻ sinh viên và hồ sơ cho chuyên viên phụ trách, nhận lại giấy hẹn trả hồ sơ, đóng lệ phí đối với một số trường hợp có thu lệ phí.",,,
Khi học một học phần từ lần thứ 2 trở đi thì ảnh hưởng đến đánh giá kết quả học tập như thế nào?,"Khi học một học phần từ lần thứ 2 trở đi thì ảnh hưởng đến đánh giá kết quả học tập như sau:

-         Nếu trong học kỳ 1 của năm học, học lại một học phần nào đó thì điểm của học phần này tham gia vào việc tính điểm trung bình chung học kỳ của học kỳ 1 của năm học. Nếu lần học này có điểm cao nhất so với các lần học trước thì điểm của học phần này tham gia vào việc tính điểm trung bình chung tích lũy;

-         Nếu trong học kỳ 2 của năm học, học lại một học phần nào đó thì điểm của học phần này tham gia vào việc tính điểm trung bình chung học kỳ của học kỳ 2 của năm học. Nếu lần học này có điểm cao nhất so với các lần học trước thì điểm của học phần này tham gia vào việc tính điểm trung bình chung tích lũy;

-         Nếu trong kỳ hè của năm học, học lại một học phần nào đó thì điểm của học phần này tham gia vào việc tính điểm trung bình chung học kỳ của học kỳ 2 của năm học. Nếu kỳ 2 cũng có học học phần này thì lấy điểm cao hơn trong 2 lần học để tính. Nếu lần học này có điểm cao nhất so với các lần học trước thì điểm của học phần này tham gia vào việc tính điểm trung bình chung tích lũy.",,,
Điểm trung bình chung học bổng là gì?,"Điểm trung bình chung học bổng ở mỗi học kỳ là điểm trung bình chung có trọng số, tính theo thang điểm 10, của tất cả các học phần học lần thứ nhất trong học kỳ đó. Trọng số các học phần là số tín chỉ của học phần.",,,
Sinh viên học ở Trường có thể nhận được những loại học bổng nào?,"Học bổng cho sinh viên học tại Trường gồm có các loại sau đây:

-         Học bổng khuyến khích học tập theo quy định của Nhà nước dành cho sinh viên chính quy học ngành thứ nhất. Quỹ học bổng trong mỗi học kỳ I và II ở mỗi năm học là 8% tổng học phí do sinh viên đóng trong học kỳ;

-         Các loại học bổng khác do các cá nhân, tổ chức ở trong và ngoài nước tài trợ.",,,
Điều kiện để được xét nhận học bổng khuyến khích học tập theo quy định của Nhà nước là gì?,"Để được vào danh sách xét nhận học bổng khuyến khích học tập theo quy định của Nhà nước, sinh viên phải có đủ các điều kiện sau:

-         Có kết quả rèn luyện đạo đức ở học kỳ đó từ loại Khá trở lên;

-         Có điểm trung bình chung học bổng trong học kỳ đó từ 7,0 trở lên;

-         Không có học phần nào có điểm dưới 5 theo thang điểm 10;

-         Số tín chỉ học trong học kỳ đủ ngưỡng quy định (14 tín chỉ), trừ các trường hợp sau đây thì có thể dưới ngưỡng quy định: sinh viên được miễn học học phần Anh văn do có kết quả cao trong kỳ kiểm tra năng lực ngoại ngữ đầu vào, sinh viên học vượt ở học kỳ trước nên học kỳ này có học phần không cần học, sinh viên năm cuối khóa học chỉ làm Đồ án tốt nghiệp.",,,
Điều kiện để được xét nhận học bổng loại khác là gì?,"Mỗi loại học bổng đó có tiêu chí xét riêng, được quyết định bởi cá nhân hay tổ chức tài trợ. Thông tin về việc xét các loại học bổng này được công bố tại website của Phòng Công tác sinh viên (http://ctsv.dut.udn.vn )",,,
Đơn vị nào của Trường chủ trì xét học bổng khuyến khích học tập theo quy định của Nhà nước?,Phòng Công tác sinh viên chủ trì. Phòng Kế hoạch tài chính và các khoa phối hợp với phòng Công tác sinh viên để xét học bổng.,,,
chuẩn đầu ra ngoại ngữ là gì?,"Theo quy định của Bộ GD&ĐT, SV bậc đại học chính quy khi tốt nghiệp phải đạt yêu cầu về chuẩn đầu ra (CĐR) ngoại ngữ, cụ thể: SV đạt năng lực ngoại ngữ bậc 3/6 theo Khung năng lực ngoại ngữ của Việt Nam hoặc bậc B1 theo Khung tham chiếu về năng lực ngoại ngữ chung Châu Âu. Để giúp SV thực hiện đúng theo quy định trên, Nhà trường tổ chức:

Trường hợp SV đã đạt năng lực ngoại ngữ theo quy định, trong thời hạn 2 tuần tính từ ngày nhập học, SV nộp chứng chỉ để được xét miễn học toàn bộ chương trình ngoại ngữ hoặc một phần ngay từ đầu khóa học ( theo quy định miễn giảm học ngoại ngữ).
Trường hợp SV chưa đạt thì trong thời hạn 2 tuần tính từ ngày nhập học, SV đăng ký theo học một trong 4 ngoại ngữ (tiếng Anh, tiếng Trung, tiếng Nhật, tiếng Hàn) và đăng ký kiểm tra đầu vào để được xếp lớp theo năng lực ngoại ngữ hiện tại. Dựa vào kết quả SV đạt năng lực ở cấp độ nào thì được miễn học, miễn học phí ở cấp độ đó.
Chương trình ngoại ngữ có thời lượng 38 tín chỉ, trong đó Nhà trường đã hỗ trợ 50% chi phí giáo trình và chi phí thi chứng chỉ, mọi giáo trình ngoại ngữ đều là sách gốc và có tính năng E-Learning của nhà xuất bản. Học phí ngoại ngữ không chuyên cho khoá 2024 là 365,000 đồng/tín chỉ.

Đối với nhóm ngành Ngôn ngữ, thời lượng của chương trình ngoại ngữ 2 là 12 tín chỉ; Học phí ngoại ngữ 2 cho sinh viên khối Ngôn ngữ khoá 2024 là 365,000/tín chỉ.",,,
Quy định mức thu học phí Giáo dục quốc phòng - an ninh và Giáo dục thể chất bậc đại học chính quy ,"Chương trình Giáo dục Quốc phòng - An ninh gồm 8TC căn cứ theo Thông tư 05/2020/TT-BGDĐT của Bộ GDĐT ban hành Chương trình giáo dục quốc phòng và an ninh trong trường trung cấp sư phạm, cao đẳng sư phạm và cơ sở giáo dục đại học.

Chương trình Giáo dục Thể chất gồm 3 tín chỉ căn cứ theo Thông tư 25/2015/TT-BGDĐT quy định về chương trình môn học Giáo dục Thể chất thuộc các chương trình đào tạo trình độ Đại học.

SV học và đóng học phí theo thông báo riêng của Trung tâm GDTC và Quốc phòng với chính sách như sau:

Chuyên ngành: Giáo dục thể chất
Nội dung: 3 TC, 1 HK, đơn giá 365,000/tc, học phí 1 học kì khoảng 1,095,000.
Chuyên ngành: Giáo dục Quốc phòng – An ninh
Nội dung: 8 TC, 1 HK, đơn giá 365,000/tc, học phí 1 học kỳ khoảng 2,920,000.",,,
Đơn vị nào của Trường chủ trì xét các loại học bổng khác?,"Thông thường thì Phòng Công tác sinh viên chủ trì. Các khoa phối hợp với phòng Công tác sinh viên để xét học bổng.

Có một số loại học bổng chỉ xét cho sinh viên thuộc ngành nào thì do khoa đó xét.",,,
Vì sao có thể có một số sinh viên có kết quả học tập khá nhưng không có học bổng?,"Quỹ học bổng có giới hạn là 8% tổng học phí sinh viên đóng. Do đó, ở một số khoa không phải tất cả sinh viên có kết quả học Khá đều được học bổng.",,,
Nếu sinh viên hoãn thi và sau đó thi bổ sung và có điểm cao nên thuộc diện được xét học bổng ở kỳ trước thì cần phải làm gì?,"Nếu sinh viên hoãn thi và sau đó thi bổ sung và có điểm cao nên thuộc diện được xét học bổng ở kỳ trước thì sinh viên cần phải viết đơn trình bày để gửi giáo vụ khoa. Khoa và phòng Công tác sinh viên sẽ xét bổ sung. Nếu được học bổng, sinh viên sẽ được nhận truy lĩnh.",,,
Học phí được tính trên cơ sở nào?,"Mức học phí các lớp bình thường được Trường tính trên cơ sở quy định tại các văn bản của Nhà nước (Nghị định 86 của Chính phủ). Mức học phí các lớp thuộc Chương trình chất lượng cao, lớp mở bổ sung, lớp ngoại khóa, ... được tính trên quy định của Trường và được thông báo công khai từ đầu khóa học.

 ",,,
"Ngoài học phí phải đóng, sinh viên của Trường có được hỗ trợ nào khác?","Tài chính cho hoạt động của Trường bao gồm nhiều nguồn. Học phí của sinh viên chỉ là một phần. Trường nhận ngân sách Nhà nước cấp và nhiều nguồn khác, trong đó cũng có đóng góp của cựu sinh viên.",,,
"Vì sao Trường phải có biện pháp nghiêm khắc với sinh viên chây ỳ, bất chấp quy định của Trường?","Sau khi tốt nghiệp, sinh viên của trường Đại học Bách khoa sẽ là những người làm công tác kỹ thuật nên đòi hỏi có tính nghiêm túc, kỷ luật, chia sẻ/ hợp tác trong công việc, làm việc có kế hoạch, đúng quy trình. Nếu không, sẽ có nguy cơ gây hậu quả làm tổn hại lớn đến bản thân, gia đình, xã hội. Cho nên, sinh viên cần phải rèn luyện làm việc đúng kế hoạch, có tính kỷ luật, khoa học ngay từ những năm đầu học ở Trường.

 ",,,
"Sau khi tốt nghiệp, nếu có điều kiện thì cựu sinh viên có thể đóng góp xây dựng Trường bằng hình thức nào?","Cựu sinh viên có thể đóng góp vật chất, tài chính, tinh thần để xây dựng Trường thông qua Hội cựu sinh viên Trường, Chi hội cựu sinh viên khoa/ ngành.",,,
"Khi cần phản ảnh, góp ý về hoạt động đào tạo của Trường thì có thể thực hiện bằng cách nào?","-         Từ trước đến nay, Trường thường xuyên nhận đóng góp ý kiến của cựu sinh viên, sinh viên cũng như khách của Trường thông qua nhiều hình thức như: thư góp ý, thư điện tử, điện thoại, ý kiến thu thập từ các khoa, các buổi đối thoại gữa khoa/ trường với sinh viên;

-         Nhà trường dùng công cụ online để khảo sát ý kiến sinh viên:

o   Trang http://daotao.dut.udn.vn/ca để khảo sát ý kiến về lớp học phần;

o   Trang http://daotao.dut.udn.vn/fb để khảo sát ý kiến về công tác quản lý;

o   Trang http://daotao.dut.udn.vn/PA để khảo sát ý kiến về khóa học;

o   Trang http://daotao.dut.udn.vn/KSVL1T để khảo sát ý kiến về tình hình việc làm sau 01 tháng tốt nghiệp.

-         Ngoài các phương thức nói trên, nếu cần góp ý hoặc phản ánh tố cáo các hiện tượng tiêu cực về đào tạo thì sinh viên có thể dùng email do Trường cung cấp để gửi đến email của:
 i.      Thầy Hiệu trưởng: GS. TS. Lê Kim Hùng:  lekimhung@dut.udn.vn

 ii.      Thầy Trưởng phòng Đào tạo: TS. Phan Minh Đức:  pmduc@dut.udn.vn

Nhà trường trân trọng những ý kiến đóng góp để xây dựng Trường và có biện pháp để bảo vệ những cá nhân, tập thể đấu tranh với những hành vi sai phạm trong nhà trường.A369",,,
Tên cơ sở đào tạo của trường là gì?,TRƯỜNG ĐẠI HỌC BÁCH KHOA - ĐẠI HỌC ĐÀ NẴNG,,,
Mã trường của Trường Đại học Bách khoa - Đại học Đà Nẵng là gì?,DDK,,,
Địa chỉ của trường là gì?,"54 Nguyễn Lương Bằng, phường Hòa Khánh Bắc, quận Liên Chiểu, thành phố Đà Nẵng",,,
Trang thông tin điện tử của Trường Đại học Bách khoa là gì?,Địa chỉ Facebook https://www.facebook.com/DUTpage,,,
Trang thông tin tuyển sinh của trường là gì?,https://dut.udn.vn/TuyenSinh2024,,,
Số điện thoại liên hệ tuyển sinh của trường là gì?, 0888 477 377; 0888 377 177; 0888 577 277; 0236 36 20 999,,,
Thí sinh cần đáp ứng điều kiện gì để tham gia tuyển sinh?,Thí sinh cần có đủ các điều kiện theo Quy chế tuyển sinh hiện hành.,,,
Phạm vi tuyển sinh của Trường Đại học Bách khoa - Đại học Đà Nẵng là gì?,Tuyển sinh trong cả nước,,,
Trường Đại học Bách khoa - Đại học Đà Nẵng thuộc đơn vị nào?,Trường thuộc Đại học Đà Nẵng,,,
Trường có bao nhiêu số điện thoại hỗ trợ tuyển sinh?,Trường có 4 số điện thoại hỗ trợ tuyển sinh.  0888 477 377; 0888 377 177; 0888 577 277; 0236 36 20 999,,,
Thí sinh cần đáp ứng điều kiện gì để tham gia tuyển sinh?,Thí sinh cần có đủ các điều kiện theo Quy chế tuyển sinh hiện hành.,,,
 Trường Đại học Bách khoa - Đà Nẵng nằm ở quận nào của thành phố Đà Nẵng?,"54 Nguyễn Lương Bằng, phường Hòa Khánh Bắc, quận Liên Chiểu, thành phố Đà Nẵng",,,
Thí sinh ở tỉnh khác có thể đăng ký xét tuyển vào trường không?, trường tuyển sinh trên toàn quốc.,,,
Trang tuyển sinh của trường có địa chỉ chính xác là gì?,https://dut.udn.vn/TuyenSinh2024,,,
Tên viết tắt của trường là gì?,DUT (Danang University of Technology),,,
Trường Đại học Bách khoa - Đại học Đà Nẵng có hệ đào tạo nào?, Trường có hệ đại học chính quy.,,,
Làm thế nào để liên hệ với bộ phận tuyển sinh của trường?,Thí sinh có thể gọi đến số điện thoại 0888 477 377; 0888 377 177; 0888 577 277; 0236 36 20 999.,,,
Có thể cập nhật thông tin tuyển sinh của trường qua mạng xã hội nào?,Thí sinh có thể theo dõi trang Facebook là https://www.facebook.com/DUTpage,,,
Trường có cung cấp thông tin tuyển sinh trực tuyến không?,thông tin tuyển sinh được cập nhật trên trang https://dut.udn.vn/TuyenSinh2024,,,
Trường Đại học Bách khoa - Đại học Đà Nẵng có nằm trong hệ thống Đại học Đà Nẵng không?, trường là một thành viên của Đại học Đà Nẵng.,,,
Cho em hỏi bây giờ chọn ngành nghề mình cần quy tắc gì ko ạ?,"để lựa chọn nghề - chọn trường trong mùa tuyển sinh đại học 2019 em cần tham khảo 5 nguyên tắc sau:

♦ Nguyên tắc 1: Chỉ nên chọn nghề phù hợp với sở thích và hứng thú của bản thân.

♦ Nguyên tắc 2: Chỉ nên chọn nghề mà bản thân có đủ điều kiện đáp ứng:

Năng lực đáp ứng được các yêu cầu của nghề nghiệp.

Tính cách phù hợp với tính chất lao động của nghề nghiệp.

Sức khoẻ phù hợp, đảm bảo với cường độ lao động và tính chất lao động.

Điều kiện, hoàn cảnh gia đình đáp ứng được chi phí đào tạo, nuôi dưỡng nghề….

♦ Nguyên tắc 3: Chỉ chọn ngành, chọn nghề khi đã có hiểu biết đầy đủ về ngành/nghề.

♦ Nguyên tắc 4: Không chọn nghề mà xã hội không còn nhu cầu

♦ Nguyên tắc 5: Chọn nghề đáp ứng được những giá trị mà bản thân coi là quan trọng và có ý nghĩa.",,,
Cho em hỏi bây giờ em cũng chưa biết sức học em có phù hợp xét ĐH không nữa? Thầy tư vấn em được không ạ?,"để biết được sức học của mình có phù hợp để đăng ký xét tuyển đại học hay không, em cần tim hiểu và thực hiện một số nội dung sau:

- Căn cứ vào điểm học tập, nhất là các môn thi tuyển sinh đại học 2019 của ngành em định theo học. Tìm hiểu điểm trúng tuyển của ngành nghề đó ở trường em muốn thi vào trong ba năm liên tiếp, từ đó so sánh với sức học của mình cho phép em xác định khả năng trúng tuyển của em vào trường đó như thế nào. (ví dụ: thông tin xét tuyển ngành điều dưỡng)

- Giải thử đề thi đại học (hoặc THPT QG) ba năm gần đây và so sánh điểm chuẩn với ngành học ở trường mà mình định thi vào để ước lượng năng lực, khả năng trúng tuyển của mình.

- Nhờ thầy/cô, người thân, bạn bè đánh giá, nhận xét năng lực hiện tại của em.

Lưu ý: cùng một ngành học nhưng có thể xét đầu vào bằng nhiều khối khác nhau. Vì vậy em hãy chọn xét khối nào là sở trường của mình em nha!

Xem thêm: thông báo tuyển sinh đại học chính quy",,,
Cho em hỏi bây giờ em muốn lựa chọn 1 ngành nghề thì cần tìm hiểu những thông tin gì?,"ể tìm hiểu 1 ngành nghề cho đợt tuyển sinh đại học 2019 em cần lưu ý các thông tin sau đây:
- Tên nghề và những nghề nghiệp chuyên môn thường gặp trong nghề.
- Mục tiêu đào tạo và nội dung đào tạo của ngành nghề.
- Nhu cầu thị trường lao động đối với ngành nghề đó. Cơ hội việc làm sau khi tốt nghiệp.
- Những phẩm chất và kỹ năng cần thiết để tham gia lao động trong nghề.
- Đánh giá hướng phát triển của ngành nghề bạn muốn theo đuổi
- Học phí, học bổng.
- Bằng cấp và cơ hội học lên cao .
- Thời gian đào tạo và phương thức đào tạo.
- Tìm hiểu các khối thi tuyển sinh đầu vào, điểm trúng tuyển của ngành nghề đó trong ba năm liên tiếp.
- Những nơi có thể làm việc sau khi học ngành nghề.
- Điều kiện sức khỏe của bản thân.
- Cơ sở vật chất, đội ngũ giảng viên, quá trình đào tạo của nhà trường
- Tỷ lệ sinh viên tốt nghiệp ngành nghề đó có việc làm, thành phần công việc, mức lương ...
Em có thể tham khảo website: donga.edu.vn truy cập vào các khoa để tham khảo thêm thông tin nhé.

Xem thêm: thông báo tuyển sinh đại học chính quy",,,
Cho em hỏi bây giờ em không định hướng nghề nghiệp gì được cho bản thân hết? Thầy cô có thể giúp em không ạ?,"Em có thể tham khảo thêm 5 BƯỚC TỰ HƯỚNG NGHIỆP sau đây:

1. Tự nhận diện bản thân
- Nhận dạng về sở thích hay sự quan tâm của em.
- Nhận dạng tính cách, kỹ năng và giá trị của em
Như vậy, đầu tiên phải xác định được trong những nghề em yêu thích, thì nghề nào là phù hợp với em nhất.

2.Tự nhận diện Ngành - Trường tương ứng
Thu thập thông tin về các trường ĐH, CĐ, TCCN, CĐN, TCN và thiết lập mục tiêu cá nhân

3. Tự nhận diện sức học
Đối chiếu với từng học kỳ. Nếu sức học quá chênh lệch với ước mơ, nên học ở một trường khác, bậc học phù hợp để có nghề nghiệp mà mình yêu thích, và đủ sức vào theo các tiêu chí tuyển sinh của trường đó.

4. Tự nhận diện về nhu cầu nhân lực
“Trong vài năm tới ngành nào là thu hút nhân lực? Ngành nào lương cao? Muốn lương cao thì cần đáp ứng yêu cầu gì?

5. Lập sổ tay hướng nghiệp
Lập sổ tay hướng nghiệp chính là quá trình tự hướng nghiệp bản thân, kiểm soát, điều chỉnh hành vi nhằm vượt qua những khó khăn, cản trở để đạt mục tiêu cao nhất.",,,
Thưa thầy cho em hỏi: Sinh viên học trường mình sau khi ra trường sẽ nhận được bằng kỹ sư hay là cử nhân vậy?,"Sinh viên tốt nghiệp các ngành kỹ thuật thì sẽ được cấp bằng Kỹ sư. Còn sinh viên tốt nghiệp các ngành Kinh tế, Ngoại ngữ, Y, Sư phạm thì được cấp bằng Cử nhân (Đại học).",,,
Chỉ tiêu tuyển sinh năm 2024 là bao nhiêu?, CHỈ TIÊU TUYỂN SINH (DỰ KIẾN) là 3650 CHỈ TIÊU,,,
Thí sinh đăng ký xét tuyển theo phương thức tuyển sinh riêng của trường bằng cách nào?,Thí sinh đăng ký trực tuyến tại địa chỉ https://dut.udn.vn/Tuyensinh2024/Gioithieu/id/8919.,,,
Mỗi thí sinh có thể đăng ký bao nhiêu hồ sơ xét tuyển?,Mỗi thí sinh chỉ được đăng ký một hồ sơ xét tuyển ứng với nhóm ưu tiên.,,,
Điều gì xảy ra nếu thí sinh đăng ký nhiều hơn một hồ sơ xét tuyển?,Các hồ sơ nộp sau (tính theo thời điểm đăng ký) sẽ không được xét.,,,
Mỗi thí sinh được đăng ký tối đa bao nhiêu nguyện vọng?,"Tối đa 05 nguyện vọng, sắp xếp theo thứ tự ưu tiên từ cao xuống thấp.",,,
"Điều gì xảy ra nếu nguyện vọng không đầy đủ thông tin hoặc thông tin không chính xác?
   ",Nguyện vọng đó sẽ không được xét.,,,
 Thí sinh có được điều chỉnh hoặc bổ sung nguyện vọng sau khi xác nhận trên hệ thống không?,"Không, thí sinh không được điều chỉnh hoặc bổ sung nguyện vọng sau khi xác nhận trên hệ thống đăng ký trực tuyến.",,,
"Sau bao lâu kể từ khi hết hạn nhận hồ sơ, trường sẽ công bố kết quả xét tuyển sớm?",Trong thời gian 20 ngày kể từ ngày hết hạn nhận hồ sơ xét tuyển.,,,
Thủ tục nhập học liên thông bao gồm những gì?,"Khi bạn nhận được giấy báo trúng tuyển, bạn cần chuẩn bị những hồ sơ tuyển sinh đại học để làm thủ tục nhập học như sau:

1. Giấy báo trúng tuyển ( bản gốc)
2. Bảng sao Bằng tốt nghiệp CĐ/TCCN (sao công chứng)
3. Bản sao Bảng điểm học tập CĐ/TCCN (sao công chứng)
4. Bản sao Giấy khai sinh ( sao công chứng)
5. Hồ sơ HSSV hoặc Sơ yếu lý lịch có xác nhận của địa phương hoặc cơ quan đang công tác
6. Giấy chứng nhận đối tượng ưu tiên (nếu có)
7. Chứng minh nhân dân (sao công chứng)
* Lưu ý: Riêng bằng tốt nghiệp, bảng điểm và chứng minh nhân dân phải đem theo bản gốc để đối chiếu.",,,
Em muốn xem điểm thi Liên thông thì phải làm thế nào?,"Ngay khi nhà trường thông báo đến bạn đã có kết quả thi, bạn có thể lên website của trường để xem kết quả theo đường link sau: tra cứu điểm thi đại học liên thông.",,,
Em muốn lấy tài liệu về ôn tập thi tuyển liên thông thì phải làm thế nào?,Hiện nay nhà trường đã đăng tải đầy đủ bộ tài liệu ôn tập thi liên thông trên website của trường. Bạn có thể lên website tải về qua đường link sau: hồ sơ tuyển sinh đại học,,,
Trường hợp nào thì thí sinh chưa được công nhận trúng tuyển chính thức?,Thí sinh đủ điều kiện trúng tuyển sớm nhưng chưa tốt nghiệp THPT năm 2024.,,,
Thí sinh đủ điều kiện trúng tuyển sớm cần làm gì để đảm bảo trúng tuyển chính thức?,Thí sinh phải đăng ký nguyện vọng đã đủ điều kiện trúng tuyển lên hệ thống của Bộ GDĐT theo kế hoạch chung.,,,
Em muốn học Liên thông thì hình thức tuyển sinh như thế nào ạ?,"Hiện nay, để đăng ký thi tuyển sinh đại học liên thông, em có thể đăng ký theo 2 hình thức tuyển sinh:

1. Thi tuyển theo đề thi riêng của trường tự ra và tổ chức thi tuyển. Các môn thi tuyển gồm: môn cơ bản, môn cơ sở ngành và môn chuyên ngành. Điểm mỗi môn thi phải đạt từ 5 điểm trở lên theo thang điểm 10.
2. Xét tuyển dựa vào kết quả kỳ thi trung học phổ thông quốc gia. Bạn đăng ký dự thi kỳ thi tốt nghiệp THPT Quốc Gia và lấy kết quả thi tốt nghiệp đăng ký xét tuyển vào hệ Liên thông. Tổ hợp các môn xét tuyển vào ngành đào tạo liên thông phải cùng tổ hợp các môn xét tuyển vào ngành tương ứng của hệ đào tạo chính quy. Điểm xét tuyển cao đẳng của thí sinh liên thông không thấp hơn ngưỡng đảm bảo chất lượng đầu vào đại học, cao đẳng tương ứng của thí sinh hệ chính quy.",,,
Thủ tục nhập học văn bẳng 2 bao gồm những gì?,"Khi bạn nhận được giấy báo trúng tuyển, bạn cần chuẩn bị những hồ sơ tuyển sinh đại học để làm thủ tục nhập học như sau:

- Đối với thí sinh đã tốt nghiệp đại học hệ chính quy
1. Đơn dự tuyển (theo mẫu nhà trường);
2. Bản sao công chứng Bằng tốt nghiệp đại học;
3. Bản sao công chứng Bảng điểm đại học;
4. Bản sao công chứng giấy khai sinh;
5. Sơ yếu lý lịch có xác nhận của Cơ quan công tác hoặc Địa phương và có dấu giáp lai trên ảnh;
6. Giấy khám sức khỏe (không quá 6 tháng);
7. 04 ảnh màu chụp chân dung cỡ 3x4 cm (mới chụp trong vòng 6 tháng);
- Đối với thí sinh đang học đại học hệ chính quy dài hạn tại các trường
1. Đơn dự tuyển (theo mẫu nhà trường);
2. Bản sao công chứng Bảng điểm đại học từ năm thứ 1;
3. Bản sao công chứng giấy khai sinh;
4. Sơ yếu lý lịch có xác nhận của Trường Đại học nơi sinh viên đang theo học hoặc Địa phương và có dấu giáp lai trên ảnh;
5. Giấy khám sức khỏe (không quá 6 tháng);
6. 04 ảnh màu chụp chân dung cỡ 3x4 cm (mới chụp trong vòng 6 tháng);
Nếu bạn đã nộp đủ hồ sơ trong đợt đăng ký thi tuyển đại học bằng 2 thì khi làm thủ tục nhập học bạn chỉ cần mang theo học phí kỳ học đầu tiên + lệ phí khác.",,,
Vậy để đăng ký dự thi ĐH bằng 2 em cần phải chuẩn bị hồ sơ như thế nào? Lệ phí phải nộp là bao nhiêu?,"Để đăng ký dự thi tuyển sinh đại học bằng 2, bạn cần chuẩn bị hồ sơ như sau:

- Đối với thí sinh đã tốt nghiệp đại học hệ chính quy
1. Đơn dự tuyển (theo mẫu nhà trường);
2. Bản sao công chứng Bằng tốt nghiệp đại học;
3. Bản sao công chứng Bảng điểm đại học;
4. Bản sao công chứng giấy khai sinh;
5. Sơ yếu lý lịch có xác nhận của Cơ quan công tác hoặc Địa phương và có dấu giáp lai trên ảnh;
6. Giấy khám sức khỏe (không quá 6 tháng);
7. 04 ảnh màu chụp chân dung cỡ 3x4 cm (mới chụp trong vòng 6 tháng);
8. Lệ phí thi tuyển (Hồ sơ, lệ phí thi và ôn thi): 500.000 đồng
- Đối với thí sinh đang học đại học hệ chính quy dài hạn tại các trường
1. Đơn dự tuyển (theo mẫu nhà trường);
2. Bản sao công chứng Bảng điểm đại học từ năm thứ 1;
3. Bản sao công chứng giấy khai sinh;
4. Sơ yếu lý lịch có xác nhận của Trường Đại học nơi sinh viên đang theo học hoặc Địa phương và có dấu giáp lai trên ảnh;
5. Giấy khám sức khỏe (không quá 6 tháng);
6. 04 ảnh màu chụp chân dung cỡ 3x4 cm (mới chụp trong vòng 6 tháng);
7. Lệ phí xét tuyển (lệ phí xét tuyển và hồ sơ): 100.000 đồng.",,,
 Khi nào thí sinh được công nhận trúng tuyển chính thức?,Sau khi có kết quả xử lý nguyện vọng cuối cùng trên hệ thống của Bộ GDĐT.,,,
"Điều gì xảy ra nếu thí sinh đủ điều kiện trúng tuyển sớm nhưng không đăng ký nguyện vọng lên hệ thống của Bộ GDĐT?
   "," Thí sinh sẽ không được xử lý nguyện vọng và xem như từ chối nguyện vọng đã đủ điều kiện trúng tuyển.
",,,
"Thí sinh có bắt buộc phải đăng ký xét tuyển ở đợt xét tuyển sớm không?
   ","Không, nhưng nếu không đăng ký xét tuyển ở đợt xét tuyển sớm thì sẽ không được xử lý nguyện vọng trên hệ thống của Bộ GDĐT.
 ",,,
"Thí sinh cần làm gì để đảm bảo khả năng trúng tuyển vào Trường Đại học Bách khoa?
   ","Thí sinh đủ điều kiện trúng tuyển sớm cần đặt ngành đủ điều kiện trúng tuyển làm 'nguyện vọng 1' trên hệ thống đăng ký của Bộ GDĐT.
 ",,,
"Thí sinh có thể đăng ký trực tiếp tại trường không?
    ","Không, thí sinh chỉ có thể đăng ký trực tuyến tại địa chỉ https://dut.udn.vn/Tuyensinh2024/Gioithieu/id/8919.
  ",,,
"Có bao nhiêu nhóm ưu tiên trong phương thức tuyển sinh riêng?
    -",Có 7 nhóm ưu tiên.,,,
"Thí sinh có thể thay đổi nguyện vọng sau khi đã đăng ký trực tuyến không?
   ","Không, thí sinh không được thay đổi nguyện vọng sau khi đã xác nhận trên hệ thống.
  ",,,
" Nếu thí sinh không đăng ký phương thức xét tuyển riêng, có thể tham gia xét tuyển bằng phương thức khác không?
 ","thí sinh có thể tham gia xét tuyển bằng các phương thức khác theo quy định của Bộ GDĐT.
 ",,,
 Hệ thống xử lý nguyện vọng của thí sinh do ai quản lý?,Hệ thống xử lý nguyện vọng do Bộ Giáo dục và Đào tạo (GDĐT) quản lý.,,,
"Các thí sinh không đăng ký nguyện vọng xét tuyển ở đợt xét tuyển sớm có dược được xử lý nguyện vọng trên hệ thống của Bộ GDĐT không.
    ","Không. Các thí sinh không đăng ký nguyện vọng xét tuyển ở đợt xét tuyển sớm không được xử lý nguyện vọng trên hệ thống của Bộ GDĐT.
 ",,,
" Thời gian nhận hồ sơ xét tuyển theo phương thức tuyển sinh riêng của trường là khi nào?
   ",Từ ngày 15/4/2024 đến ngày 31/5/2024.,,,
Thí sinh có thể đăng ký xét tuyển theo phương thức tuyển sinh riêng bằng cách nào?,Thí sinh đăng ký trực tuyến tại https://dut.udn.vn/Tuyensinh2024/Gioithieu/id/8919.,,,
Thí sinh tốt nghiệp THPT năm 2024 có thể xét tuyển theo phương thức nào?,Thí sinh có thể xét tuyển theo 7 nhóm ưu tiên trong phương thức tuyển sinh riêng,,,
Nhóm 1 của phương thức xét tuyển riêng gồm những đối tượng nào?,"Thí sinh đạt giải Khuyến khích cuộc thi học sinh giỏi cấp quốc gia các môn Toán, Vật lý, Hóa học, Sinh học, Tin học hoặc giải Khuyến khích cuộc thi khoa học, kỹ thuật cấp quốc gia.",,,
Nhóm 1 có yêu cầu gì về thời gian đạt giải?,Thời gian đoạt giải không quá 3 năm tính tới thời điểm xét tuyển.,,,
Thí sinh nhóm 1 có thể xét tuyển vào ngành nào?,"Thí sinh được xét tuyển vào ngành tuỳ thuộc môn thi hoặc lĩnh vực đạt giải (xem Phụ lục I, II đề án tuyển sinh 2024).
",,,
"Nhóm 2 của phương thức xét tuyển riêng gồm những đối tượng nào?
   ","Thí sinh đạt giải Nhất, Nhì, Ba, Khuyến khích tại cuộc thi học sinh giỏi cấp tỉnh, thành phố trực thuộc trung ương các môn Toán, Vật lý, Hoá học, Sinh học, Tin học.
  ",,,
" Nhóm 3 của phương thức xét tuyển riêng gồm những đối tượng nào?
   ","Thí sinh đạt giải Nhất, Nhì, Ba, Khuyến khích tại cuộc thi Khoa học kỹ thuật cấp tỉnh, thành phố trực thuộc trung ương.
 ",,,
" Nhóm 4 của phương thức xét tuyển riêng gồm những đối tượng nào?
   "," Thí sinh học trường THPT chuyên các môn Toán, Vật lý, Hoá học, Sinh học, Tin học.
",,,
" Nhóm 5 của phương thức xét tuyển riêng gồm những đối tượng nào?
"," Thí sinh đạt danh hiệu Học sinh giỏi liên tục năm lớp 10, lớp 11 và học kỳ I lớp 12.
",,,
" Nhóm 6 của phương thức xét tuyển riêng gồm những đối tượng nào?
  "," Thí sinh đạt chứng chỉ quốc tế SAT (điểm mỗi phần tối thiểu 550) hoặc ACT từ 24 điểm (thang điểm 36).
 ",,,
"Nhóm 7 của phương thức xét tuyển riêng gồm những đối tượng nào?
   "," Thí sinh đạt chứng chỉ tiếng Anh quốc tế IELTS từ 5,5 hoặc TOEFL iBT từ 46 điểm, TOEIC từ 600 điểm trở lên.
",,,
"Môn Vẽ mỹ thuật trong kỳ thi xét tuyển ngành Kiến trúc có yêu cầu điểm tối thiểu bao nhiêu?
    ","Thí sinh phải đạt từ 5,00 điểm trở lên trong môn Vẽ mỹ thuật.
  ",,,
"Trường nào tổ chức thi môn năng khiếu Vẽ mỹ thuật để xét tuyển ngành Kiến trúc?
   ","Trường Đại học Bách khoa, Đại học Đà Nẵng tổ chức thi môn năng khiếu Vẽ mỹ thuật.
 ",,,
"Năm 2024, Trường Đại học Bách khoa, Đại học Đà Nẵng có tổ chức thi năng khiếu cho ngành Kiến trúc không?
   "," trường tổ chức thi môn Vẽ mỹ thuật cho thí sinh xét tuyển ngành Kiến trúc.
 ",,,
"Điểm tối thiểu để được xét tuyển ngành Kiến trúc tại Đại học Bách khoa Đà Nẵng là bao nhiêu?
   "," Thí sinh cần đạt tối thiểu 5,00 điểm môn Vẽ mỹ thuật để được xét tuyển.
",,,
"Thí sinh có thể xem chi tiết về nguyên tắc xét tuyển ngành Kiến trúc ở đâu?
   ","Thông tin chi tiết xem tại https://dut.udn.vn/Tuyensinh2024/Gioithieu/id/8919
 ",,,
" Thí sinh thi môn năng khiếu Vẽ mỹ thuật ở một trường khác có được xét tuyển vào ngành Kiến trúc không?
  ","Không, thí sinh phải thi Vẽ mỹ thuật do Trường Đại học Bách khoa, Đại học Đà Nẵng tổ chức.
  ",,,
" Thí sinh thi năng khiếu Vẽ mỹ thuật nhưng không đạt 5,00 điểm có được xét tuyển ngành Kiến trúc không?
   "," Không, thí sinh phải đạt từ 5,00 điểm trở lên mới đủ điều kiện xét tuyển.
  ",,,
"Khi nào Trường Đại học Bách khoa Đà Nẵng tổ chức kỳ thi môn Vẽ mỹ thuật?
 ","Thông tin về thời gian tổ chức thi được cập nhật tại trang tuyển sinh của trường https://dut.udn.vn/Tuyensinh2024.
",,,
"Ngưỡng đảm bảo chất lượng đầu vào ngành Kiến trúc tại Đại học Bách khoa Đà Nẵng là bao nhiêu?
   "," Ngưỡng đảm bảo chất lượng đầu vào được cập nhật trên trang tuyển sinh của trường.
  ",,,
" Nguyên tắc xét tuyển ngành Kiến trúc tại Đại học Bách khoa Đà Nẵng là gì?
   ","Nguyên tắc xét tuyển chi tiết có trên trang tuyển sinh https://dut.udn.vn/Tuyensinh2024/Gioithieu/id/8919.
 ",,,
Điểm Vẽ mỹ thuật có được nhân hệ số khi xét tuyển ngành Kiến trúc không?," Thông tin về cách tính điểm xét tuyển cần tham khảo trên trang tuyển sinh của trường.
 ",,,
"Thí sinh có thể nộp điểm thi năng khiếu từ năm trước để xét tuyển ngành Kiến trúc không?
  ","Thông tin chi tiết về giá trị điểm thi các năm trước cần xem trên trang tuyển sinh của trường.
",,,
Tất cả các ngành của trường đều xét tuyển bằng học bạ đúng không?,"Không, chỉ một số ngành xét tuyển bằng học bạ, ngành Kiến trúc yêu cầu thi thêm môn năng khiếu.",,,
Bản mô tả chương trình đào tạo ngành Marketing ĐH Đông Á,https://marketing.donga.edu.vn/chi-tiet/Ban-mo-ta-chuong-trinh-dao-tao-nganh-Marketing-DH-Dong-A-nam-2022-32231,,,
"Có phải tất cả ngành đều xét tuyển theo ĐGNL của ĐHQG TP.HCM không?
   ","Không, chỉ một số ngành áp dụng xét tuyển theo kết quả ĐGNL của ĐHQG TP.HCM.
  ",,,
" Có phải tất cả ngành đều xét tuyển theo ĐGTD của Đại học Bách khoa Hà Nội không?
    ","Không, chỉ một số ngành áp dụng xét tuyển theo kết quả ĐGTD của Đại học Bách khoa Hà Nội.
",,,
"Chính sách ưu tiên xét tuyển của trường bao gồm những gì?
    -","Chính sách ưu tiên xét tuyển của trường bao gồm xét tuyển thẳng và ưu tiên xét tuyển.
  ",,,
"Thí sinh khuyết tật có được xét tuyển thẳng không?
   ","thí sinh là người khuyết tật đặc biệt nặng có giấy xác nhận khuyết tật được xét tuyển thẳng nếu có khả năng theo học một số ngành do trường quy định.
 ",,,
"Thí sinh thuộc dân tộc thiểu số rất ít người có được xét tuyển thẳng không?
   ","thí sinh là người dân tộc thiểu số rất ít người theo quy định của Chính phủ được xét tuyển thẳng.
  ",,,
"Thí sinh từ 20 huyện nghèo biên giới, hải đảo Tây Nam Bộ có được xét tuyển thẳng không?
   ","thí sinh từ 20 huyện nghèo biên giới, hải đảo thuộc khu vực Tây Nam Bộ được xét tuyển thẳng.
",,,
"Thí sinh có hộ khẩu thường trú tại huyện nghèo có được xét tuyển thẳng không?
    -","nếu thí sinh có hộ khẩu thường trú từ 3 năm trở lên, học 3 năm và tốt nghiệp THPT tại huyện nghèo theo quy định của Chính phủ.
 ",,,
"Thí sinh là người nước ngoài có được xét tuyển thẳng không?
    ","nếu thí sinh đáp ứng yêu cầu kiểm tra kiến thức và năng lực Tiếng Việt theo quy định của Bộ GDĐT.
  -",,,
"Nếu thí sinh thuộc diện xét tuyển thẳng nhưng không sử dụng quyền này, có được ưu tiên gì không?
   ","thí sinh sẽ được cộng thêm điểm vào tổng điểm xét tuyển của tổ hợp phù hợp.
  ",,,
"Anh hùng lao động có được cộng điểm xét tuyển không?
  ","Anh hùng lao động được cộng 1,5 điểm vào tổng điểm xét tuyển.
 ",,,
"Anh hùng lực lượng vũ trang nhân dân có được cộng điểm xét tuyển không?
  "," Anh hùng lực lượng vũ trang nhân dân được cộng 1,5 điểm vào tổng điểm xét tuyển.
 ",,,
" Chiến sĩ thi đua toàn quốc có được cộng điểm xét tuyển không?
 ","Chiến sĩ thi đua toàn quốc được cộng 1,5 điểm vào tổng điểm xét tuyển.
 ",,,
"Thí sinh đạt giải Nhất kỳ thi học sinh giỏi quốc gia được cộng bao nhiêu điểm?
  ","Thí sinh đạt giải Nhất được cộng 2 điểm vào tổng điểm xét tuyển.
  ",,,
" Phí xét tuyển theo phương thức tuyển sinh riêng là bao nhiêu?
   ","30.000 đồng/nguyện vọng theo đề án tuyển sinh của trường.
 ",,,
"Phí xét tuyển theo kết quả thi tốt nghiệp THPT là bao nhiêu?
    ","Thực hiện theo quy định hiện hành của Bộ GDĐT.
  ",,,
"Phí xét tuyển theo kết quả học tập THPT (học bạ) là bao nhiêu?
    ","Thực hiện theo Quy định của Đại học Đà Nẵng (Quyết định số 735/QĐ-ĐHĐN ngày 22/02/2024).
  ",,,
"Phí xét tuyển theo kết quả thi đánh giá năng lực do đại học quốc gia TpHCM tổ chức là bao nhiêu?
    ","Thực hiện theo Quy định của Đại học Đà Nẵng (Quyết định số 735/QĐ-ĐHĐN ngày 22/02/2024).
  ",,,
"Phí xét tuyển theo kết quả thi đánh giá tư duy do Đại học Bách khoa Hà Nội tổ chức là bao nhiêu?
  ","Theo quy định của Đại học Bách khoa Hà Nội.
",,,
"Phí dự thi năng khiếu môn 'Vẽ mỹ thuật' là bao nhiêu?
    ",400.000 đồng/hồ sơ.,,,
" Phí xét tuyển có hoàn lại không nếu thí sinh không trúng tuyển?
   ","phí xét tuyển không hoàn lại nếu thí sinh không trúng tuyển.
 ",,,
" Thí sinh có thể đóng phí xét tuyển online không?
    ","Thí sinh có thể đóng phí xét tuyển online theo hướng dẫn của trường.
 ",,,
"Phí xét tuyển có thay đổi theo từng năm không?
    ","Phí xét tuyển có thể thay đổi theo quy định của Bộ GDĐT và trường.
  ",,,
"Phí thi năng khiếu có áp dụng cho tất cả các ngành không?
    ","Phí thi năng khiếu chỉ áp dụng cho ngành có môn thi năng khiếu.
 ",,,
"Phí xét tuyển có được miễn cho thí sinh đoạt giải quốc gia không?
   ", Phí xét tuyển phải nộp khi đăng ký.,,,
"Việc CSĐT thực hiện các cam kết đối với thí sinh giải quyết khiếu nại, bảo vệ quyền lợi chính đáng của thí sinh trong những trường hợp rủi ro
   ","Nhà trường cam kết bảo vệ quyền lợi chính đáng của thí sinh trong những trường hợp rủi ro (nếu có) theo pháp luật hiện hành của Nhà nước, theo Quy chế tuyển sinh của Bộ GDĐT và của Nhà trường.
 ",,,
"Tổng nguồn thu hợp pháp/năm của trường
    ","Tổng nguồn thu hợp pháp năm 2023 của Trường là 252 tỷ đồng.
 ",,,
" Tổng chi phí đào tạo trung bình 1 sinh viên/năm của năm liền trước năm tuyển sinh
  ","Tổng chi phí đào tạo trung bình 1 sinh viên/năm của năm liền trước năm tuyển sinh là 23.000.000 đồng
  ",,,
"Chương trình đào tạo của Trường Đại học Bách khoa, Đại học Đà Nẵng được xây dựng theo đơn vị nào?
   ", Chương trình đào tạo được xây dựng theo đơn vị tín chỉ,,,
 Chương trình đào tạo của trường bao gồm những loại học phần nào?,Gồm các học phần bắt buộc và học phần tự chọn.,,,
Chương trình đào tạo của trường phải đáp ứng những quy định nào?, Phải đáp ứng quy định của Bộ GDĐT và của Trường,,,
Điều kiện xét và công nhận tốt nghiệp,"Sinh viên được trường xét và công nhận tốt nghiệp khi có đủ các điều kiện sau:

Cho đến thời điểm xét tốt nghiệp không bị truy cứu trách nhiệm hình sự hoặc không đang trong thời gian bị kỷ luật ở mức đình chỉ học tập;
Tích lũy đủ số học phần và khối lượng của chương trình đào tạo.
Điểm trung bình chung tích lũy của toàn khóa học đạt từ 2,00 trở lên và đạt chuẩn đầu ra, năng lực đầu ra theo quy định của CTĐT.
Đạt chứng chỉ ngoại ngữ quốc tế bậc 3/6 khung năng lực ngoại ngữ của Việt Nam hoặc tương đương.
Đạt chứng nhận hoàn thành chương trình tin học.
Đạt chứng nhận hoàn thành chương trình Giáo dục khai phóng;
Có chứng chỉ giáo dục quốc phòng – an ninh và hoàn thành học phần giáo dục thể chất.",,,
CTĐT của ngành đào tạo song ngành phải thể hiện điều gì?,Phải thể hiện đủ thông tin của từng ngành.,,,
Sinh viên được chọn giữa chương trình đào tạo cử nhân và kỹ sư vào thời điểm nào?,Vào giữa học kỳ thứ 4.,,,
 Ngành Kiến trúc đào tạo theo hình thức nào?,Chỉ đào tạo chuyên sâu đặc thù (cấp bằng kiến trúc sư).,,,
Nhà trường có chính sách khen thưởng tuyển sinh không?,"Nhà trường có chính sách khen thưởng tuyển sinh, nhằm khuyến khích sinh viên có kết quả đầu vào xuất sắc.
  ",,,
"Mức thưởng dành cho sinh viên thủ khoa toàn trường là bao nhiêu?
","Mức thưởng dành cho sinh viên thủ khoa toàn trường là 40 triệu đồng.
",,,
"Sinh viên đạt giải trong cuộc thi học sinh giỏi quốc gia, quốc tế được thưởng bao nhiêu?
",20 triệu đồng cho mỗi sinh viên đạt giải.,,,
Mức thưởng dành cho sinh viên thủ khoa mỗi ngành là bao nhiêu?,Mức thưởng dành cho sinh viên thủ khoa mỗi ngành là 10 triệu đồng.,,,
"Nếu có nhiều sinh viên cùng điểm xét tuyển, tiêu chí nào sẽ được ưu tiên?",Thứ tự ưu tiên của tổ hợp xét tuyển và kết quả học 3 năm THPT.,,,
 Sinh viên nhận khen thưởng tuyển sinh có điều kiện gì?,Phải cam kết học tập toàn khóa tại Trường Đại học Bách khoa.,,,
"Nếu vi phạm cam kết học tập, sinh viên phải làm gì?", Phải bồi hoàn lại kinh phí khen thưởng.,,,
Học bổng khuyến học được xét dựa trên tiêu chí nào?,Dựa trên kết quả học tập và điểm rèn luyện.,,,
Học bổng khuyến học được xét theo quy định nào?,"Theo Quy định về xét, cấp học bổng và hỗ trợ chi phí học tập hiện hành của Trường.",,,
Sinh viên có thể thay đổi lựa chọn giữa chương trình đào tạo cử nhân và kỹ sư không?,"Sinh viên có thể thay đổi lựa chọn giữa chương trình đào tạo cử nhân và kỹ sư, vào giữa học kỳ thứ 4.",,,
Chương trình đào tạo có yêu cầu gì về nội dung?,Phải công bố đầy đủ thông tin để sinh viên biết và lựa chọn.,,,
 Sinh viên được hỗ trợ như thế nào khi thuộc diện hộ nghèo?,Được trợ cấp xã hội theo tháng/học kỳ và ưu tiên xét học bổng tài trợ.,,,
Sinh viên được miễn giảm học phí theo quy định nào?, Theo quy định của Nhà nước.,,,
Chính sách học bổng khuyến học,"Sau mỗi học kỳ, căn cứ trên kết quả học tập và điểm rèn luyện, sinh viên sẽ được xét nhận học bổng khuyến học theo Quy định về xét, cấp học bổng và hỗ trợ chi phí học tập cho sinh viên đại học chính quy theo quy định hiện hành của Trường.
  ",,,
Chính sách miễn giảm học phí,"Trường thực hiện chính sách miễn giảm học phí cho sinh viên thuộc diện được hưởng theo quy định của Nhà nước
  ",,,
"Đối tượng, điều kiện tuyển sinh","Thí sinh có bằng tốt nghiệp cao đẳng hệ chính quy ngành phù hợp với ngành đăng ký xét tuyển và đảm bảo các điều kiện khác theo Quy chế tuyển sinh hiện hành.
 ",,,
Phạm vi tuyển sinh,Trong cả nước,,,
 Học phí dự kiến với sinh viên; lộ trình tăng học phí tối đa cho từng năm (nếu có),"Học phí Năm học 2024-2025 có mức thu học phí được xác định 1,5 lần mức học phí của chương trình đại trà khoá tuyển sinh năm 2024. Mức học phí của các năm còn lại tăng theo lộ trình do Nhà nước quy định.
  ",,,
Tổng diện tích của trường là bao nhiêu," Tổng diện tích của trường là 22,9554 hecta. Tổng diện tích sàn xây dựng phục vụ đào tạo, nghiên cứu khoa học của trường 50.866 m2, bao gồm Hội trường, giảng đường, phòng học các loại, phòng đa năng, phòng làm việc của giáo sư, phó giáo sư, giảng viên cơ hữu 27.710 m2; các Trung tâm nghiên cứu, phòng thí nghiệm, thực nghiệm, cơ sở thực hành, thực tập, luyện tập 18.717 m2; Trung tâm tư liệu 5.040m2.
 ",,,
 Số chỗ ở ký túc xá của trường,"Số chỗ ở ký túc xá sinh viên của Trường là 324 phòng, với diện tích 14.636 m2. Số chỗ ở ký túc xá sinh viên của cơ sở ký túc xá thành phố Đà Nẵng tại Hòa Khánh (cách Trường 1 km) dành riêng cho sinh viên Trường Đại học Bách khoa 2.000 chỗ trong tổng số 5.000.",,,
mục tiêu đào tạo ngành trí tuệ nhân tạo,"Mục tiêu đào tạo
2.1.Mục tiêu chung
Chương trình đào tạo ngành Trí tuệ nhân tạo của chúng tôi nhằm mục tiêu phát triển sinh viên thành những cá nhân với phẩm chất cao, đạo đức nghề nghiệp và sức khỏe tốt. Chương trình cung cấp cho sinh viên kiến thức nền tảng và chuyên sâu về Trí tuệ nhân tạo cùng thiết kế IC và hệ thống nhúng thông minh. Để phát triển bản thân và thích ứng với yêu cầu công việc chuyên môn trong giai đoạn chuyển đổi số và hội nhập quốc tế, sinh viên còn được rèn luyện tư duy độc lập, năng lực nghiên cứu và ngoại ngữ.

 

Nhằm đáp ứng nhu cầu của thị trường lao động trong bối cảnh toàn cầu hóa và công nghệ tiên tiến, chương trình đã được cải tiến bao gồm hai chuyên ngành chính: Thiết kế IC và Hệ thống nhúng thông minh, và Trí tuệ nhân tạo trong điều khiển. Sinh viên sẽ được trang bị kiến thức chuyên sâu không chỉ về Trí tuệ nhân tạo mà còn về thiết kế vi mạch và ứng dụng của trí tuệ nhân tạo trong các lĩnh vực như xe tự hành, xử lý ảnh công nghiệp, robot, camera an ninh và hệ thống giao thông thông minh.

 

Chương trình cũng hợp tác với Đại học Minh Tân trong mô hình đào tạo 2+2, cho phép sinh viên học hai năm đầu về thiết kế vi mạch theo định hướng của Đại học Minh Tân. Sinh viên tốt nghiệp từ chương trình này sẽ có năng lực thực hiện các nghiệp vụ chuyên sâu về Trí tuệ nhân tạo và thiết kế IC hệ thống nhúng thông minh, có thể làm việc hiệu quả ở các tổ chức trong và ngoài nước. Năng lực cốt lõi bao gồm hình thành ý tưởng, thiết kế, triển khai và vận hành các hệ thống, cũng như đánh giá chất lượng của chúng.

2.2.Mục tiêu cụ thể

a)Kiến thức
- Có đạo đức, trách nhiệm nghề nghiệp và ý thức phục vụ cộng đồng

- Có năng lực ngoại ngữ  hội nhập giao tiếp và làm việc quốc tế

- Có kiến thức cơ sở chuyên môn vững chắc để đáp ứng tốt các công việc khác nhau trong nhiều lĩnh vực của ngành ngành Trí tuệ nhân tạo.

- Có khả năng áp dụng kiến thức chuyên sâu và tiên tiến về lĩnh vực trí tuệ nhân tạo để giải quyết các bài toán phân tích dữ liệu, dự báo.

- Có khả năng khởi nghiệp với những ý tưởng sáng tạo về TTNT, hay học tập nghiên cứu ở bậc sau đại học để trở thành chuyên gia cao cấp về TTNT.


b) Kỹ năng
Có các kỹ năng cần thiết của thế kỷ 21 và kỹ năng chuyên môn nghề nghiệp để thực hiện được các công việc trong lĩnh vực Trí tuệ nhân tạo.

c) Mức tự chủ và trách nhiệm
Có khả năng tự chủ và chịu trách nhiệm trong các hoạt động chuyên môn. Đồng thời có ý thức tuân thủ văn hoá tổ chức và đạo đức nghề nghiệp, có tinh thần trách nhiệm phục vụ cộng đồng.",,,
cơ hội nghề nghiệp khi học ngành trí tuệ nhân tạo,"Cơ hội nghề nghiệp
* SV ngành trí tuệ nhân tạo đảm nhận việc làm tại các vị trí sau:

1. Kỹ sư về dữ liệu (Data Engineer);

2. Kỹ sư học máy (Machine Learning Engineer);

3. Kỹ sư về thị giác máy tính (Computer Vision Engineer);

4. Kỹ sư về dữ liệu lớn (Big Data Engineer);

5. Kỹ sư về trí tuệ nhân tạo (Artificial Intelligence Engineer);

6. Kỹ sư thiết kế phần mềm (Software Design Engineer);

7. Kỹ sư giải pháp kỹ thuật (Solution Architecture Engineer);

8. Kỹ sư phân tích nghiệp vụ (Business Analytics Engineer);

9. Kỹ sư thiết kế IC (Integrated Circuit Design Engineer);

10. Kỹ sư kiểm thử IC (Integrated Circuit Tester Engineer);

11. Kỹ sư đóng gói (Integrated Circuit Packaging Engineer);

* SV ngành Trí tuệ nhân tạo có cơ hội học lên trình độ cao hơn:

Sau khi tốt nghiệp và làm việc tại DN, người học có thể tiếp tục học tập ở trình độ cao hơn là thạc sĩ, tiến sĩ trong nước hoặc nước ngoài, nhằm đáp ứng nhu cầu nghiên cứu, phát triển bản thân.",,,
GIỚI THIỆU NGÀNH ngành công nghệ thông tin (CNTT),"GIỚI THIỆU NGÀNH
Công nghệ thông tin là gì?

Công nghệ thông tin là một lĩnh vực rộng lớn bao gồm việc sử dụng các hệ thống máy tính, phần mềm và mạng để thu thập, lưu trữ, xử lý và truyền tải thông tin. Hiện nay, ngành công nghệ thông tin là một trong những ngành đóng vai trò rất quan trọng trong sự phát triển của xã hội, xuất hiện hầu hết các khía cạnh của cuộc sống hiện nay từ kinh doanh, giáo dục, y tế cho đến giải trí…

Trong khi Công nghệ thông tin là một lĩnh vực rộng lớn, chuyên ngành Công nghệ phần mềm là một nhánh chuyên sâu, tập trung vào việc phát triển và duy trì các phần mềm chất lượng cao. Đối với chuyên ngành Công nghệ phần mềm sẽ trang bị những kiến thức chuyên sâu như phân tích, thiết kế, phát triển, kiểm thử và triển khai được các hệ thống phần mềm và phát triển được các phần mềm và ứng dụng có tích hợp công nghệ mới (IoT, Blockchain, AI)… Đây cũng là một trong những chuyên ngành học được ưu tiên hàng đầu trong giai đoạn Chuyển đổi số hiện nay.

Các xu hướng CNTT nổi bật hiện nay:

- Trí tuệ nhân tạo (AI): là lĩnh vực nghiên cứu và phát triển các hệ thống máy tính có khả năng thực hiện các nhiệm vụ đòi hỏi trí tuệ con người, chẳng hạn như nhận diện giọng nói, học tập, lập luận và giải quyết vấn đề. AI đang được áp dụng rộng rãi trong nhiều lĩnh vực như y tế, tài chính, và dịch vụ khách hàng, giúp tự động hóa quy trình và đưa ra các dự đoán chính xác hơn, các hệ thống AI tiên tiến có khả năng học hỏi và tự cải thiện, cung cấp các giải pháp thông minh hơn và hiệu quả hơn.

- Internet of Things (IoT):là mạng lưới các thiết bị vật lý được kết nối với internet, có khả năng thu thập và trao đổi dữ liệu với nhau. Các thiết bị này bao gồm từ đồ gia dụng thông minh như tủ lạnh và đèn, đến các thiết bị công nghiệp như cảm biến và máy móc. IoT cho phép tự động hóa và tối ưu hóa quy trình trong nhiều lĩnh vực như nhà thông minh, thành phố thông minh và quản lý chuỗi cung ứng.

- Blockchain và tiền mã hóa: là một công nghệ lưu trữ và truyền tải dữ liệu phi tập trung, sử dụng các khối thông tin liên kết với nhau theo thời gian. Mỗi khối chứa một bản ghi dữ liệu và được bảo mật bằng các phương thức mã hóa. Blockchain không chỉ giới hạn trong lĩnh vực tiền mã hóa mà còn được áp dụng trong các lĩnh vực khác như chuỗi cung ứng, y tế, và quản lý tài sản. Công nghệ này mang lại tính minh bạch và bảo mật cao.

- Điện toán đám mây (Cloud computing): là mô hình cung cấp tài nguyên tính toán qua internet, bao gồm máy chủ, lưu trữ, cơ sở dữ liệu, mạng và phần mềm. Thay vì phải đầu tư vào cơ sở hạ tầng công nghệ thông tin tốn kém, các doanh nghiệp có thể thuê dịch vụ từ các nhà cung cấp đám mây như Amazon Web Services (AWS), Microsoft Azure và Google Cloud. Điện toán đám mây giúp tiết kiệm chi phí, linh hoạt hơn trong việc mở rộng và tăng cường khả năng phục hồi.

Các chuyên môn trong ngành:
- Công nghệ phần mềm:

+ Phân tích và thiết kế phần mềm;

+ Phát triển và kiểm thử phần mềm;

+ Triển khai, vận hành và bảo dưỡng phần mềm.

- Phát triển phần mềm tích hợp công nghệ mới: 

+ Phần mềm tích hợp Trí tuệ nhân tạo (AI);

+ Phần mềm tích hợp Internet vạn vật (IoT);          

+ Phần mềm tích hợp Chuỗi khối (Blockchain).

- Triển khai và quản trị hệ thống: 

+ Điện toán đám mây (Cloud Computing);",,,
co hội nghề nghiệp ngành công nghệ thông tin,"Cơ hội nghề nghiệp
Sinh viên sau khi tốt nghiệp có thể phụ trách được các vị trí công việc sau:

- Kỹ sư phân tích và thiết kế hệ thống công nghệ thông tin;

- Kỹ sư phát triển sản phẩm công nghệ thông tin;

- Chuyên viên quản trị mạng (Network Administrator);

- Chuyên viên kiểm thử phần mềm ở các tổ chức, DN CNTT trong nước và các DN CNTT có vốn đầu tư nước ngoài;

- Chuyên viên quản trị dự án công nghệ phần mềm ở các tổ chức, DN CNTT trong nước và các DN CNTT có vốn đầu tư nước ngoài;

Đối với sinh viên chọn Học máy và ứng dụng sẽ làm việc tại vị trí:

- Kỹ sư phát triển sản phẩm học máy;

Đối với sinh viên chọn Blockchain sẽ làm việc tại vị trí:

- Kỹ sư phát triển sản phẩm Chuỗi khối (Blockchain);

Đối với sinh viên chọn Internet of Thing  sẽ làm việc tại vị trí:

- Kỹ sư phát triển sản phẩm Internet of Thing ;

Đối với sinh viên chọn Điện toán đám mây sẽ làm việc tại vị trí:

- Kỹ sư Điện toán đám mây.",,,
mục tiêu đào tạo ngành công nghệ thông tin,"mục tiêu đào tạo:
- Thể hiện được ý thức tuân thủ văn hóa tổ chức và đạo đức nghề nghiệp, tinh thần trách nhiệm phục vụ cộng đồng
- Thể hiện được khả năng tự chủ và chịu trách nhiệm trong các hoạt động chuyên môn
- Vận dụng được các kiến thức nền tảng và chuyên sâu trong lĩnh vực CNTT
- Người tốt nghiệp có năng lực nghề nghiệp chuyên nghiệp trong lĩnh vực phát triển sản phẩm CNTT
- Trở thành giám đốc kỹ thuật, giám đốc CNTT (CIO) trong các doanh nghiệp CNTT trong và ngoài nước",,,
mục tiêu đào tạo ngành kỹ thuật máy tính,"Mục tiêu của chương trình đào tạo
- Thể hiện được ý thức tuân thủ văn hóa tổ chức và đạo đức nghề nghiệp, tinh thần trách nhiệm phục vụ cộng đồng.

- Thể hiện được khả năng tự chủ và chịu trách nhiệm trong các hoạt động chuyên môn.

- Có năng lực nghề nghiệp chuyên nghiệp trong lĩnh vực phát triển hệ thống nhúng và hệthống IoT (Internet of Things).

- Trở thành giám đốc kỹ thuật (CTO – Chief Technology Officer) trong các doanh nghiệp sản xuất phần cứng và phần mềm nhúng trong và ngoài nước.",,,
quá trình đào tạo,"ban muốn biết gì về quá trình đào tạo? Ví dụ như quá trình đào tạo của ngành kỹ thuật máy tính, quá trình đào tạo ngành công nghệ thực phẩm…",,,
cơ hội nghề nghiệp ngành khoa học máy tinh,"Cơ hội nghề nghiệp
Sinh viên có khả năng trở thành các chuyên gia về:

- Thiết kế và phát triển hệ thống nhúng 

- Triển khai và vận hành hệ thống IoT (Smart City, Smart Home, Smart Agriculture,...) 

- Phát triển các ứng dụng IoT trên nền tảng Web và Mobile App 

- Phát triển các sản phẩm phần mềm tích hợp IoT và trí tuệ nhân tạo ",,,
cơ hội việc làm ngành công nghệ kỹ thuật (cnkt) oto,"Cơ hội việc làm

4.1. Cơ hội việc làm Sinh viên ngành Công nghệ kỹ thuật ô tô tốt nghiệp đảm nhận làm việc tại các vị trí sau:

a.    Kỹ sư trưởng quản lý các dự án và tổ chức sản xuất trong các nhà máy lắp ráp ô tô;

b.    Kỹ sư trưởng thiết kế và lập các dự án gara, trung tâm bảo hành và nhà máy sản xuất ô tô;

c.    Giám đốc quản lý gara tư nhân tại các địa phương nơi cư trú;

d.    Trưởng phòng kinh doanh thiết bị và phụ tùng xe ô tô tại các công ty;

e.    Quản lý phương tiện người lái, Trung tâm đăng kiểm xe ô tô thuộc Sở Giao thông vận tải;

f.     Giảng viên tại các cơ sở đào tạo về Ô tô bậc trung cấp, cao đẳng và đại học;

4.2. Cơ hội học lên trình độ cao hơn:  Sau khi tốt nghiệp và làm việc tại DN, người học có thể tiếp tục học tập ở trình độ cao hơn là thạc sĩ, tiến sĩ trong nước hoặc nước Cơ hội việc làm

4.1. Cơ hội việc làm Sinh viên ngành Công nghệ kỹ thuật ô tô tốt nghiệp đảm nhận làm việc tại các vị trí sau:

a.    Kỹ sư trưởng quản lý các dự án và tổ chức sản xuất trong các nhà máy lắp ráp ô tô;

b.    Kỹ sư trưởng thiết kế và lập các dự án gara, trung tâm bảo hành và nhà máy sản xuất ô tô;

c.    Giám đốc quản lý gara tư nhân tại các địa phương nơi cư trú;

d.    Trưởng phòng kinh doanh thiết bị và phụ tùng xe ô tô tại các công ty;

e.    Quản lý phương tiện người lái, Trung tâm đăng kiểm xe ô tô thuộc Sở Giao thông vận tải;

f.     Giảng viên tại các cơ sở đào tạo về Ô tô bậc trung cấp, cao đẳng và đại học;

4.2. Cơ hội học lên trình độ cao hơn:  Sau khi tốt nghiệp và làm việc tại DN, người học có thể tiếp tục học tập ở trình độ cao hơn là thạc sĩ, tiến sĩ trong nước hoặc nước ngoài, nhằm đáp ứng nhu cầu nghiên cứu, phát triển bản thân.

 

 ",,,
CÁC CÂU LẠC BỘ SINH VIÊN,"1. ĐỘI CÔNG TÁC XÃ HỘI - ĐẠI HỌC BÁCH KHOA - ĐHĐN
2. ĐỘI CÔNG TÁC XÃ HỘI – KHOA QUẢN LÝ DỰ ÁN
3. CÂU LẠC BỘ BK DANCING:
4. CÂU LẠC BỘ MÔI TRƯỜNG TRƯỜNG ĐẠI HỌC BÁCH KHOA, ĐHĐN:
5. ĐỘI XUNG KÍCH KHOA ĐIỆN 
6. CLB SÁO TRÚC BÁCH KHOA ĐÀ NẴNG
7. CLB NỮ SINH BÁCH KHOA:
8. CÂU LẠC BỘ CÔNG NGHỆ THỰC PHẨM
9. CLB KỸ NĂNG MỀM ĐÀ NẴNG SCLUB:
10. CLB BK MEDIA - CLB TRUYỀN THÔNG SINH VIÊN BÁCH KHOA
11. CLB TÀI NĂNG SINH VIÊN BKSTAR:
12.  DIỄN ĐÀN SINH VIÊN ĐÀ NẴNG 
13. CÂU LẠC BỘ TIẾNG ANH HUGO ENGLISH CLUB
",,,
1. ĐỘI CÔNG TÁC XÃ HỘI - ĐẠI HỌC BÁCH KHOA - ĐHĐN,"Đội CTXH là nơi mang đến những chương trình tình nguyện ý nghĩa và trau dồi nhiều kỹ năng cho sinh viên. Với tôn chỉ “Yêu thương cho đi là yêu thương còn mãi” Đội luôn cố gắng mang lại nhiều chương trình ý nghĩa và nhân văn cho tất cả thành viên tham gia Đội và mọi người.
Với các chương trình: Dạy học ở Trường Chuyên biệt Nguyễn Đình Chiểu, Trung Thu Cho em, Ngày Hạnh Phúc, Xuân Tình Nguyện, Hè Yêu Thương, Hành Trình Khám Phá, Hành Trình Xanh, Gây quỹ, Hiến máu nhân đạo,..
Fanpage Đội: https://www.facebook.com/ctxhbkdn
Group Đội: https://www.facebook.com/groups/dctxhbkdn",,,
2. ĐỘI CÔNG TÁC XÃ HỘI – KHOA QUẢN LÝ DỰ ÁN:,"Thành lập Đội : 21/07/2007. Các hoạt động Đội: Tuyển thành viên, Hoạt động tình nguyện, Hoạt động giao lưu, Sinh hoạt Đội, Hoạt động phát triển kỹ năng mềm, Hoạt động gây quỹ, Tình nguyện xa,...
Facebook: https://www.facebook.com/congtacxahoi.QLDA.DUT
Email: ctxhquanliduandhbk@gmail.com",,,
3. CÂU LẠC BỘ BK DANCING:,"Thành lập vào ngày 6-1-2010. Với tiền thân là TS09 Crew và DoBKen Crew, hiện nay là BK-Dancing. CLB đã trải qua hơn 10 năm xây dựng và phát triển. Với mục đích tạo ra sân chơi cho các bạn yêu thích nhảy trong trường đại học Bách khoa nói riêng và thành phố Đà Nẵng nói chung trên tinh thần giao lưu, học hỏi và tôn trọng lẫn nhau.
FB: https://www.facebook.com/bkdancing
Email: bkdancing2010@gmail.com",,,
"4. CÂU LẠC BỘ MÔI TRƯỜNG TRƯỜNG ĐẠI HỌC BÁCH KHOA, ĐHĐN:","Câu lạc bộ Môi trường (DUTEC) là CLB quy tụ các bạn trẻ nhiệt tình, năng động, yêu môi trường và có mong muốn tham gia các hoạt động xã hội. Trải qua 13 năm thành lập, CLB đã và đang mang lại nhiều điều mà các bạn sinh viên mong muốn đó là có một môi trường hoạt động vui vẻ, có thêm nhiều người bạn mới, có được các kỹ năng mềm và được cống hiến sức trẻ cho xã hội.
Facebook: https://www.facebook.com/CLBMoitruongBKDN",,,
5. ĐỘI XUNG KÍCH KHOA ĐIỆN ,"Đội Xung Kích Khoa Điện được thành lập vào ngày 19 tháng 05 năm 2012. 
     Đội là nơi để các sinh viên Khoa Điện giao lưu, làm quen, vui chơi, cải thiện kĩ năng sống, tham gia các hoạt động vui chơi, tình nguyện thường niên của đội như: Halloween; Tình nguyện xuân; tổ chức 20/10,8/3 cho các bạn nữ đáng yêu của Đội; hoạt động Team Building; Trại bay; sinh nhật đội và các hoạt động khác…
     Ngoài ra, Đội xung kích Khoa Điện liên kết với 3 CLB: CLB BK Media – ĐHBK; CLB Viết chữ đẹp – ĐHSP; CLB Aerobic SYL – ĐHSP.
Fanpage: https://www.facebook.com/xungkichkhoadien",,,
6. CLB SÁO TRÚC BÁCH KHOA ĐÀ NẴNG,"CLB sáo trúc Bách Khoa Đà Nẵng được thành lập năm 2018 và đã hoạt động được 3 năm. Trong thời gian này clb đã có những tiết mục văn nghệ đặc sắc cho các sự kiện của trường cũng như hội sinh viên. Ngoài ra clb còn nhiều sự kiện nội bộ hấp dẫn như cắm trại, giao lưu gặp mặt các idol sáo trúc nổi tiếng, phát người yêu….
Facebook:https://www.facebook.com/dutbamboofluteclub",,,
7. CLB NỮ SINH BÁCH KHOA:,"Câu lạc bộ Nữ Sinh Bách Khoa được thành lập vào năm 2018.
Là nơi gặp gỡ, giao lưu và hỗ trợ lẫn nhau giữa các nữ sinh DUT.
Trong quá trình hoạt động các thành viên sáng lập quyết định chọn ngày 20/10 là ngày thành lập “Câu lạc bộ Nữ sinh Bách Khoa”. CLB thành lập với mục đích thay đổi cách nhìn của xã hội về nữ sinh trong các trường đại học kỹ thuật, thu hút ngày càng nhiều sinh viên nữ vào trường Đại học Bách Khoa – Đại học Đà Nẵng.
Hai năm vừa qua không phải quá dài nhưng cũng là sự phấn đấu hết mình của đội ngũ sáng lập, các thành viên CLB – là các bạn nữ DUT luôn cố gắng xây dựng những nội dung, chương trình để hỗ trợ các bạn nữ như “Nữ sinh Bách Khoa với kỷ nguyên số”, “Thiết kế nghề nghiệp”,.. 
Fanpage: https://www.facebook.com/nusinhbachkhoa 
Gmail: gdutclub@gmail.com",,,
8. CÂU LẠC BỘ CÔNG NGHỆ THỰC PHẨM,"-     Câu lạc bộ Công nghệ thực phẩm được thành lập vào ngày 09/01/2021 với tiền thân là Liên minh Công nghệ Thực phẩm đã trải qua 5 năm xây dựng và trưởng thành. 
-  Là nơi quy tụ của các sinh viên thuộc ngành Công nghệ Thực phẩm - Trường Đại học Bách khoa Đà Nẵng và những bạn sinh viên quan tâm đến thực phẩm. CLB không chỉ là nơi các bạn sinh viên giao lưu, chia sẻ các kỹ năng, những kiến thức học tập, vui chơi mà còn có những hoạt động tình nguyện mang tính cộng đồng. Ngoài ra, CLB còn hỗ trợ các sinh viên về học thuật, chia sẻ kinh nghiệm, giúp sinh viên làm quen, học tập tốt hơn ở môi trường đại học.
-     Trong năm vừa qua, CLB đã tổ chức thành công một số hoạt động như: “ Xuân tình nguyện”, “ Noel ấm áp”, “ Sản sẻ yêu thương”, Teambuilding “ Sống trọn khoảnh khắc”, “ Chào đón Tân sinh viên”, …
-         Fanpage CLB: https://www.facebook.com/clb.cntp.dut
-        Email CLB: lmcntp.bkdn@gmail.com
-        Nhật kí hoạt động : https://cntpdut.blogspot.com",,,
CLB Khởi nghiệp,"1. Tầm nhìn

Dự án khởi nghiệp đã và đang rất phổ biến của nhiều nước trên thế giới, và cũng là mục tiêu mà nhiều tổ chức đặt lên hàng đầu nhằm phát huy sự sáng tạo, mạnh mẽ, năng động đến từ tầng lớp tri thức trẻ là sinh viên. Năm 2016, Chính phủ Việt Nam chọn là năm quốc gia khởi nghiệp, nhiều bạn trẻ đã rất phát huy được khả năng, năng lực của mình đem đến nhiều thành công. Các bạn sinh viên nói chung và các bạn sinh viên của Đại học Đông Á nói riêng thật sự rất năng động, sôi nổi, năng nổ để phát huy bản thân hòa nhập với thế giới.



2. Sứ mệnh

Tạo sân chơi để SV có thể học hỏi, giao lưu, phát huy các mặt tích cực của SV.
Tạo cơ hội SV học hỏi trao dồi Tiếng Anh, kiến thức về văn hóa xã hội, khoa học kỹ thuật, các lĩnh vực học thuật khác.
Phát huy năng lực bản thân, trách nhiệm xã hội, dám làm, dám chịu và dám dấng thân.
3. Mục đích

Phát triển kỹ năng trong sinh viên
Phát huy sự sáng tạo, năng động trong sinh viên
Phát triển thái độ của sinh viên đối với cộng đồng
5. Cách thức tổ chức

1. Hoạt động chính thường xuyên



Mỗi buổi sinh hoạt đều gắn liền với một chủ đề. Chủ đề có thể do Ban Chủ Nhiệm CLB lựa chọn từ ý kiến đề xuất của thành viên, sinh viên hoặc do Ban Chủ Nhiệm CLB đề xuất.
CLB hoạt động theo hình thức làm việc nhóm là chính nên sinh viên tham gia sẽ chia nhóm.
CLB thu thập thông tin về những đề tài mà SV quan tâm, cùng với các đề tài nóng bỏng của đất nước và thế giới để làm chủ đề cho các buổi sinh hoạt.
Tổ chức các buổi nói chuyện chuyên đề nhằm tạo sự chủ động trong giao tiếp. Trong các buổi nói chuyện chuyên đề, diễn giả có thể là giảng viên của trường, hoặc từ các tổ chức kinh tế, hoặc người nước ngoài nhằm tăng tính thực tiễn của vấn đề và rèn luyện kỹ năng nghe, nói Tiếng Anh
Tổ chức thi ý tưởng sáng tạo
Tổ chức báo cáo chuyên đề tiếng Anh để sinh viên phát triển kỹ năng viết, trình bày báo cáo, phát triển kỹ năng phát biểu tại hội thảo, hội nghị.
Thông tin tìm kiếm học bổng, việc làm cho thành viên đăng ký.
2. Các hoạt động thường kỳ

Tổ chức các buổi dã ngoại trong và ngoài nước, tham gia các hoạt động tình nguyện để sinh viên có cơ hội giao lưu và du lịch khám phá.
Tổ chức Lễ New Year, Halloween, Valentine, Teachers’ Day.
Tổ chức thi văn nghệ hát bằng tiếng Anh, các buổi dạ hội hóa trang, các cuộc thi hùng biện, người dẫn chương trình.
Giao lưu định kỳ với các CLB khởi nghiệp trên địa bàn thành phố
Xây dựng tủ sách tiếng Anh của chính CLB.
Theo ThS. Lương Minh Sâm, Phó Hiệu trưởng ĐH Đông Á, nhà trường luôn đồng hành tạo môi trường đa dạng cho hoạt động nghiên cứu khoa học (NCKH), khởi nghiệp của sinh viên, bởi đây chính là danh dự, giá trị, sự khác biệt của sinh viên trong giai đoạn CMCN 4.0.

""Sân chơi NCKH sinh viên ngày càng thú vị, đầy sắc màu, trong đó là cả câu chuyện nỗ lực phát triển các đề tài NCKH không chỉ dừng lại ở một nghiên cứu ứng dụng mà còn mang tính sáng tạo khởi nghiệp cao và sự liên kết chặt chẽ của mô hình Nhà trường - Sinh viên - Doanh nghiệp trong phát triển và thương mại hóa các sản phẩm ứng dụng, các dự án khởi nghiệp,..."", ThS. Lương Minh Sâm chia sẻ.

Được biết, từ 63 đề tài nghiên cứu ứng dụng được đăng ký và triển khai, 38 đề tài chất lượng được đề cử tham gia tranh tài ở Cuộc thi sinh viên NCKH và sáng tạo khởi nghiệp 2019 ở hai hình thức trình bày gồm: 10 đề tài báo cáo oral, 28 đề tài trình bày poster. Năm học 2018-2019, 7 dự án khởi nghiệp và NCKH của sinh viên các ngành góp mặt tại các cuộc thi khởi nghiệp SV các cấp. Trường cũng triển khai 7 đề tài NCKH và đưa sản phẩm ra thị trường trong thời gian tới.

Sinh viên Câu lạc bộ Nghiên cứu Khoa học Đại học Đông Á thực sự rất năng động và khác biệt, Câu lạc bộ luôn đón chào tất cả các bạn với những ý tưởng mới cùng sự thành công mới.

Hãy đến cùng tham gia trở thành thành viên của CLB Khởi nghiệp và là một phần không thể thiếu của CLB cũng như ngôi trường Đại học Đông Á thân yêu của chúng ta nhé.",,,
9. CLB KỸ NĂNG MỀM ĐÀ NẴNG SCLUB:,"SClub là một môi trường lành mạnh, gần gũi, đầy năng động, là nơi mà tất cả thành viên phát triển và hoàn thiện bản thân, đặc biệt là về những kỹ năng mềm.
Link fanpage: https://www.facebook.com/kynangmemsclub
Email: kynangmemsclub.dn@gmail.com",,,
10. CLB BK MEDIA - CLB TRUYỀN THÔNG SINH VIÊN BÁCH KHOA,"CLB BK MEDIA - CLB truyền thông sinh viên Bách Khoa là 1 mảnh ghép trong 18 CLB/ Đội/ Nhóm trực thuộc HSV trường ĐH Bách Khoa. Dưới mái nhà chung Bách Khoa, chúng mình cùng sinh hoạt và hoàn thiện giúp đỡ lẫn nhau. Nơi gặp gỡ giao lưu với những thành viên có sở thích đam mê chụp ảnh, dựng phim, đồ họa….
Thông tin liên hệ: 
   Email BK MEDIA: 
bkmedia1010@gmail.com
   Fanpage: 
https://www.facebook.com/BKmemeSV
   SĐT: 032944984",,,
11. CLB TÀI NẮNG SINH VIÊN BKSTAR:,"Được thành lập vào ngày 1/6/2014, CLB BKStar là nơi dành cho các bạn trẻ có tài năng trong tất cả các lĩnh vực nghệ thuật, là một sân chơi để các “nghệ sĩ nghiệp dư” thể hiện bản thân thông qua các hoạt động phong trào có quy mô lớn được tổ chức không những trong trường mà còn mở rộng ra địa bàn xung quanh Đà Nẵng.
Qua quá trình hoạt động gần 8 năm, sứ mệnh của CLB không những tìm kiếm những tài năng thiên bẩm, trời phú mà còn là một tổ chức xã hội thông qua các chuyến đi tình nguyện xa để giúp đỡ những đồng bào vùng sâu, xa. Được gắn với cái tên ‘CLB của những tài năng xuất chúng’, BKStar luôn luôn mong muốn chiêu mộ được những con người máu lửa, nhiệt huyết, trở thành một trong những CLB tiên phong và hàng đầu trong lĩnh vực nghệ thuật trong trường và vươn ra xa hơn.
Mọi chi tiết xin liên hệ: 
Chủ nhiệm: Nguyễn Công Nghiêm
Link FB: (2) Nguyễn Công Nghiêm | Facebook
Fanpage: (2) CLB Tài năng Sinh viên BKStar | Facebook
Email: tainangsinhvienbkstar@gmail.com
SĐT: 0386640512",,,
12.  DIỄN ĐÀN SINH VIÊN ĐÀ NẴNG ,"Được thành lập vào ngày 18/04/2004.
Trải qua hơn 17 năm hoạt động, Diễn đàn đã trở thành một nơi kết nối, học tập của các bạn sinh viên thuộc nhiều trường đại học trên địa bàn Đà Nẵng. CLB hoạt động với mục đích tạo môi trường giúp các bạn sinh viên trau dồi những kỹ năng mềm cần thiết, trải nghiệm, cũng như là sân chơi để qua đó các bạn có một hành trang vững chắc và những người đồng hành đáng tin cậy sau khi rời khỏi giảng đường đại học và ứng dụng vào cuộc sống sau này của các bạn.
SVdanang dù có những giai đoạn khó khăn nhưng với sự đoàn kết chúng mình đã vượt qua và đang ngày càng phát triển vững mạnh. Các hoạt động gây tiếng vang của lớn không thể không kể đến của CLB như: Hành trình SV, Áo ấm mùa đông được tổ chức thường niên qua các năm. Ngoài ra, còn có các chương trình khác như Give away, Đêm nhạc từ thiện, … 
🔗Tiktok: https://vt.tiktok.com/ZGJULb9Tq/
🔗Fanpage: http://www.facebook.com/svdanangcom",,,
13. CÂU LẠC BỘ TIẾNG ANH HUGO ENGLISH CLUB," Đối với một sinh viên, đặc biệt là sinh viên các ngành kĩ thuật trong thời đại toàn cầu hóa ngày nay thì việc am hiểu ngoại ngữ là điều cực kỳ cần thiết. Ngoại ngữ không chỉ là một môn học nữa, nó còn là chìa khóa quan trọng mở ra nhiều cánh cửa cơ hội thăng tiến, du học,… Và Tiếng Anh – ngôn ngữ phổ biến nhất thế giới – đã và đang được rất nhiều bạn trẻ lựa chọn để theo đuổi do tính ứng dụng cao của nó.
Hiểu được những điều đó, Hugo English Club, với 13 năm thành lập, luôn miệt mài hoạt động để mang đến cho sinh viên trường Bách Khoa và các trường đại học khác trên địa bàn Đà Nẵng một môi trường giao tiếp Tiếng Anh năng động, vui vẻ và hiệu quả. Đến với Hugo English Club, các bạn sẽ:
 Được thực hành giao tiếp Tiếng Anh qua nhiều hoạt động thú vị khác nhau như: meetings, contests, games, team building,…
 Có cơ hội được giao tiếp với những native speakers thông qua các hoạt động như: Săn Tây, giao lưu với sinh viên trao đổi, các Workshop, Coffee Talk, …",,,
Chương trình đào tạo của ngành gồm những môn nào?,"Các môn học chính bao gồm đại cương, cơ sở ngành, chuyên ngành, và các môn nâng cao theo từng năm học.",,,
Có bao nhiêu năm học và mỗi năm học những gì?,"Chương trình kéo dài 4 năm, mỗi năm gồm đại cương, kiến thức nền, và các kỹ năng chuyên ngành phát triển theo từng cấp độ.",,,
Tiêu chuẩn ngoại ngữ đầu ra là gì?,Sinh viên cần đạt TOEIC 450 (hoặc chứng chỉ tương đương) cho sinh viên truyền thống và 600+ cho sinh viên chất lượng cao.,,,
Sinh viên có thể tham gia câu lạc bộ nào để phát triển kỹ năng?,"Có các câu lạc bộ về học thuật (CLB Sách và Hành động, tiếng Nhật), thể thao, và nghệ thuật (UDA Music, Flash Band).",,,
Sinh viên ngành có được học về thiết kế thời trang trên máy tính không?,"Có, sinh viên học đồ họa và phần mềm thiết kế như Illustrator, Photoshop, và Optitex.",,,
Có hỗ trợ nào giúp sinh viên tìm kiếm việc làm sau khi ra trường?,"Trường có các môn kỹ năng tìm việc, tổ chức sự kiện thời trang, và liên kết với các doanh nghiệp.",,,
Sinh viên có được thực tập trong quá trình học không?,"Có, sinh viên được thực tập để áp dụng kiến thức vào thực tế.",,,
Sinh viên có thể tham gia các hoạt động ngoại khóa nào?,"Sinh viên có thể tham gia câu lạc bộ, sự kiện văn hóa, và hoạt động từ thiện do trường tổ chức.",,,
Trường có hỗ trợ sinh viên trong quá trình tìm kiếm việc làm không?,"Có, trường có các hoạt động hỗ trợ việc làm như hội chợ việc làm, workshop với các chuyên gia trong ngành và liên kết với các doanh nghiệp thời trang. Bên cạnh đó, trường có bộ phận hỗ trợ sinh viên xây dựng CV, rèn luyện kỹ năng phỏng vấn, và thực hiện kết nối với nhà tuyển dụng, giúp sinh viên dễ dàng tiếp cận các cơ hội việc làm.
",,,
Sinh viên có cơ hội tham gia các dự án thực tế trong quá trình học không?,"Có, trường thường xuyên tổ chức các đồ án thực tế như thiết kế BST (bộ sưu tập) theo chủ đề và trình diễn thời trang. Những dự án này giúp sinh viên trải nghiệm từ việc lên ý tưởng, thiết kế, đến trình diễn sản phẩm. Ngoài ra, sinh viên còn có cơ hội tham gia các sự kiện thời trang của trường hoặc các cuộc thi thiết kế quốc gia và quốc tế, giúp phát triển kỹ năng và nâng cao hồ sơ cá nhân.
",,,
Chương trình đào tạo có chú trọng vào sáng tạo cá nhân của sinh viên không?,"Có, chương trình khuyến khích sinh viên phát triển phong cách sáng tác riêng, từ việc nắm bắt xu hướng thời trang đến cách thể hiện ý tưởng cá nhân. Sinh viên được làm đồ án cá nhân, khuyến khích tự do sáng tạo và thể hiện cá tính qua các sản phẩm của mình, giúp định hình phong cách cá nhân rõ rệt ngay từ trong trường học.
",,,
Có nên tham gia câu lạc bộ khi là sinh viên không,"Tham gia câu lạc bộ ở đại học, đặc biệt là ở Bách Khoa Đà Nẵng, có rất nhiều lợi ích, tùy vào mục tiêu cá nhân của bạn. Dưới đây là một số điểm để cân nhắc:

Lợi ích khi tham gia câu lạc bộ
 Phát triển kỹ năng mềm: Bạn có thể rèn luyện kỹ năng giao tiếp, làm việc nhóm, quản lý thời gian, tổ chức sự kiện,... Đây là những kỹ năng rất quan trọng khi đi làm.

 Mở rộng mối quan hệ: Tham gia câu lạc bộ giúp bạn gặp gỡ nhiều người cùng sở thích, mở rộng mạng lưới bạn bè và có thể kết nối với các anh chị khóa trước, thậm chí là doanh nghiệp.

 Tích lũy kinh nghiệm thực tế: Nếu bạn tham gia các câu lạc bộ chuyên môn như lập trình, khởi nghiệp, nghiên cứu khoa học,... bạn sẽ có cơ hội áp dụng kiến thức vào thực tế, giúp hồ sơ xin việc sau này ấn tượng hơn.
 Giải tỏa căng thẳng, cân bằng cuộc sống: Ngoài việc học, tham gia các câu lạc bộ thể thao, âm nhạc, kỹ năng,... giúp bạn thư giãn, tránh áp lực học tập quá nhiều.

Những điểm cần cân nhắc
 Tốn thời gian: Nếu không quản lý tốt, bạn có thể bị cuốn vào hoạt động của câu lạc bộ và ảnh hưởng đến việc học.

 Không phải câu lạc bộ nào cũng phù hợp: Một số câu lạc bộ có thể không thực sự giúp bạn phát triển hoặc có cách hoạt động không phù hợp với bạn. Nên tìm hiểu kỹ trước khi tham gia.

Vậy có nên tham gia không?
 Nếu bạn muốn phát triển kỹ năng, có thêm trải nghiệm và kết nối với nhiều người, thì rất nên tham gia.
 Nếu bạn quá bận với việc học hoặc không tìm thấy câu lạc bộ phù hợp, có thể cân nhắc tham gia sau này hoặc chỉ tham gia những sự kiện lớn.",,,
"Em muốn nộp hồ sơ ĐKXT theo học bạ vào ĐHĐN năm 2024, em xin hỏi cách thức nộp hồ sơ như thế nào? Em có thể nộp trực tiếp được không ạ?","Chào em,

Thí sinh đăng ký bằng hình thức trực tuyến trên trang tuyển sinh của Đại học Đà Nẵng tại địa chỉ: https://ts.udn.vn/.

ĐHĐN không thu hồ sơ trực tiếp, chỉ thu lệ phí trực tiếp nếu thí sinh đã đăng ký trực tuyến nhưng không thanh toán được lệ phí qua ví VNPay, địa chỉ nộp lệ phí: Phòng 107, tầng 1, khu A, 41 Lê Duẩn, thành phố Đà Nẵng.

Thân mến!",,,
"Trong quá trình đăng ký hồ sơ theo phương thức xét học bạ THPT em nhập sai một vài thông tin cá nhân, vậy em có thể điều chỉnh thông tin sai đó không ạ, hình thức điều chỉnh như thế nào ạ?","Đại học Đà Nẵng sẽ có kế hoạch mở link để em tự thực hiện điều chỉnh một số thông tin cá nhân đã khai báo sai, dự kiến mở vào 20/5/2024. Trước khi thực hiện điều chỉnh em nên kiểm tra thật kỹ hồ sơ cá nhân của mình, vì mỗi thí sinh chỉ được điều chỉnh 1 lần duy nhất, khi đã xác nhận thì không được điều chỉnh thêm nữa em nhé.

Các thông tin về điểm, họ và tên, ngày sinh, số CCCD, ĐTUT cán bộ kiểm tra hồ sơ sẽ sửa cho thí sinh nếu thấy sai so với minh chứng đã được cung cấp, thí sinh sẽ nhận được email thông báo nội dung các cán bộ đã sửa.

Thân mến!",,,
"Em đã tốt nghiệp THPT năm 2021, em có thể đăng ký xét học bạ theo đợt xét tuyển sớm vào ĐHĐN được không ạ? Em muốn hỏi cách tính điểm ưu tiên năm nay có gì thay đổi so với các năm trước không ạ?","Em có thể đăng ký xét tuyển theo phương thức xét học bạ THPT vào các ngành của các đơn vị thuộc ĐHĐN. Tuy nhiên, em sẽ không đăng ký xét được vào 02 đơn vị là Trường Đại học Kinh tế và Trường Đại học Ngoại ngữ vì: Trường ĐH Kinh tế chỉ xét điểm học bạ của thí sinh tốt nghiệp năm 2024, Trường ĐH Ngoại ngữ xét điểm học bạ của thí sinh tốt nghiệp các năm 2022, 2023 và 2024.

- Chính sách ưu tiên trong tuyển sinh được áp dụng theo Quy chế tuyển sinh hiện hành, cụ thể như sau:

1. Khung điểm ưu tiên theo đối tượng và khu vực

- Nhóm đối tượng ưu tiên 1(gồm các đối tượng từ 01-04): được cộng 2 điểm.

- Nhóm đối tượng ưu tiên 2(gồm các đối tượng từ 05-07): được cộng 1 điểm.

- Khu vực 1: được cộng 0,75 điểm.

- Khu vực 2 - NT: được cộng 0,5 điểm.

- Khu vực 2: được cộng 0,25 điểm.

- Khu vực 3: không cộng điểm .

2. Cách tính điểm ưu tiên

Từ năm 2023, chính sách ưu tiên trong tuyển sinh có thay đổi như sau:

- Ưu tiên khu vực: thí sinh chỉ được hưởng ưu tiên khu vực trong năm tốt nghiệp THPT và 1 năm kế tiếp.

- Điểm ưu tiên theo khu vực và đối tượng giảm dần đối với các thí sinh đạt từ 22,5 điểm trở lên (quy về thang 30), áp dụng đối với tất cả các phương thức xét tuyển.

+ Nếu tổng điểm đạt được theo tổ hợp môn nhỏ hơn 22,5 (khi quy đổi về điểm theo thang 10 và tổng điểm 3 môn tối đa là 30) thì cộng điểm ưu tiên theo khu vực, đối tượng chính sách theo các mức như quy định.

+ Nếu tổng điểm đạt được theo tổ hợp môn từ 22,5 trở lên (khi quy đổi về điểm theo thang 10 và tổng điểm 3 môn tối đa là 30) thì cộng điểm ưu tiên theo công thức sau: Điểm ưu tiên = [(30 - Tổng điểm đạt được)/7,5] x Mức điểm ưu tiên theo khu vực, đối tượng chính sách.",,,
"	
Em là thí sinh sẽ tốt nghiệp năm 2024, em đã xem thông tin tuyển sinh xét học bạ của các trường có xét ngành sư phạm và Khoa Y – Dược thuộc ĐHĐN. Em nhận thấy thông tin về ngưỡng đảm bảo chất lượng đầu vào đối với các ngành sư phạm thí sinh phải có học lực lớp 12 xếp loại giỏi, đối với ngành Điều dưỡng cần có học lực xếp loại khá. Hiện tại, em chưa có kết quả học tập lớp 12 thì có đăng ký được không ạ?","Chào em,

Em vẫn được đăng ký xét tuyển vào các ngành thuộc khối sư phạm và sức khỏe theo phương thức xét học bạ THPT. Sau khi có kết quả học tập cả năm lớp 12 em sẽ bổ sung minh chứng học lực bằng 1 trong 2 loại hồ sơ là học bạ lớp 12 có thể hiện phần xếp loại học lực cả năm hoặc Giấy khen năm lớp 12. Trong quá trình đăng ký em cần điền chính xác các thông tin cá nhân về số điện thoại và email để cán bộ kiểm tra hồ sơ gửi các yêu cầu bổ sung hồ sơ nếu có. Sau khi đăng ký, em thường xuyên theo dõi trang tuyển sinh của ĐHĐN và email cá nhân dùng trong quá trình đăng ký xét tuyển để biết thêm thông tin về thời gian bổ sung minh chứng học lực.  

Thân mến!",,,
"	
Theo thông báo tuyển sinh học bạ, thí sinh có thể đăng ký nhiều nguyện vọng (NV) ở các đơn vị khác nhau thuộc ĐHĐN, vậy em đăng ký tất cả 5 nguyện vọng vào Trường ĐH Bách khoa hoặc 5 NV vào Trường ĐH Kinh tế … được không ạ ?","Mỗi thí sinh chỉ được đăng ký 1 lần cho 1 hồ sơ với tối đa là 5 nguyện vọng, thí sinh có thể đăng ký cả 5 nguyện vọng vào 5 ngành của 1 trường hoặc vào 5 ngành của 5 trường khác nhau thuộc ĐHĐN. Tuy nhiên, thí sinh chỉ trúng tuyển vào 01 nguyện vọng ưu tiên cao nhất trong danh sách các nguyện vọng đã đăng ký. Các nguyện vọng không đầy đủ thông tin hoặc thông tin không chính xác sẽ không được xét.",,,
"	
Em muốn nộp hồ sơ xét học bạ vào ĐHĐN năm 2024, tuy nhiên hiện nay em chưa có học bạ, vậy em có thể nộp bảng điểm thay thế được không ạ?",Em có thể nộp bảng điểm thay cho học bạ nhưng bảng điểm phải có xác nhận của Ban Giám hiệu và được đóng dấu của nhà trường thì mới hợp lệ.,,,
Em muốn hỏi cách tính điểm xét tuyển khi đăng ký xét theo phương thức xét học bạ THPT năm 2024 ạ?,"Điểm xét tuyển là tổng điểm các môn học/môn thi năng khiếu theo thang điểm 10 cộng với điểm ưu tiên khu vực, ưu tiên đối tượng theo qui định của Quy chế tuyển sinh, được làm tròn đến hai chữ số thập phân, tất cả quy về thang điểm 30. Đối với các ngành thuộc Trường ĐH Ngoại ngữ có độ lệch điểm chuẩn, sau khi quy về thang 30 cần trừ độ lệch điểm chuẩn đối với các tổ hợp này.

Điểm môn học trong tổ hợp xét tuyển là trung bình cộng điểm môn học lớp 10, lớp 11 và học kỳ I lớp 12. Đối với các thí sinh bằng điểm xét tuyển ở cuối danh sách thì xét trúng tuyển theo tiêu chí phụ quy định trong đề án tuyển sinh.",,,
"Khi đăng ký trực tuyến, nếu thí sinh chưa đăng ký hết 5 nguyện vọng, muốn đăng ký bổ sung các nguyện vọng còn lại được không ạ?","Mỗi thí sinh chỉ được đăng ký 01 lần cho 1 hồ sơ theo số CCCD của mình. Thí sinh không được dùng thông tin cá nhân của mình đăng ký lần 2, vì hệ thống chỉ chấp nhận hồ sơ nào đăng ký trước (tính theo thời gian đăng ký).Thí sinh không bổ sung nguyện vọng đăng ký, không điều chỉnh nguyện vọng sau khi đã xác nhận nộp hồ sơ trên hệ thống, em chỉ có thể bổ sung thêm thông tin khi chưa xác nhận nộp hồ sơ.

Thời gian ĐHĐN mở link đăng ký khá dài, bắt đầu từ 15/4 đến hết ngày 31/5/2024. Vì vậy, em cần cân nhắc và suy nghĩ thật kỹ để xác định các nguyện vọng mình yêu thích và phù hợp với bản thân trước khi bấm xác nhận đăng ký nhé.",,,
"Em chưa thi tốt nghiệp THPT năm 2024, vậy em có thể nộp hồ sơ đăng ký xét tuyển theo hình thức xét học bạ THPT được không ạ?","Em được nộp hồ sơ đăng ký xét tuyển theo phương thức xét học bạ khi chưa tốt nghiệp THPT; ĐHĐN sẽ thông báo nộp bổ sung minh chứng tốt nghiệp THPT vào thời điểm thích hợp, sau khi các em thi tốt nghiệp THPT.

Em theo dõi email cá nhân dùng khai báo trong quá trình đăng ký và xem thông tin trên trang tuyển sinh của ĐHĐN tại địa chỉ: https://ts.udn.vn/ .

Thân mến!",,,
"	
Em có thể đăng ký 2 nguyện vọng tại 1 trường vào cùng 1 ngành và sử dụng 2 tổ hợp môn xét tuyển được không ạ? Điểm chuẩn giữa các tổ hợp môn có khác nhau ko? Điểm xét tuyển giữa các tổ hợp cho một ngành có bằng nhau không?","Em có thể đăng ký 1 ngành với nhiều tổ hợp môn xét tuyển khác nhau. ĐHĐN xét chung mức điểm trúng tuyển cho cùng 1 ngành/nhóm ngành với các tổ hợp môn xét tuyển khác nhau.

Một ngành có nhiều tổ hợp xét tuyển, điểm xét tuyển giữa các tổ hợp có thể khác nhau, tùy đặc điểm riêng của từng ngành.

Thông tin chi tiết em có thể tham khảo trên Đề án tuyển sinh của từng đơn vị, được đăng tải trên website: https://ts.udn.vn/ .",,,
"Em muốn hỏi khi em đã trúng tuyển ở đợt xét tuyển sớm của trường, thì em chỉ cần chờ thông báo nhập học đúng ko ạ?","Thí sinh đã được ĐHĐN thông báo đủ điều kiện trúng tuyển vào một nguyện vọng nhất định tại đợt xét tuyển sớm của ĐHĐN, thì em phải thực hiện đăng ký xét tuyển nguyện vọng đó lên là nguyện vọng 1 trên hệ thống theo kế hoạch chung và hướng dẫn của Bộ Giáo dục và Đào tạo. Chỉ sau khi có kết quả trúng tuyển sau đợt xét tuyển chung toàn quốc do Bộ GD&ĐT chủ trì thì em mới được công nhận trúng tuyển chính thức và nhận được thông báo nhập học.

Thân mến!",,,
"Em có chứng chỉ tiếng Anh quốc tế IELTS, Toefl ibt…, em có được quy đổi sang điểm môn tiếng Anh để đăng ký xét tuyển theo phương thức xét học bạ vào ĐHĐN không ạ?","Thí sinh có chứng chỉ tiếng Anh quốc tế không được quy đổi sang điểm môn ngoại ngữ để xét tuyển theo phương thức xét học bạ. Thí sinh có thể sử dụng các chứng chỉ này để ĐKXT theo phương thức tuyển sinh riêng theo tiêu chí xét tuyển của từng cơ sở đào tạo thể hiện trong Đề án tuyển sinh năm 2024. Thông tin chi tiết, thí sinh tham khảo trên trang tuyển sinh của ĐHĐN tại địa chỉ: https://ts.udn.vn/ và trang thông tin của các cơ sở đào tạo.

Thân mến!",,,
"Em muốn đăng ký xét tuyển học bạ vào ngành có môn thi năng khiếu của ĐHĐN, em có thể tìm hiểu thông tin ở đâu ạ?","Đăng ký dự thi năng khiếu và đăng ký xét tuyển vào ngành có môn năng khiếu là 2 công việc độc lập. Thí sinh đăng ký dự thi năng khiếu theo hướng dẫn của trường tổ chức thi. Sau khi đăng ký dự thi năng khiếu, thí sinh cần đăng ký xét tuyển vào ngành có môn năng khiếu để được xét tuyển, link đăng ký xét học bạ: https://ts.udn.vn/.

Thí sinh tham khảo thông tin về kỳ Thi năng khiếu của các cơ sở đào tạo cụ thể như sau:

- Trường ĐH Bách khoa tổ chức thi môn năng khiếu Vẽ mỹ thuật để xét tuyển vào ngành Kiến trúc của Trường ĐH Bách khoa, thông tin tại link: https://dut.udn.vn/Tuyensinh2024/Thongbao/id/9083.

- Trường ĐH Sư phạm tổ chức thi các môn năng khiếu (hát, múa, kể chuyện, năng khiếu thể dục thể thao, hình họa chì … ) để xét tuyển vào ngành Sư phạm Âm nhạc, Sư phạm Mỹ thuật, Giáo dục mầm non và Giáo dục thể chất của Trường ĐH Sư phạm, thông tin tại link: https://tuyensinh.ued.udn.vn/index.php/2024/03/22/03-tuyen-sinh-chinh-quy-nam-2024/ ",,,
"	
Em có cần cung cấp điểm thi ĐGNL không?","ĐHĐN sẽ nhận điểm của thí sinh từ ĐH Quốc gia TP. Hồ Chí Minh và đồng bộ dữ liệu, thí sinh KHÔNG cần cung cấp minh chứng về điểm thi. Em cần chú ý khai báo đúng họ tên, số báo danh của mình nhé",,,
"	
Vì mỗi thí sinh chỉ được đăng ký một lần nên em đăng ký giả mạo một hồ sơ được không?","ĐHĐN sẽ mở hệ thống phần mềm cho thí sinh đăng ký thử trước khi mở đăng ký chính thức để thí sinh làm quen với phần mềm đăng ký xét tuyển. Thời gian đăng ký thử: từ 01/4/2024 đến 10/4/2024, sau thời gian trên, toàn bộ các thông tin đăng ký thử của thí sinh sẽ bị xoá. Em không cần đăng ký giả mạo hồ sơ nhé. ",,,
Ngưỡng đảm bảo chất lượng đầu vào là gì mà em thấy Trường ĐH Bách khoa ghi “cập nhật sau”?,Ngưỡng đảm bảo chất lượng đầu vào là yêu cầu tối thiểu về năng lực học tập thể hiện ở kết quả thi ĐGNL để thí sinh có khả năng theo học và hoàn thành chương trình đào tạo. Em hãy theo dõi thường xuyên thông tin tại trang thông tin điện tử https://ts.udn.vn/ và https://dut.udn.vn/TuyenSinh2024 để cập nhật về ngưỡng đảm bảo chất lượng của Trường ĐH Bách khoa nhé. ,,,
Trong trường hợp nào em sẽ phải nộp lại minh chứng?,"Thí sinh sẽ phải nộp lại minh chứng khi có yêu cầu của nhà trường khi minh chứng có nội dung khác hoặc thiếu so với yêu cầu; minh chứng mờ, không rõ nét, không đầy đủ thông tin, không có ký/ đóng dấu xác nhận của cơ quan quản lý có thẩm quyền. ",,,
Em có được sửa dữ liệu sau khi đăng ký xét tuyển không?," Mỗi thí sinh chỉ được phép nộp 01 hồ sơ, tối đa 5 nguyện vọng vào các CSGD có xét tuyển theo kết quả thi ĐGNL của ĐHQG TP. Hồ Chí Minh. Thí sinh sau khi hoàn thành việc xác nhận nộp hồ sơ (bước 3) thì thí sinh KHÔNG được phép điều chỉnh nguyện vọng, số căn cước công dân. Đối với các thông tin được phép điều chỉnh như giới tính, nơi sinh… thí sinh được phép điều chỉnh khi ĐHĐN mở hệ thống phần mềm. Em hãy theo dõi thông báo trên trang thông tin điện tử https://ts.udn.vn/ nhé. ",,,
"Em không kịp đăng ký thi ĐGNL của ĐHQG TP. Hồ Chí Minh đợt tháng 4 nhưng em đã đăng ký thi đợt tiếp theo vào tháng 6, em vẫn có thể đăng ký xét tuyển vào ĐHĐN được không?","ĐHĐN chỉ xét tuyển đối với thí sinh có kết quả thi ĐGNL của ĐHQG TP. Hồ Chí Minh trước ngày 31/5/2024. Em có thể đăng ký xét tuyển vào các CSGD của ĐHĐN theo phương thức khác như xét học bạ, xét tuyển theo đề án riêng của các CSGD. Em hãy tìm hiểu thêm thông tin tại thông báo trên trang thông tin điện tử https://ts.udn.vn/ nhé. Thân mến!",,,
Khi nào có kết quả xét tuyển ạ?,"Thời gian ĐHĐN nhận hồ sơ đăng ký xét tuyển trực tuyến từ 15/4/2024 đến 31/5/2024. Thời gian xét tuyển dự kiến từ ngày 18/6/2024 đến ngày 20/6/2024. Sau khi có kết quả xét tuyển, thí sinh sẽ nhận được email thông báo thí sinh trúng tuyển có điều kiện (đối với thí sinh chưa tốt nghiệp THPT). Em hãy thường xuyên cập nhật thông tin trên trang thông tin điện tử https://ts.udn.vn/ và kiểm tra email cá nhân nhé. ",,,
"Em muốn tìm hiểu thông tin tuyển sinh của các cơ sở đào tạo thuộc ĐHĐN, em có thể tìm hiểu các thông tin tuyển sinh của ĐHĐN ở đâu ạ?"," Mọi thắc mắc về tuyển sinh, vui lòng liên hệ đến Ban Đào tạo, ĐHĐN. Số điện thoại tuyển sinh (hotline):  0236 3835345 hoặc tham khảo Thông tin của các cơ sở đào tạo thuộc ĐHĐN, cụ thể như sau:

1. Trường Đại học Bách khoa (mã trường DDK); 

Địa chỉ: số 54 Nguyễn Lương Bằng, Phường Hòa Khánh Bắc quận Liên Chiểu, thành phố Đà Nẵng;

website:  http://dut.udn.vn/TuyenSinh2023; Số điện thoại tuyển sinh (hotline): (0888) 377 177; (0888) 477 377; (0888) 577 277; (0236) 362 0999.

2. Trường Đại học Kinh tế (mã trường DDQ); 

Địa chỉ: số 71 Ngũ Hành Sơn, phường Mỹ An, quận Ngũ Hành Sơn, thành phố Đà Nẵng; 

website: http://due.udn.vn; Số điện thoại tuyển sinh (hotline): 0236 3522345 hoặc 0911 223 777.

3. Trường Đại học Sư phạm (mã trường DDS);

Địa chỉ: số 459 Tôn Đức Thắng, quận Liên Chiểu, thành phố Đà Nẵng; 

website: http://ctsv.ued.udn.vn; Số điện thoại tuyển sinh (hotline): 0898 204 204.

4. Trường Đại học Ngoại ngữ (mã trường DDF); 

Địa chỉ: số 131 Lương Nhữ Hộc, phường Khuê Trung, quận Cẩm Lệ, thành phố Đà Nẵng; 

website: http://tuyensinh.ufl.udn.vn; Số điện thoại tuyển sinh (hotline): 02363 699 335.

5. Trường Đại học Sư phạm Kỹ thuật (mã trường DSK);

Địa chỉ: số 48 Cao Thắng, phường Thanh Bình, quận Hải Châu, thành phố Đà Nẵng; 

website: http://tuyensinh.ute.udn.vn. Số điện thoại tuyển sinh (hotline): 0236 3530103; 0236 3835705

6. Trường Đại học Công nghệ Thông tin và Truyền thông Việt – Hàn (mã trường VKU);

Địa chỉ: số 470 Trần Đại Nghĩa, quận Ngũ Hành Sơn, thành phố Đà Nẵng; 

website: http://tuyensinh.vku.udn.vn/. Số điện thoại tuyển sinh (hotline): 0236 6552688; 0236 3677113

7. Phân hiệu Đại học Đà Nẵng tại Kon Tum (mã trường DDP);

Địa chỉ: số 704 Phan Đình Phùng, thành phố Kon Tum;

website: http://ts.kontum.udn.vn; Số điện thoại tuyển sinh (hotline): 0260 6509559; 0934876005; 0931642456

8. Viện Nghiên cứu và Đào tạo Việt – Anh (mã trường DDV);

Địa chỉ: số 158A Lê Lợi, quận Hải Châu, thành phố Đà Nẵng; 

website: https://tuyensinhvnuk.edu.vn/; Số điện thoại tuyển sinh (hotline): 0905556654

9. Khoa Y Dược (mã trường DDY);

Địa chỉ: Khu Đô thị Đại học Đà Nẵng, phường Hòa Quý, quận Ngũ Hành Sơn, thành phố Đà Nẵng; 

website: http://smp.udn.vn,  Số điện thoại tuyển sinh (hotline): 0905029451",,,
"Việc kiểm tra trình độ tiếng Anh là để xếp lớp học Tiếng Anh theo trình độ, không ảnh hưởng đến kết quả tuyển sinh. Tuy nhiên, trình độ tiếng Anh là yêu cầu bắt buộc trong quá trình học tại trường và xét điều kiện tốt nghiệp.             ","Việc kiểm tra trình độ tiếng Anh là để xếp lớp học Tiếng Anh theo trình độ, không ảnh hưởng đến kết quả tuyển sinh. Tuy nhiên, trình độ tiếng Anh là yêu cầu bắt buộc trong quá trình học tại trường và xét điều kiện tốt nghiệp.",,,
Em muốn hỏi về chương trình đào tạo đại trà và chất lượng cao? Học phí như thế nào?,"Học phí theo quy định của Chính phủ: Chương trình truyền thống học phí thấp hơn, chương trình CLC học phí gấp khoảng 2.5 lần so với chương trình tuyền thống.
Khi tham gia học CLC, sinh viên sẽ được hỗ trợ về CSVC, giảng viên được đào tạo ở nước ngoài, được tăng cường bổ trợ về Ngoại ngữ trong quá trình đào tạo.",,,
"Vừa rồi em có thi học sinh giỏi cấp tỉnh (lớp 12) và đạt giải nhưng hiện tại sở vẫn chưa tổ chức trao giải thưởng nên vẫn chưa nhận được giấy khen để nộp vào hồ sơ xét tuyển, em có thể bổ sung GK được không?","Em có thể chờ nhận GK từ Sở GDĐT rồi nộp hồ sơ, vì thời gian đăng ký từ 15/4 – 15/6 mới hết hạn.
Nếu em đăng ký xét tuyển theo phương thức tuyển sinh riêng thì em tra cứu thông tin trên trang web riêng của từng CSĐT để xem hướng dẫn cụ thể trên các thông báo liên quan.",,,
Cho em hỏi nộp học phí là nộp theo tín chỉ là như thế nào ạ? Nộp tiền học phí theo tín chỉ có phải nộp thêm gì ko ạ?,"Việc nộp học phí theo tín chỉ (từ 10-30) có quy định cụ thể ở mỗi trường. Ngoài nộp học phí tín chỉ, có một số phí thêm như: bảo hiểm y tế, học tập môn GDQP, trang trải Kí túc xá ... (Tín chỉ là đơn vị dùng để đo lường khối lượng học tập. Một tín chỉ được quy định bằng 15 tiết học lý thuyết, 30 tiết thực hành, thí nghiệm hoặc thảo luận, bằng 60 giờ thực tập tại cơ sở hoặc bằng 45 giờ làm tiểu luận, bài tập lớn, đồ án hoặc khoá luận tốt nghiệp).",,,
"Nếu thí sinh đã trúng tuyển nhưng muốn đổi nguyện vọng có được đổi không, hoặc có thể không nhập học đế xét phương thức khác không?"," Thí sinh đã trúng tuyển không được đổi nguyện vọng, nếu Thí sinh không xác nhận nhập học thì có thể đăng ký xét tuyển phương thức khác, hoặc đợt bổ sung (nếu có) vào các ngành khác còn chỉ tiêu.",,,
Cho em hỏi có phải có kết quả cuộc thi đánh giá năng lực của Đại học Quốc gia TP HCM mới được xét tuyển vào trường ạ?,"Năm 2021, ĐHĐN và các đơn vị thành viên đã thống nhất lựa chọn 4 phương thức tuyển sinh áp dụng cho năm nay như sau:
1) theo kết quả thi THPT, (2) theo học bạ THPT, (3) theo kết quả kỳ thi đánh giá năng lực do Đại học Quốc gia Thành phố Hồ Chí Minh tổ chức, (4) tuyển sinh riêng theo đề án của các trường
Ngoài ra, các trường còn thực hiện xét tuyển thẳng theo quy chế tuyển sinh của Bộ GDĐT
Như vậy, xét tuyển theo kết quả kỳ thi đánh giá năng lực là một trong những hình thức được ĐHĐN áp dụng trong tuyển sinh đại học năm nay.",,,
"Cho mình hỏi trường mình có chương trình giảng dạy chất lượng cao của công nghệ thông tin không vậy ạ và nếu có thì làm cách nào để đăng kí nguyện vọng, xin cảm ơn","Chào em, hiện nay các ngành tại ĐHĐN không đào tạo hệ chất lượng cao, em có thể tham khảo thông tin ĐKXT các ngành tại đây.",,,
Tại sao nên chọn học tại trường Đại học Bách khoa – ĐHĐN?,"Trường Đại học Bách khoa – ĐHĐN luôn là sự lựa chọn hàng đầu của nhiều thí sinh khi chọn trường để học bậc đại học.

Với những lý do tuyệt vời sau đây sẽ giúp bạn không còn băn khoăn khi nộp hồ sơ vào ngôi trường đại học kỹ thuật hàng đầu Miền Trung.

Trường của hàng ngàn “chim anh vũ”
Đào tạo đa ngành, đa lĩnh vực
Thư viện khang trang

Khuôn viên trường thơ mộng như công viên

Môi trường tuyệt vời để phát triển kỹ năng

",,,
Em muốn nộp hồ sơ đăng ký xét tuyển vào Đại học Đà Nẵng (ĐHĐN) năm 2024. Xin hỏi cách thức nộp hồ sơ như thế nào? Em có thể nộp trực tiếp được không?,"Thí sinh đăng ký xét tuyển bằng hình thức trực tuyến trên trang tuyển sinh của Đại học Đà Nẵng tại địa chỉ: https://ts.udn.vn/.

ĐHĐN không thu hồ sơ trực tiếp. Tuy nhiên, nếu thí sinh đã đăng ký trực tuyến nhưng không thể thanh toán lệ phí qua ví VNPay, có thể đến nộp lệ phí trực tiếp tại:

Phòng 107, tầng 1, khu A, 41 Lê Duẩn, TP. Đà Nẵng.
Thân mến!",,,
"Trong quá trình đăng ký hồ sơ theo phương thức xét học bạ THPT, em nhập sai một vài thông tin cá nhân. Em có thể điều chỉnh được không? Hình thức điều chỉnh như thế nào?","Đại học Đà Nẵng sẽ có kế hoạch mở link để thí sinh thực hiện điều chỉnh một số thông tin cá nhân đã khai báo sai, dự kiến mở vào ngày 20/5/2024.

Trước khi điều chỉnh, em nên kiểm tra kỹ hồ sơ cá nhân của mình. Lưu ý:

Mỗi thí sinh chỉ được điều chỉnh một lần duy nhất, đã xác nhận thì không được chỉnh sửa nữa.
Các thông tin về điểm, họ và tên, ngày sinh, số CCCD sẽ được đối chiếu với hồ sơ gốc.
Nếu sai sót so với minh chứng đã cung cấp, thí sinh sẽ nhận được email thông báo về nội dung cần sửa.",,,
"Em đã tốt nghiệp THPT năm 2021, em có thể đăng ký xét tuyển học bạ vào ĐHĐN được không? Em muốn hỏi về cách tính điểm ưu tiên năm nay có gì thay đổi so với các năm trước không?","Em có thể đăng ký xét tuyển theo phương thức xét học bạ THPT vào các ngành của các đơn vị thuộc ĐHĐN. Tuy nhiên, em không đăng ký xét tuyển vào Trường ĐH Kinh tế và Trường ĐH Ngoại ngữ được vì:

Trường ĐH Kinh tế chỉ xét điểm học bạ của thí sinh tốt nghiệp năm 2024.
Trường ĐH Ngoại ngữ xét điểm học bạ của thí sinh tốt nghiệp 2022, 2023 và 2024.
Chính sách ưu tiên tuyển sinh được áp dụng theo quy chế hiện hành, cụ thể như sau:
Khung điểm ưu tiên theo đối tượng và khu vực

Nhóm đối tượng ưu tiên 1 (từ 01-04): Cộng 2 điểm.
Nhóm đối tượng ưu tiên 2 (từ 05-07): Cộng 1 điểm.
Khu vực 1: Cộng 0,75 điểm.
Khu vực 2 - NT: Cộng 0,5 điểm.
Khu vực 2: Cộng 0,25 điểm.
Khu vực 3: Không được cộng điểm.
Cách tính điểm ưu tiên (áp dụng từ năm 2023)

Ưu tiên khu vực: Chỉ áp dụng trong năm tốt nghiệp THPT và một năm kế tiếp.
Điểm ưu tiên theo khu vực và đối tượng sẽ giảm dần với các thí sinh đạt 22,5 điểm trở lên (thang điểm 30).
Nếu tổng điểm xét tuyển nhỏ hơn 22,5, điểm ưu tiên được cộng đầy đủ.",,,
"Em là thí sinh sẽ tốt nghiệp năm 2024, em đã xem thông tin tuyển sinh xét học bạ của các trường có xét ngành sư phạm và Khoa Y – Dược thuộc ĐHĐN. Em nhận thấy thông tin về ngưỡng đảm bảo chất lượng đầu vào đối với các ngành sư phạm thì thí sinh phải có học lực lớp 12 xếp loại giỏi, đối với ngành Điều dưỡng cần có học lực xếp loại khá. Hiện tại, em chưa có kết quả học tập lớp 12 thì có đăng ký được không ạ?","Em vẫn được đăng ký xét tuyển vào các ngành thuộc khối sư phạm và sức khỏe theo phương thức xét học bạ THPT. Sau khi có kết quả học tập cả năm lớp 12 em sẽ bổ sung minh chứng học lực bằng 1 trong 2 loại hồ sơ là học bạ lớp 12 có thể hiện phần xếp loại học lực cả năm hoặc Giấy khen năm lớp 12. Trong quá trình đăng ký em cần điền chính xác các thông tin cá nhân và số điện thoại, email để cán bộ kiểm tra hồ sơ gửi các yêu cầu bổ sung hồ sơ nếu có. Sau khi đăng ký, em thường xuyên theo dõi trang tuyển sinh của ĐHĐN và email cá nhân để biết thông tin về thời gian bổ sung minh chứng học lực.",,,
"Theo thông báo tuyển sinh học bạ, thí sinh có thể đăng ký nhiều nguyện vọng (NV) ở các đơn vị khác nhau thuộc ĐHĐN, vậy em đăng ký tất cả 5 nguyện vọng vào Trường ĐH Bách khoa hoặc 5 NV vào Trường ĐH Kinh tế… được không ạ?","Mỗi thí sinh chỉ được đăng ký 1 lần cho 1 hồ sơ với tối đa là 5 nguyện vọng. Thí sinh có thể đăng ký cả 5 nguyện vọng vào 5 ngành của 1 trường hoặc vào 5 ngành của 5 trường khác nhau thuộc ĐHĐN. Tuy nhiên, thí sinh chỉ trúng tuyển vào 01 nguyện vọng ưu tiên cao nhất trong danh sách các nguyện vọng đã đăng ký. Các nguyện vọng không đầy đủ thông tin hoặc thông tin không chính xác sẽ không được xét.",,,
"Em muốn nộp hồ sơ xét học bạ vào ĐHĐN năm 2024, tuy nhiên hiện nay em chưa có học bạ, vậy em có thể nộp bảng điểm thay thế được không ạ?",Em có thể nộp bảng điểm thay cho học bạ nhưng bảng điểm phải có xác nhận của Ban Giám hiệu và được đóng dấu của nhà trường thì mới hợp lệ.,,,
Em muốn hỏi cách tính điểm xét tuyển khi đăng ký học bạ?,"Điểm xét tuyển là tổng điểm các môn học/môn thi năng khiếu theo thang điểm 10 cộng với điểm ưu tiên khu vực, ưu tiên đối tượng theo quy định của Quy chế tuyển sinh, được làm tròn theo quy định.",,,
"Khi đăng ký trực tuyến, nếu thí sinh chưa đăng ký hết 5 nguyện vọng, muốn đăng ký bổ sung các nguyện vọng còn lại được không ạ?","Mỗi thí sinh chỉ được đăng ký 01 lần cho 1 hồ sơ theo số CCCD của mình. Thí sinh không được dùng thông tin cá nhân của mình đăng ký lần 2, vì hệ thống chỉ chấp nhận hồ sơ nào đăng ký trước (tính theo thời gian đăng ký). Thí sinh không bỏ sung nguyện vọng đăng ký, không điều chỉnh nguyện vọng sau khi đã xác nhận nộp hồ sơ trên hệ thống, em chỉ có thể bổ sung thêm thông tin khi chưa xác nhận đăng ký.

Thời gian ĐHĐN mở link đăng ký khá dài, bắt đầu từ 15/4 đến hết ngày 31/5/2024. Vì vậy, em cần nhắc và suy nghĩ thật kỹ để xác định các nguyện vọng mình yêu thích và phù hợp với bản thân trước khi bấm xác nhận đăng ký nhé.",,,
" Em chưa tốt nghiệp THPT năm 2024, vậy em có thể nộp hồ sơ đăng ký xét tuyển theo hình thức xét học bạ THPT được không ạ?","Em được nộp hồ sơ đăng ký xét tuyển theo phương thức xét học bạ khi chưa tốt nghiệp THPT; ĐHĐN sẽ thông báo nộp bổ sung minh chứng tốt nghiệp THPT vào thời điểm thích hợp, sau khi các em thi tốt nghiệp THPT.

Em theo dõi email cá nhân dùng khai báo trong quá trình đăng ký và xem thông tin trên trang tuyển sinh của ĐHĐN tại địa chỉ: https://ts.udn.vn/.",,,
"Em đã đăng ký dự thi môn năng khiếu tại Trường ĐH Sư phạm, vậy có cần phải đăng ký xét học bạ trên link đăng ký của ĐHĐN nữa không ạ, hay trường sẽ cập nhật thông tin đăng ký của thí sinh qua hệ thống luôn ạ?","Thí sinh đã đăng ký dự thi môn năng khiếu của Trường ĐH Sư phạm, đồng thời thí sinh phải đăng ký nguyện vọng các ngành có xét môn năng khiếu đã đăng ký dự thi trong tối đa 5 nguyện vọng đăng ký xét tuyển của mình thì mới được xét tuyển vào ngành có môn năng khiếu em nhé. Hiện nay, Trường ĐH Sư phạm có 04 ngành xét môn năng khiếu là: Sư phạm Âm nhạc, Sư phạm Mỹ thuật, Giáo dục Mầm non và Giáo dục Thể chất.",,,
"Em muốn ĐKXT vào ngành Giáo dục Mầm non, vậy em có thể sử dụng kết quả dự thi môn năng khiếu của trường khác để nộp không?","Em muốn xét tuyển vào các ngành có môn năng khiếu thuộc ĐHĐN thì em phải đăng ký và tham gia thi năng khiếu tại các trường thành viên của ĐHĐN. Hiện nay, các Trường có tổ chức kỳ thi năng khiếu là Trường ĐH Sư phạm (ngành Sư phạm Âm nhạc, Sư phạm Mỹ thuật, Giáo dục Mầm non, Giáo dục Thể chất), Trường ĐH Bách khoa (ngành Kiến trúc), thí sinh phải đăng ký dự thi môn năng khiếu do các trường này tổ chức. ĐHĐN không sử dụng kết quả thi năng khiếu của trường khác.",,,
Em có thể đăng 2 nguyện vọng tại 1 trường vào 1 ngành với 2 tổ hợp xét tuyển khác nhau không?,Em có thể đăng ký 1 ngành với nhiều tổ hợp môn xét tuyển khác nhau. ĐHĐN xét chúng mức điểm xét tuyển của ngành/nhóm ngành với các tổ hợp môn xét tuyển khác nhau.,,,
"Em muốn hỏi khi em đã trúng tuyển ở đợt xét tuyển sớm của trường, thì em chỉ cần chờ thông báo nhập học đúng không ạ?","Thí sinh đã được ĐHĐN thông báo đủ điều kiện trúng tuyển vào một nguyện vọng nhất định tại đợt xét tuyển sớm của ĐHĐN, thì em phải thực hiện đăng ký xét tuyển nguyện vọng đó lên là nguyện vọng 1 trên hệ thống kế hoạch chung và hướng dẫn của Bộ Giáo dục và Đào tạo. Chỉ sau khi có kết quả trúng tuyển sau đợt xét tuyển chung toàn quốc do Bộ GD&ĐT chủ trì thì em mới được công nhận trúng tuyển chính thức và nhận được thông báo nhập học.",,,
"Em có chứng chỉ tiếng Anh quốc tế IELTS, Toefl iBT..., em có được quy đổi sang điểm môn tiếng Anh để đăng ký xét tuyển theo phương thức xét học bạ vào ĐHĐN không ạ?","Thí sinh có chứng chỉ tiếng Anh quốc tế không được quy đổi sang điểm môn ngoại ngữ để xét tuyển theo phương thức xét học bạ. Thí sinh có thể sử dụng các chứng chỉ này để ĐKXT theo phương thức tuyển sinh riêng theo tiêu chí xét tuyển của từng cơ sở đào tạo thể hiện trong Đề án tuyển sinh năm 2024. Thông tin chi tiết, thí sinh tham khảo trên trang tuyển sinh của ĐHĐN tại địa chỉ: https://ts.udn.vn/ và trang thông tin của các cơ sở đào tạo.",,,
"Em muốn đăng ký xét tuyển học bạ vào ngành có môn thi năng khiếu của ĐHĐN, em có thể tìm hiểu thông tin ở đâu ạ?","Đăng ký dự thi năng khiếu và đăng ký xét tuyển vào ngành có môn năng khiếu là 2 công việc độc lập. Thí sinh đăng ký dự thi năng khiếu theo hướng dẫn của trường tổ chức thi. Sau khi đăng ký dự thi năng khiếu, thí sinh cần đăng ký xét tuyển vào ngành có môn năng khiếu để được xét tuyển, linh đăng ký xét học bạ: https://ts.udn.vn/.

Thí sinh tham khảo thông tin về kỳ thi năng khiếu của các cơ sở đào tạo cụ thể như sau:

Trường ĐH Bách khoa tổ chức thi môn năng khiếu Vẽ Mỹ thuật để xét tuyển vào ngành Kiến trúc của Trường ĐH Bách khoa, thông tin tại link:
https://dut.udn.vn/Tuyensinh2024/Thongbao/id/9083.
Trường ĐH Sư phạm tổ chức thi các môn năng khiếu (hát, múa, kể chuyện, năng khiếu thể dục thể thao, hình họa chì, ... ) để xét tuyển vào ngành Sư phạm Âm nhạc, Sư phạm Mỹ thuật, Giáo dục Mầm non và Giáo dục thể chất của Trường ĐH Sư phạm, thông tin tại link:
https://tuyensinh.ued.udn.vn/thong-tin-tuyen-sinh/tieu-tuyen-sinh/thong-bao-dang-ky-du-thi-cac-mon-nang-khieu-trong-ky-tuyen-sinh-dai-hoc-chinh-quy-nam-2024-177.html.",,,
Trang web sinh viên của trường là gì?,Địa chỉ trang web: http://sv.dut.udn.vn/,,,
Có thể tìm kiếm các thông tin của trường ở đâu ? ,"Thông tin về Trường Đại học Bách khoa – Đại học Đà Nẵng (DUT)

Bạn có thể tìm kiếm các thông tin chính thức của Trường Đại học Bách khoa – Đại học Đà Nẵng thông qua các kênh sau:

1. Trang web chính thức
Website: https://dut.udn.vn
Đây là nơi cung cấp đầy đủ thông tin về tuyển sinh, chương trình đào tạo, lịch học, tin tức sự kiện và các thông báo quan trọng từ nhà trường.

2. Mạng xã hội
Facebook fanpage chính thức: https://www.facebook.com/bachkhoaDUT
Fanpage thường xuyên cập nhật các thông báo, sự kiện, hoạt động sinh viên và tương tác với cộng đồng.

3. Thông tin liên hệ
Địa chỉ: 54 Nguyễn Lương Bằng, phường Hòa Khánh Bắc, quận Liên Chiểu, TP. Đà Nẵng

Số điện thoại: 0236 3842308 hoặc 0236 3620999

Email: tuyensinhbkdn@dut.udn.vn

4. Tuyển sinh năm 2025
Dự kiến tuyển sinh với 3.900 chỉ tiêu.

Mở mới 2 chuyên ngành: Quản lý Năng lượng và Xây dựng đường sắt – Metro.

Áp dụng 6 phương thức xét tuyển:

Xét tuyển thẳng

Xét học bạ THPT

Xét điểm kỳ thi THPT Quốc gia

Xét điểm kỳ thi đánh giá năng lực

Xét tuyển kết hợp

Xét tuyển theo đề án riêng của trường

5. Chương trình đào tạo
Trường đào tạo các bậc học: Đại học, Thạc sĩ, Tiến sĩ.

Các khoa nổi bật: Cơ khí, Công nghệ Thông tin, Cơ khí Giao thông, Điện – Điện tử, Xây dựng, Môi trường, v.v.

Có các chương trình đào tạo chất lượng cao, tiên tiến, và liên kết quốc tế với các trường đại học tại Pháp, Úc, Nhật Bản,...",,,
Tôi có thể liên lạc ở đâu để có thể cấp lại thẻ sinh viên nếu mất ? ,"Nếu bạn bị mất thẻ sinh viên, hãy thực hiện các bước sau để được cấp lại:

1. Đăng ký trực tuyến
Truy cập: https://sv.dut.udn.vn

Đăng nhập vào tài khoản cá nhân.

Chọn mục: “Đề nghị Trường” → “Cấp lại thẻ sinh viên”.

Điền thông tin theo mẫu và lưu đề nghị.

2. Chuẩn bị hồ sơ
In đơn đề nghị đã đăng ký trực tuyến.

Dán ảnh 3x4 vào đơn (ảnh mới chụp, nền trắng).

Mang theo: Chứng minh nhân dân/Căn cước công dân hoặc giấy tờ tùy thân hợp lệ.

3. Nộp hồ sơ trực tiếp
Địa điểm: Phòng Công tác Sinh viên, phòng A108, bàn số 2, Khu Hành chính Một cửa.

Thời gian làm việc: Giờ hành chính các ngày trong tuần.",,,
Tôi có thể nộp học phí ở đâu ? ,"1. Nộp học phí qua ngân hàng
Chuyển khoản trực tiếp vào tài khoản của trường:
Tên đơn vị hưởng: Trường Đại học Bách khoa – Đại học Đà Nẵng
Số tài khoản: 681604397999
Ngân hàng: Ngân hàng TMCP Công Thương Việt Nam (VietinBank) – Chi nhánh Ngũ Hành Sơn

Nội dung chuyển khoản: Họ và tên, Mã sinh viên, HP HKI NH23.24
Ví dụ: Nguyễn Văn A, 101170271, HP HKI NH23.24
Lưu ý: Nếu bạn muốn nộp 100% học phí thay vì theo từng đợt, bạn có thể thực hiện chuyển khoản toàn bộ số tiền vào tài khoản trên. 
2. Nộp học phí qua tài khoản sinh viên
Trường có thể cấp cho sinh viên một tài khoản ngân hàng liên kết để thu học phí. Trong trường hợp này, bạn có thể nộp tiền vào tài khoản đó, và ngân hàng sẽ tự động thu học phí theo lịch trình của trường.

3. Nộp học phí trực tiếp tại trường
Bạn có thể đến Phòng Kế hoạch – Tài chính của trường để nộp học phí trực tiếp.

Địa chỉ: 54 Nguyễn Lương Bằng, phường Hòa Khánh Bắc, quận Liên Chiểu, TP. Đà Nẵng

Phòng Kế hoạch – Tài chính: Phòng A108, bàn số 2, Khu Hành chính Một cửa

Thời gian làm việc: Giờ hành chính các ngày trong tuần

4. Lưu ý về lịch thu học phí
Trường thực hiện thu học phí cho mỗi học kỳ chính trong 2 đợt:

Đợt 1: 60% học phí, thu vào tuần thứ 6–7 của học kỳ

Đợt 2: 40% còn lại, thu vào tuần thứ 10–11 của học kỳ
Đại học Bách khoa Đà Nẵng

Đối với học kỳ hè, học phí được thu một lần (100%) vào tuần thứ 3–4 của học kỳ hè. ",,,
Tôi có thể tra cứu thời khóa biểu ở đâu?,Bạn có thể truy cập https://sv.dut.udn.vn để tra cứu thời khóa biểu.,,,
Mất thẻ sinh viên thì làm sao để được cấp lại?,"Bạn cần đăng nhập vào https://sv.dut.udn.vn, chọn mục “Cấp lại thẻ sinh viên”, in đơn, dán ảnh và nộp tại phòng A108 – Phòng Công tác Sinh viên.",,,
Bằng tốt nghiệp của DUT có giá trị như thế nào?,"Bằng tốt nghiệp do Đại học Đà Nẵng cấp, có giá trị toàn quốc và được công nhận quốc tế. Nhiều chương trình đạt kiểm định ABET, AUN-QA.",,,
Sau khi tốt nghiệp có được giới thiệu việc làm không?,"Trường có Trung tâm Hỗ trợ sinh viên và Quan hệ doanh nghiệp giúp sinh viên tìm việc qua các hội thảo, ngày hội việc làm, liên kết doanh nghiệp.",,,
"Khi gặp khó khăn về học tập hoặc tâm lý, tôi có thể liên hệ ai?",Bạn có thể liên hệ Phòng Công tác Sinh viên hoặc Trung tâm Tư vấn Hỗ trợ Sinh viên tại trường.,,,
Tôi có thể tìm các biểu mẫu ở đâu ? ,Có thể tìm trong trang sinh viên hoặc ở website https://dut.udn.vn/Phong/CTSV/Gioithieu/id/1077 ,,,
Tôi có thể xem các tin tức về phòng công tác sinh viên ở đâu ? ,Có thể tìm thấy ở website https://dut.udn.vn/Phong/CTSV/Tintucds/gid/40,,,
Tổ chức nhân sự của phong công tác sinh viên  ? ,Có thể xem tại website https://dut.udn.vn/Phong/CTSV/Gioithieu/id/6877,,,
Quy trình cấp lại mật khẩu sinh viên ? ,"1. Để cấp lại mật khẩu website trang sv.dut.udn.vn, sinh viên dùng email trường cấp gửi về địa chỉ mail hc1csv@dut.udn.vn với nội dung như sau:

- Tiêu đề: Hỗ trợ cấp lại mật khẩu trang sv.dut.udn.vn

- Nội dung: Họ và tên SV, Số thẻ SV, chụp ảnh CMND/CCCD, thẻ SV ( đối với sinh viên đã có thẻ) hỗ trợ cấp lại mật khẩu trang sv.dut.udn.vn",,,
Quy trình kích hoạt email sinh viên ? ,"Để kích hoạt email Trường cấp, sinh viên truy cập vào trang sv.dut.udn.vn vào phần “Đề nghị Trường”, sau đó chọn Hỗ trợ tài khoản Email, LMS rồi chọn Tài khoản Office365 Trường cấp, sinh viên tiến hành tạo đề nghị mới và xác nhận. Sinh viên nhận mật khẩu email trường cấp tại phần phản hồi của nhà Trường.",,,
 QUY TRÌNH CẤP GIẤY XÁC NHẬN SINH VIÊN ĐỂ HOÃN NGHĨA VỤ QUÂN SỰ/ VAY VỐN/ BẢNG ĐIỂM HỌC TẬP/ BẢNG ĐIỂM RÈN LUYỆN,"Bước 1: Sinh viên đăng nhập vào tài khoản cá nhân trên website:

http://sv.dut.udn.vn/

Bước 2: Sinh viên chọn mục “đề nghị cấp xác nhận” trên thanh menu, sau đó chọn loại giấy xác nhận: Xác nhận hoãn nghĩa vụ quân sự/ Xác nhận sinh viên vay vốn/ Xác nhận sinh viên/ Bảng điểm học tập, Bảng điểm rèn luyện, chọn số lượng, và nhấn “lưu đề nghị”, giấy xác nhận của sinh viên sẽ được xác lập ở bảng phía dưới. Sinh viên chọn nút “Khẳng định” để hoàn tất quá trình đăng ký. Nếu sinh viên không đăng ký được thì có 02 cách:

- Liên hệ Phòng Đào tạo để được xử lý phần đăng ký

- Trong trường hợp Phòng Đào tạo không xử lý thì liên hệ trực tiếp với chuyên viên tương ứng với từng bàn công việc phụ trách tại Khu Hành chính 01 cửa để được hướng dẫn trực tiếp các loại giấy tờ xác nhận.

Bước 3: Sau khi đơn của sinh viên hiện lên dấu (x) ở ô Đã xử lý, sau 02 ngày sinh viên mang thẻ sinh viên đến Khu Hành chính 01 cửa để nhận Giấy xác nhận mà mình đăng ký.

- Khu Hành chính một cửa trả các loại giấy xác nhận vào các ngày thứ 2,4,6 trong tuần, thứ 3,5 xử lý các văn bản trực tiếp.",,,
"Các lưu ý khi đăng ký giấy xác nhận sinh viên, bảng điểm ? ","1. Giấy xác nhận vay vốn: dùng để vay vốn, không cần điền thông tin thêm.

2. Giấy xác nhận hoãn nghĩa vụ quân sự: dùng để hoãn nghĩa vụ quân sự, không cần điền thông tin thêm.

3. Giấy xác nhận sinh viên (ngoại trừ giấy vay vốn và hoãn nghĩa vụ quân sự): dùng để đăng ký các trường hợp khác, ghi vào mục thông tin thêm. Ví dụ như: giảm thuế thu nhập cá nhân cho người thân, bổ sung hồ sơ cá nhân tại địa phương, bổ sung hồ sơ nhận trợ cấp, đăng ký thi tiếng anh ( trong trường hợp sinh viên mất thẻ chưa làm lại kịp) ...

4. Bảng điểm học kỳ: cần điền vô mục thông tin thêm. Ví dụ: học kỳ I năm học 2018 – 2019,...

5. Bảng điểm năm học: cần điền năm học vào mục thông tin thêm. Ví dụ: năm học 2019 – 2020...

6. Bảng điểm quá trình: không cần điền thông tin thêm.

7. Các vấn đề liên quan cần hỗ trợ như: học phí, trùng lịch học, chuyển điểm, phúc khảo…sinh viên đặt câu hỏi trên trang fr.dut.udn.vn, chọn phòng chức năng tương ứng với nội dung cần hỗ trợ, cán bộ phụ trách sẽ phản hồi trực tiếp đến sinh viên, hộp mail khu hc1c chỉ xử lý những nội dung liên quan đến Phòng CTSV và hỗ trợ mật khẩu.",,,
Có thể xem các quy trình ISO ở đâu ? ,Các quy trình ISO đều được thông báo ở website https://dut.udn.vn/Phong/CTSV/Gioithieu/id/9738,,,
Làm thế nào để tra cứu văn bản pháp quy  của truờng ? ,Có thể tìm kiếm ở website https://dut.udn.vn/VanbanPhapquy,,,
Làm sao để trả cứa các đề tài nghiên cứu khoa học của trường ? ,Các thông tin về nghiên cứu khoa học đều được thông báo ở https://dut.udn.vn/Phong/Khoahoc/Thongbaods/gid/301,,,
Cơ cấu nhân sự của phòng khoa học công nghệ của trường ? ,Bảng phân công công việc của phòng được thông báo ở https://dut.udn.vn/Phong/KhoaHoc/Gioithieu/id/1046,,,
Các thông tin nổi bật của nghiên cứu khoa học công nghệ được thông báo ở đâu ?,Đều được thông báo ở website https://dut.udn.vn/Phong/KhoaHoc/Thongbaods/gid/69,,,
Các đợt tốt nghiệp của trường đại học bách khoa đà nẵng,"Trường Đại học Bách khoa – Đại học Đà Nẵng tổ chức các đợt xét công nhận tốt nghiệp và cấp bằng cho sinh viên theo từng đợt trong năm. Mới đây, vào ngày 27/02/2025, trường đã tổ chức họp Hội đồng xét công nhận tốt nghiệp và cấp bằng thạc sĩ đợt 1 năm 2025 . Ngoài ra, theo kế hoạch đào tạo năm học 2024-2025, trường dự kiến tổ chức các đợt xét tốt nghiệp vào tháng 5 và tháng 9 năm 2025 .",,,
Hồ sơ để xét tốt nghiệp ,"Hồ sơ để xét tốt nghiệp tại Trường Đại học Bách khoa – Đại học Đà Nẵng

1. Hồ sơ cần nộp:

Đơn xin xét tốt nghiệp: Sinh viên cần điền đầy đủ thông tin vào mẫu đơn do trường cung cấp.

Bản sao chứng thực các giấy tờ sau:

Chứng minh nhân dân hoặc căn cước công dân.

Giấy khai sinh.

Bằng tốt nghiệp trung học phổ thông hoặc tương đương.

Bảng điểm toàn khóa học.

Giấy chứng nhận hoàn thành học phần thực tập (nếu có).

Chứng chỉ ngoại ngữ: Cung cấp bản sao chứng chỉ ngoại ngữ đạt yêu cầu theo quy định của trường.

Chứng chỉ tin học: Cung cấp bản sao chứng chỉ tin học đạt yêu cầu theo quy định của trường.

Giấy xác nhận nghĩa vụ quân sự: Đối với nam sinh viên, cần nộp giấy xác nhận đã hoàn thành nghĩa vụ quân sự hoặc giấy tạm hoãn nghĩa vụ quân sự.

2. Điều kiện xét tốt nghiệp:

Tích lũy đủ số tín chỉ theo chương trình đào tạo.

Điểm trung bình chung (GPA) đạt yêu cầu tối thiểu của trường.

Hoàn thành đầy đủ các học phần bắt buộc, bao gồm thực tập, đồ án tốt nghiệp, và các học phần tự chọn.

Không bị truy cứu trách nhiệm hình sự hoặc đang trong thời gian bị kỷ luật ở mức đình chỉ học tập.

Đạt yêu cầu về ngoại ngữ và tin học theo quy định của trường.

3. Thời gian nộp hồ sơ:
Sinh viên cần nộp hồ sơ xét tốt nghiệp theo các đợt do trường thông báo. Thông thường, các đợt xét tốt nghiệp được tổ chức vào các tháng trong năm, tùy thuộc vào kế hoạch đào tạo của trường. Để biết thông tin cụ thể về thời gian nộp hồ sơ và các đợt xét tốt nghiệp, sinh viên nên theo dõi thông báo trên trang web chính thức của trường hoặc liên hệ trực tiếp với Phòng Đào tạo.

4. Nơi nộp hồ sơ:
Phòng Đào tạo của trường.
Địa chỉ: Trường Đại học Bách khoa – Đại học Đà Nẵng, số 54 Nguyễn Lương Bằng, phường Hòa Khánh Bắc, quận Liên Chiểu, thành phố Đà Nẵng.

5. Liên hệ hỗ trợ:

Điện thoại: (+84) 0236 3842308

Email: dt.dhbk@dut.udn.vn",,,
Đăng ký tín chỉ tại Trường Đại học Bách khoa – Đại học Đà Nẵng,"Đăng ký tín chỉ trực tuyến:

Website chính thức: dkX.dut.udn.vn với X là năm học của bạn
Trang web này được phân chia theo năm học, giúp sinh viên dễ dàng đăng ký các học phần phù hợp với trình độ của mình.

Hướng dẫn chi tiết: Trường cung cấp hướng dẫn cụ thể về quy trình đăng ký tín chỉ, bao gồm các giai đoạn như đăng ký theo nhóm, đăng ký chính thức và điều chỉnh học phần.

Các giai đoạn đăng ký tín chỉ:

Đăng ký theo nhóm: Sinh viên đăng ký nhóm học theo ngành hoặc chương trình đào tạo.

Đăng ký chính thức: Sinh viên đăng ký các học phần cụ thể cho học kỳ tiếp theo.

Điều chỉnh học phần: Sinh viên có thể thêm hoặc bớt học phần trong thời gian quy định.

Lưu ý quan trọng:

Khối lượng tín chỉ: Mỗi học kỳ, sinh viên cần đăng ký từ 12 đến 24 tín chỉ, tùy thuộc vào chương trình đào tạo và tiến độ học tập.

Điều kiện đăng ký: Sinh viên cần đảm bảo đã hoàn thành các học phần trước đó và không vi phạm các quy định học vụ.

Học phí: Học phí được tính theo số tín chỉ sinh viên đăng ký trong mỗi học kỳ.

Hỗ trợ và liên hệ:

Phòng Đào tạo: (+84) 0236 3842308

Email: dt.dhbk@dut.udn.vn
",,,
Khi nào thì bị giới hạn tín chỉ học phần ,"Giới hạn tín chỉ học phần là gì?
Giới hạn tín chỉ học phần là mức tối đa hoặc tối thiểu số tín chỉ mà sinh viên được phép đăng ký trong một học kỳ nhằm đảm bảo chất lượng học tập và tiến độ đào tạo.

Các trường hợp bị giới hạn tín chỉ học phần:

Sinh viên có điểm trung bình học kỳ trước thấp:
Sinh viên có điểm trung bình học kỳ trước dưới mức quy định (thường là dưới 2.0 hoặc 2.5 tùy ngành) sẽ bị giới hạn số tín chỉ được đăng ký trong học kỳ tiếp theo để tránh quá tải.

Sinh viên bị cảnh cáo học vụ:
Nếu sinh viên đang trong tình trạng cảnh cáo học vụ, số tín chỉ đăng ký sẽ bị giới hạn để đảm bảo sinh viên tập trung khắc phục kết quả học tập.

Sinh viên mới nhập học hoặc chuyển ngành:
Đôi khi sẽ có quy định giới hạn tín chỉ để sinh viên làm quen dần với chương trình đào tạo mới.

Quy định riêng theo ngành hoặc chương trình:
Một số ngành hoặc chương trình đào tạo có thể quy định riêng về số tín chỉ tối đa mỗi học kỳ.

Số tín chỉ tối đa thường bị giới hạn:
Thông thường, sinh viên bị giới hạn đăng ký không quá 12-15 tín chỉ trong một học kỳ nếu thuộc các trường hợp trên.

Lưu ý:
Sinh viên cần theo dõi thông báo và quy định cụ thể từ Phòng Đào tạo hoặc website của trường để nắm rõ mức giới hạn tín chỉ áp dụng cho từng học kỳ.",,,
tôi có thể làm thế nào để cải thiện GPA của tôi,"Cách cải thiện điểm trung bình học tập (GPA) tại Trường Đại học Bách khoa – Đại học Đà Nẵng

Lập kế hoạch học tập rõ ràng:

Xác định mục tiêu điểm số cho từng học phần.

Lên lịch học tập cụ thể, phân bổ thời gian hợp lý cho việc ôn tập và làm bài tập.

Tham gia đầy đủ các buổi học:

Tham gia đều đặn các tiết học, thảo luận và thực hành để nắm vững kiến thức.

Hỏi giảng viên khi gặp khó khăn hoặc chưa hiểu bài.

Ôn tập và làm bài tập thường xuyên:

Không để đến sát kỳ thi mới học, nên ôn tập đều đặn hàng tuần.

Làm bài tập và bài kiểm tra thử để củng cố kiến thức.

Tận dụng tài liệu và nguồn học tập bổ sung:

Sử dụng sách tham khảo, tài liệu điện tử, video giảng dạy và các khóa học online liên quan.

Tham gia nhóm học tập:

Học nhóm giúp trao đổi kiến thức, giải đáp thắc mắc và tăng động lực học tập.

Quản lý thời gian hiệu quả:

Tránh trì hoãn, ưu tiên các môn học khó hoặc có trọng số điểm cao.

Chăm sóc sức khỏe:

Giữ sức khỏe tốt để duy trì tinh thần học tập, ngủ đủ giấc và ăn uống hợp lý.

Tìm sự hỗ trợ khi cần:

Liên hệ giảng viên, cố vấn học tập hoặc phòng hỗ trợ sinh viên khi cần tư vấn hoặc giúp đỡ.",,,
Các khoa và thông tin liên hệ của mỗi khoa trong trường ?,"1. Khoa Công nghệ Nhiệt – Điện lạnh
Email: khoadienlanh@dut.udn.vn
Website: http://dienlanh.dut.udn.vn
Điện thoại: 0236.3736549
Địa chỉ: Phòng A, Tầng 2 - Khu A

2. Khoa Công nghệ Thông tin
Email: khoacntt@dut.udn.vn
Website: http://cntt.dut.udn.vn
Điện thoại: 0236.3736545
Địa chỉ: Phòng C, Tầng 1 - Khu C

3. Khoa Cơ khí
Email: khoacokhi@dut.udn.vn
Website: http://cokhi.dut.udn.vn
Điện thoại: 0236.3842471
Địa chỉ: Phòng A, Tầng 3 - Khu A

4. Khoa Cơ khí Giao thông
Email: khoacokhigiaothong@dut.udn.vn
Website: http://cokhigiaothong.dut.udn.vn
Điện thoại: 0236.3736549
Địa chỉ: Phòng A, Tầng 3 - Khu A

5. Khoa Điện
Email: khoadien@dut.udn.vn
Website: http://dien.dut.udn.vn
Điện thoại: 0236.3736549
Địa chỉ: Phòng A, Tầng 1 - Khu A

6. Khoa Điện tử - Viễn thông
Email: khoadientu@dut.udn.vn
Website: http://dientu.dut.udn.vn
Điện thoại: 0236.3736549
Địa chỉ: Phòng C, Tầng 1 - Khu C

7. Khoa Hóa
Email: khoahoa@dut.udn.vn
Website: http://hoa.dut.udn.vn
Điện thoại: 0236.3736549
Địa chỉ: Phòng A, Tầng 1 - Khu A

8. Khoa Kỹ thuật tài nguyên nước
Email: khoakttnn@dut.udn.vn
Website: http://kttnn.dut.udn.vn
Điện thoại: 0236.3736549
Địa chỉ: Phòng A, Tầng 3 - Khu A

9. Khoa Môi trường
Email: mtsh@dut.udn.vn
Website: http://moitruong.dut.udn.vn
Điện thoại: 0236.3736549
Địa chỉ: Phòng A, Tầng 3 - Khu A

10. Khoa Quản lý Dự án
Email: khoaqlda@dut.udn.vn
Website: http://qlda.dut.udn.vn
Điện thoại: 0236.3736549
Địa chỉ: Phòng A, Tầng 3 - Khu A

11. Khoa Sư phạm Kỹ thuật
Email: spkt@dut.udn.vn
Website: http://spkt.dut.udn.vn
Điện thoại: 0236.3736549
Địa chỉ: Phòng A, Tầng 1 - Khu A

12. Khoa Xây dựng Cầu đường
Email: khoacau@dut.udn.vn
Website: http://cauduong.dut.udn.vn
Điện thoại: 0236.3736549
Địa chỉ: Phòng A, Tầng 3 - Khu A

13. Khoa Xây dựng Dân dụng & Công nghiệp
Email: khoaxdd@dut.udn.vn
Website: http://xddcn.dut.udn.vn
Điện thoại: 0236.3736549
Địa chỉ: Phòng A, Tầng 3 - Khu A

14. Khoa Xây dựng Công trình Thủy
Email: khoaxdctt@dut.udn.vn
Website: http://xdctt.dut.udn.vn
Điện thoại: 0236.3841296
Địa chỉ: Phòng A, Tầng 3 - Khu A",,,
Sơ đồ của trường ? ,Bạn có thể xem sơ đồ của trường tại https://dut.udn.vn/Tintuc/GioiThieu/id/171,,,
Tôi có thể xem được các thông báo mới nhất của trường ở đâu ? ,Bạn có thể xem ở fanpage của trường hoặc là ở địa chỉ http://sv.dut.udn.vn/,,,
Phương thức tuyển sinh năm 2025,"Trường dự kiến tuyển 3.900 chỉ tiêu và mở mới 2 chuyên ngành: Quản lý Năng lượng, Xây dựng đường sắt - Metro. Tuyển sinh theo 6 phương thức:

Tuyển thẳng theo quy định của Bộ Giáo dục và Đào tạo.

Xét tuyển theo phương thức tuyển sinh riêng theo đề án của cơ sở đào tạo dành cho thí sinh tốt nghiệp THPT năm 2025.

Xét tuyển theo kết quả học tập THPT (xét tuyển học bạ).

Xét tuyển theo kết quả kỳ thi tốt nghiệp THPT.

Xét tuyển theo kết quả thi đánh giá năng lực do Đại học Quốc gia Thành phố Hồ Chí Minh tổ chức.

Xét tuyển theo kết quả đánh giá tư duy do Đại học Bách khoa Hà Nội tổ chức.",,,
Các Phòng chức năng của trường ,"Phòng Đào tạo: Quản lý chương trình đào tạo, kế hoạch giảng dạy và các hoạt động liên quan đến học vụ.

Phòng Công tác Sinh viên: Hỗ trợ sinh viên trong các vấn đề về học bổng, hoạt động ngoại khóa, tư vấn tâm lý và hướng nghiệp.

Phòng Tổ chức – Hành chính: Quản lý nhân sự, hành chính và các công tác tổ chức nội bộ.

Phòng Kế hoạch – Tài chính: Quản lý ngân sách, tài chính và các hoạt động liên quan đến kế hoạch phát triển của trường.

Phòng Quản trị Thiết bị: Quản lý cơ sở vật chất, trang thiết bị và các dịch vụ kỹ thuật.

Phòng Khoa học – Công nghệ và Hợp tác Quốc tế: Quản lý các hoạt động nghiên cứu khoa học, chuyển giao công nghệ và hợp tác với các đối tác trong và ngoài nước.",,,
Các Khoa chuyên môn,"Trường có nhiều khoa chuyên môn, mỗi khoa phụ trách đào tạo và nghiên cứu trong lĩnh vực tương ứng. Một số khoa tiêu biểu bao gồm:

Khoa Công nghệ Thông tin

Khoa Cơ khí

Khoa Điện

Khoa Hóa

Khoa Xây dựng Dân dụng và Công nghiệp

Khoa Môi trường

Khoa Quản lý Dự án",,,
Các Trung tâm và Viện nghiên cứu,"Trường có các trung tâm và viện nghiên cứu nhằm thúc đẩy hoạt động nghiên cứu khoa học và chuyển giao công nghệ, bao gồm:

Trung tâm Nghiên cứu và Phát triển Công nghệ

Viện Công nghệ Sinh học

Trung tâm Hợp tác Đào tạo và Tư vấn Kỹ thuật",,,
Điểm chuẩn năm 2024 ngành Công nghệ sinh học,Điểm chuẩn năm 2024 ngành Công nghệ sinh học – 23.10,,,
"Điểm chuẩn năm 2024 ngành Công nghệ sinh học, chuyên ngành Công nghệ sinh học Y Dược ","Điểm chuẩn năm 2024 ngành Công nghệ sinh học, chuyên ngành Công nghệ sinh học Y Dược – 23.50",,,
Điểm chuẩn năm 2024 ngành Kỹ thuật máy tính,Điểm chuẩn năm 2024 ngành Kỹ thuật máy tính – 25.82,,,
Điểm chuẩn năm 2024 ngành Hệ thống nhúng và IoT (Chương trình tiên tiến Việt-Mỹ),Điểm chuẩn năm 2024 ngành Hệ thống nhúng và IoT (Chương trình tiên tiến Việt-Mỹ) – 23.80,,,
Điểm chuẩn năm 2024 ngành Công nghệ thông tin (Đặc thù - Hợp tác doanh nghiệp) ,Điểm chuẩn năm 2024 ngành Công nghệ thông tin (Đặc thù - Hợp tác doanh nghiệp) – 25.86,,,
Điểm chuẩn năm 2024 ngành Công nghệ thông tin (ngoại ngữ Nhật) ,Điểm chuẩn năm 2024 ngành Công nghệ thông tin (ngoại ngữ Nhật) – 25.50,,,
"Điểm chuẩn năm 2024 ngành Công nghệ thông tin, chuyên ngành Khoa học dữ liệu và Trí tuệ nhân tạo","Điểm chuẩn năm 2024 ngành Công nghệ thông tin, chuyên ngành Khoa học dữ liệu và Trí tuệ nhân tạo – 27.11",,,
Điểm chuẩn năm 2024 ngành Công nghệ kỹ thuật vật liệu xây dựng ,Điểm chuẩn năm 2024 ngành Công nghệ kỹ thuật vật liệu xây dựng – 22.00,,,
Điểm chuẩn năm 2024 ngành Công nghệ chế tạo máy ,Điểm chuẩn năm 2024 ngành Công nghệ chế tạo máy – 23.50,,,
"Điểm chuẩn năm 2024 ngành Kỹ thuật Cơ khí, chuyên ngành Cơ khí động lực","Điểm chuẩn năm 2024 ngành Kỹ thuật Cơ khí, chuyên ngành Cơ khí động lực – 24.10",,,
"Điểm chuẩn năm 2024 ngành Kỹ thuật Cơ khí, chuyên ngành Cơ khí hàng không ","Điểm chuẩn năm 2024 ngành Kỹ thuật Cơ khí, chuyên ngành Cơ khí hàng không – 24.85",,,
Điểm chuẩn năm 2024 ngành Kỹ thuật Cơ điện tử ,Điểm chuẩn năm 2024 ngành Kỹ thuật Cơ điện tử – 25.35,,,
Điểm chuẩn năm 2024 ngành Kỹ thuật Nhiệt,Điểm chuẩn năm 2024 ngành Kỹ thuật Nhiệt – 22.25,,,
Điểm chuẩn năm 2024 ngành Kỹ thuật Hệ thống công nghiệp,Điểm chuẩn năm 2024 ngành Kỹ thuật Hệ thống công nghiệp – 20.00,,,
Điểm chuẩn năm 2024 ngành Kỹ thuật Tàu thủy ,Điểm chuẩn năm 2024 ngành Kỹ thuật Tàu thủy – 20.15,,,
Điểm chuẩn năm 2024 ngành Kỹ thuật Ô tô ,Điểm chuẩn năm 2024 ngành Kỹ thuật Ô tô – 25.36,,,
Điểm chuẩn năm 2024 ngành Kỹ thuật Điện,Điểm chuẩn năm 2024 ngành Kỹ thuật Điện – 24.25,,,
Điểm chuẩn năm 2024 ngành Kỹ thuật Điện tử – Viễn thông ,Điểm chuẩn năm 2024 ngành Kỹ thuật Điện tử – Viễn thông – 25.14,,,
"Điểm chuẩn năm 2024 ngành Kỹ thuật Điện tử – Viễn thông, chuyên ngành Vi điện tử – Thiết kế vi mạch ","Điểm chuẩn năm 2024 ngành Kỹ thuật Điện tử – Viễn thông, chuyên ngành Vi điện tử – Thiết kế vi mạch – 26.31",,,
Điểm chuẩn năm 2024 ngành Kỹ thuật Điện tử – Viễn thông (Chương trình tiên tiến Việt-Mỹ) ,Điểm chuẩn năm 2024 ngành Kỹ thuật Điện tử – Viễn thông (Chương trình tiên tiến Việt-Mỹ) – 23.00,,,
Điểm chuẩn năm 2024 ngành Kỹ thuật Điều khiển và Tự động hóa,Điểm chuẩn năm 2024 ngành Kỹ thuật Điều khiển và Tự động hóa – 26.00,,,
Điểm chuẩn năm 2024 ngành Kỹ thuật Hóa học ,Điểm chuẩn năm 2024 ngành Kỹ thuật Hóa học – 23.05,,,
Điểm chuẩn năm 2024 ngành Kỹ thuật Môi trường,Điểm chuẩn năm 2024 ngành Kỹ thuật Môi trường – 18.00,,,
Điểm chuẩn năm 2024 ngành Công nghệ Thực phẩm ,Điểm chuẩn năm 2024 ngành Công nghệ Thực phẩm – 22.40,,,
Điểm chuẩn năm 2024 ngành Kiến trúc ,Điểm chuẩn năm 2024 ngành Kiến trúc – 22.10,,,
"Điểm chuẩn năm 2024 ngành Kỹ thuật Xây dựng, chuyên ngành Xây dựng dân dụng và công nghiệp ","Điểm chuẩn năm 2024 ngành Kỹ thuật Xây dựng, chuyên ngành Xây dựng dân dụng và công nghiệp – 18.50",,,
"Điểm chuẩn năm 2024 ngành Kỹ thuật Xây dựng, chuyên ngành Tin học xây dựng ","Điểm chuẩn năm 2024 ngành Kỹ thuật Xây dựng, chuyên ngành Tin học xây dựng – 17.05",,,
"Điểm chuẩn năm 2024 ngành Kỹ thuật Xây dựng, chuyên ngành Kỹ thuật và quản lý xây dựng đô thị thông minh","Điểm chuẩn năm 2024 ngành Kỹ thuật Xây dựng, chuyên ngành Kỹ thuật và quản lý xây dựng đô thị thông minh – 17.05",,,
"Điểm chuẩn năm 2024 ngành Kỹ thuật Xây dựng, chuyên ngành Mô hình thông tin và trí tuệ nhân tạo trong xây dựng ","Điểm chuẩn năm 2024 ngành Kỹ thuật Xây dựng, chuyên ngành Mô hình thông tin và trí tuệ nhân tạo trong xây dựng – 17.20",,,
Điểm chuẩn năm 2024 ngành Kỹ thuật Xây dựng công trình thủy ,Điểm chuẩn năm 2024 ngành Kỹ thuật Xây dựng công trình thủy – 17.65,,,
Điểm chuẩn năm 2024 ngành Kỹ thuật Xây dựng công trình giao thông ,Điểm chuẩn năm 2024 ngành Kỹ thuật Xây dựng công trình giao thông – 18.35,,,
Điểm chuẩn năm 2024 ngành Kinh tế Xây dựng ,Điểm chuẩn năm 2024 ngành Kinh tế Xây dựng – 21.60,,,
Điểm chuẩn năm 2024 ngành Quản lý Tài nguyên và Môi trường ,Điểm chuẩn năm 2024 ngành Quản lý Tài nguyên và Môi trường – 18.45,,,
Điểm chuẩn năm 2024 ngành Chương trình đào tạo kỹ sư chất lượng cao Việt - Pháp (PFIEV),Điểm chuẩn năm 2024 ngành Chương trình đào tạo kỹ sư chất lượng cao Việt - Pháp (PFIEV) – 22.35,,,
Điểm chuẩn năm 2024 ngành Kỹ thuật Y sinh ,Điểm chuẩn năm 2024 ngành Kỹ thuật Y sinh – 23.50,,,
Điểm chuẩn năm 2024 ngành Kỹ thuật Robot và Trí tuệ nhân tạo ,Điểm chuẩn năm 2024 ngành Kỹ thuật Robot và Trí tuệ nhân tạo – 25.90,,,
Điểm chuẩn năm 2024 ngành Kỹ thuật Hàng không,Điểm chuẩn năm 2024 ngành Kỹ thuật Hàng không – 24.70,,,
Điểm chuẩn năm 2024 ngành Kỹ thuật Năng lượng tái tạo ,Điểm chuẩn năm 2024 ngành Kỹ thuật Năng lượng tái tạo – 22.80,,,
Điểm chuẩn năm 2024 ngành Kỹ thuật Vật liệu tiên tiến ,Điểm chuẩn năm 2024 ngành Kỹ thuật Vật liệu tiên tiến – 23.20,,,
